model,lr,seed,fold,dir,kind,group,root,rel,path,src_path,file_path,val_auc,val_loss,test_path,serotype,roc_auc,pr_auc,f1,accuracy,mcc
blosum,e3,s100,0,plots_ql,plots,ql,260905/9_blosum_rerun/5_ms,260905/9_blosum_rerun/5_ms/plots_ql/e3_s100/pred-blosum_fold0.csv,260905/9_blosum_rerun/5_ms/plots_ql/e3_s100/pred-blosum_fold0.csv,/home/hwjang/project/260905/9_blosum_rerun/5_ms/plots_ql/e3_s100/pred-blosum_fold0.csv,260905/9_blosum_rerun/5_ms/plots_ql/e3_s100/pred-blosum_fold0.csv,,,dataset/ms_ql/test.csv,DR,0.9304190037650046,0.8222342812253484,0.7345956003064463,0.882697237943211,0.6635554617656368
blosum,e3,s100,0,plots_ql,plots,ql,260905/9_blosum_rerun/5_ms,260905/9_blosum_rerun/5_ms/plots_ql/e3_s100/pred-blosum_fold0.csv,260905/9_blosum_rerun/5_ms/plots_ql/e3_s100/pred-blosum_fold0.csv,/home/hwjang/project/260905/9_blosum_rerun/5_ms/plots_ql/e3_s100/pred-blosum_fold0.csv,260905/9_blosum_rerun/5_ms/plots_ql/e3_s100/pred-blosum_fold0.csv,,,dataset/ms_ql/test.csv,DP,0.9773706117540396,0.9939954065963346,0.9604639764744324,0.9370611183355008,0.806741058209196
blosum,e3,s100,0,plots_ql,plots,ql,260905/9_blosum_rerun/5_ms,260905/9_blosum_rerun/5_ms/plots_ql/e3_s100/pred-blosum_fold0.csv,260905/9_blosum_rerun/5_ms/plots_ql/e3_s100/pred-blosum_fold0.csv,/home/hwjang/project/260905/9_blosum_rerun/5_ms/plots_ql/e3_s100/pred-blosum_fold0.csv,260905/9_blosum_rerun/5_ms/plots_ql/e3_s100/pred-blosum_fold0.csv,,,dataset/ms_ql/test.csv,DQ,0.971572746734149,0.9564126580219714,0.8758260869565218,0.9173419773095624,0.8174505356506506
blosum,e3,s100,0,plots_ql,plots,ql,260905/9_blosum_rerun/5_ms,260905/9_blosum_rerun/5_ms/plots_ql/e3_s100/pred-blosum_fold0.csv,260905/9_blosum_rerun/5_ms/plots_ql/e3_s100/pred-blosum_fold0.csv,/home/hwjang/project/260905/9_blosum_rerun/5_ms/plots_ql/e3_s100/pred-blosum_fold0.csv,260905/9_blosum_rerun/5_ms/plots_ql/e3_s100/pred-blosum_fold0.csv,,,dataset/ms_ql/test.csv,H2,0.8538069668181194,0.9077732923990064,0.8373435996150145,0.7908415841584159,0.5482081518515237
blosum,e3,s100,1,plots_ql,plots,ql,260905/9_blosum_rerun/5_ms,260905/9_blosum_rerun/5_ms/plots_ql/e3_s100/pred-blosum_fold1.csv,260905/9_blosum_rerun/5_ms/plots_ql/e3_s100/pred-blosum_fold1.csv,/home/hwjang/project/260905/9_blosum_rerun/5_ms/plots_ql/e3_s100/pred-blosum_fold1.csv,260905/9_blosum_rerun/5_ms/plots_ql/e3_s100/pred-blosum_fold1.csv,,,dataset/ms_ql/test.csv,DR,0.9443208606886528,0.8603647426033433,0.7749815731283564,0.8966284525709863,0.708996687746798
blosum,e3,s100,1,plots_ql,plots,ql,260905/9_blosum_rerun/5_ms,260905/9_blosum_rerun/5_ms/plots_ql/e3_s100/pred-blosum_fold1.csv,260905/9_blosum_rerun/5_ms/plots_ql/e3_s100/pred-blosum_fold1.csv,/home/hwjang/project/260905/9_blosum_rerun/5_ms/plots_ql/e3_s100/pred-blosum_fold1.csv,260905/9_blosum_rerun/5_ms/plots_ql/e3_s100/pred-blosum_fold1.csv,,,dataset/ms_ql/test.csv,DP,0.9828815138507702,0.9955965305591924,0.968765251342118,0.9500650195058518,0.8444172787035791
blosum,e3,s100,1,plots_ql,plots,ql,260905/9_blosum_rerun/5_ms,260905/9_blosum_rerun/5_ms/plots_ql/e3_s100/pred-blosum_fold1.csv,260905/9_blosum_rerun/5_ms/plots_ql/e3_s100/pred-blosum_fold1.csv,/home/hwjang/project/260905/9_blosum_rerun/5_ms/plots_ql/e3_s100/pred-blosum_fold1.csv,260905/9_blosum_rerun/5_ms/plots_ql/e3_s100/pred-blosum_fold1.csv,,,dataset/ms_ql/test.csv,DQ,0.9745593789833896,0.960545501339936,0.8914323086984958,0.9231303542486686,0.8319508691622282
blosum,e3,s100,1,plots_ql,plots,ql,260905/9_blosum_rerun/5_ms,260905/9_blosum_rerun/5_ms/plots_ql/e3_s100/pred-blosum_fold1.csv,260905/9_blosum_rerun/5_ms/plots_ql/e3_s100/pred-blosum_fold1.csv,/home/hwjang/project/260905/9_blosum_rerun/5_ms/plots_ql/e3_s100/pred-blosum_fold1.csv,260905/9_blosum_rerun/5_ms/plots_ql/e3_s100/pred-blosum_fold1.csv,,,dataset/ms_ql/test.csv,H2,0.8617857634586259,0.9087324023556343,0.8631006346328196,0.8131188118811881,0.5710042847503318
blosum,e3,s100,2,plots_ql,plots,ql,260905/9_blosum_rerun/5_ms,260905/9_blosum_rerun/5_ms/plots_ql/e3_s100/pred-blosum_fold2.csv,260905/9_blosum_rerun/5_ms/plots_ql/e3_s100/pred-blosum_fold2.csv,/home/hwjang/project/260905/9_blosum_rerun/5_ms/plots_ql/e3_s100/pred-blosum_fold2.csv,260905/9_blosum_rerun/5_ms/plots_ql/e3_s100/pred-blosum_fold2.csv,,,dataset/ms_ql/test.csv,DR,0.9340501321264184,0.8356650990675005,0.7469447956173619,0.8838098002225124,0.6726482078586999
blosum,e3,s100,2,plots_ql,plots,ql,260905/9_blosum_rerun/5_ms,260905/9_blosum_rerun/5_ms/plots_ql/e3_s100/pred-blosum_fold2.csv,260905/9_blosum_rerun/5_ms/plots_ql/e3_s100/pred-blosum_fold2.csv,/home/hwjang/project/260905/9_blosum_rerun/5_ms/plots_ql/e3_s100/pred-blosum_fold2.csv,260905/9_blosum_rerun/5_ms/plots_ql/e3_s100/pred-blosum_fold2.csv,,,dataset/ms_ql/test.csv,DP,0.9837558248418288,0.9959448280978364,0.9655446805124532,0.9436931079323796,0.816331166461329
blosum,e3,s100,2,plots_ql,plots,ql,260905/9_blosum_rerun/5_ms,260905/9_blosum_rerun/5_ms/plots_ql/e3_s100/pred-blosum_fold2.csv,260905/9_blosum_rerun/5_ms/plots_ql/e3_s100/pred-blosum_fold2.csv,/home/hwjang/project/260905/9_blosum_rerun/5_ms/plots_ql/e3_s100/pred-blosum_fold2.csv,260905/9_blosum_rerun/5_ms/plots_ql/e3_s100/pred-blosum_fold2.csv,,,dataset/ms_ql/test.csv,DQ,0.9649480497887896,0.9467424029200884,0.8483362521891419,0.8997453114146793,0.7778372093867053
blosum,e3,s100,2,plots_ql,plots,ql,260905/9_blosum_rerun/5_ms,260905/9_blosum_rerun/5_ms/plots_ql/e3_s100/pred-blosum_fold2.csv,260905/9_blosum_rerun/5_ms/plots_ql/e3_s100/pred-blosum_fold2.csv,/home/hwjang/project/260905/9_blosum_rerun/5_ms/plots_ql/e3_s100/pred-blosum_fold2.csv,260905/9_blosum_rerun/5_ms/plots_ql/e3_s100/pred-blosum_fold2.csv,,,dataset/ms_ql/test.csv,H2,0.8814608288585984,0.9297822923546152,0.8656447249774571,0.8155940594059405,0.575169758035613
blosum,e3,s100,3,plots_ql,plots,ql,260905/9_blosum_rerun/5_ms,260905/9_blosum_rerun/5_ms/plots_ql/e3_s100/pred-blosum_fold3.csv,260905/9_blosum_rerun/5_ms/plots_ql/e3_s100/pred-blosum_fold3.csv,/home/hwjang/project/260905/9_blosum_rerun/5_ms/plots_ql/e3_s100/pred-blosum_fold3.csv,260905/9_blosum_rerun/5_ms/plots_ql/e3_s100/pred-blosum_fold3.csv,,,dataset/ms_ql/test.csv,DR,0.934222350658805,0.8393005352790297,0.7403243243243244,0.8838098002225124,0.6685040026748473
blosum,e3,s100,3,plots_ql,plots,ql,260905/9_blosum_rerun/5_ms,260905/9_blosum_rerun/5_ms/plots_ql/e3_s100/pred-blosum_fold3.csv,260905/9_blosum_rerun/5_ms/plots_ql/e3_s100/pred-blosum_fold3.csv,/home/hwjang/project/260905/9_blosum_rerun/5_ms/plots_ql/e3_s100/pred-blosum_fold3.csv,260905/9_blosum_rerun/5_ms/plots_ql/e3_s100/pred-blosum_fold3.csv,,,dataset/ms_ql/test.csv,DP,0.98315303504133,0.9955900827630012,0.9688794994718452,0.9501950585175551,0.8442781949680951
blosum,e3,s100,3,plots_ql,plots,ql,260905/9_blosum_rerun/5_ms,260905/9_blosum_rerun/5_ms/plots_ql/e3_s100/pred-blosum_fold3.csv,260905/9_blosum_rerun/5_ms/plots_ql/e3_s100/pred-blosum_fold3.csv,/home/hwjang/project/260905/9_blosum_rerun/5_ms/plots_ql/e3_s100/pred-blosum_fold3.csv,260905/9_blosum_rerun/5_ms/plots_ql/e3_s100/pred-blosum_fold3.csv,,,dataset/ms_ql/test.csv,DQ,0.9716817102003894,0.9565612878393224,0.8872532619605219,0.9219726788608474,0.8279818162908467
blosum,e3,s100,3,plots_ql,plots,ql,260905/9_blosum_rerun/5_ms,260905/9_blosum_rerun/5_ms/plots_ql/e3_s100/pred-blosum_fold3.csv,260905/9_blosum_rerun/5_ms/plots_ql/e3_s100/pred-blosum_fold3.csv,/home/hwjang/project/260905/9_blosum_rerun/5_ms/plots_ql/e3_s100/pred-blosum_fold3.csv,260905/9_blosum_rerun/5_ms/plots_ql/e3_s100/pred-blosum_fold3.csv,,,dataset/ms_ql/test.csv,H2,0.8013493046950295,0.880070242321756,0.7884231536926147,0.7376237623762376,0.4566132455297578
blosum,e3,s100,4,plots_ql,plots,ql,260905/9_blosum_rerun/5_ms,260905/9_blosum_rerun/5_ms/plots_ql/e3_s100/pred-blosum_fold4.csv,260905/9_blosum_rerun/5_ms/plots_ql/e3_s100/pred-blosum_fold4.csv,/home/hwjang/project/260905/9_blosum_rerun/5_ms/plots_ql/e3_s100/pred-blosum_fold4.csv,260905/9_blosum_rerun/5_ms/plots_ql/e3_s100/pred-blosum_fold4.csv,,,dataset/ms_ql/test.csv,DR,0.9246171113039948,0.8070438282550979,0.7133207839663381,0.8747641851690611,0.6387212755626942
blosum,e3,s100,4,plots_ql,plots,ql,260905/9_blosum_rerun/5_ms,260905/9_blosum_rerun/5_ms/plots_ql/e3_s100/pred-blosum_fold4.csv,260905/9_blosum_rerun/5_ms/plots_ql/e3_s100/pred-blosum_fold4.csv,/home/hwjang/project/260905/9_blosum_rerun/5_ms/plots_ql/e3_s100/pred-blosum_fold4.csv,260905/9_blosum_rerun/5_ms/plots_ql/e3_s100/pred-blosum_fold4.csv,,,dataset/ms_ql/test.csv,DP,0.9777574816101272,0.994269073176518,0.9632305716120744,0.940442132639792,0.8078627139565576
blosum,e3,s100,4,plots_ql,plots,ql,260905/9_blosum_rerun/5_ms,260905/9_blosum_rerun/5_ms/plots_ql/e3_s100/pred-blosum_fold4.csv,260905/9_blosum_rerun/5_ms/plots_ql/e3_s100/pred-blosum_fold4.csv,/home/hwjang/project/260905/9_blosum_rerun/5_ms/plots_ql/e3_s100/pred-blosum_fold4.csv,260905/9_blosum_rerun/5_ms/plots_ql/e3_s100/pred-blosum_fold4.csv,,,dataset/ms_ql/test.csv,DQ,0.9609389457033168,0.9413093739217668,0.8504772004241782,0.902060662190322,0.7833777197546039
blosum,e3,s100,4,plots_ql,plots,ql,260905/9_blosum_rerun/5_ms,260905/9_blosum_rerun/5_ms/plots_ql/e3_s100/pred-blosum_fold4.csv,260905/9_blosum_rerun/5_ms/plots_ql/e3_s100/pred-blosum_fold4.csv,/home/hwjang/project/260905/9_blosum_rerun/5_ms/plots_ql/e3_s100/pred-blosum_fold4.csv,260905/9_blosum_rerun/5_ms/plots_ql/e3_s100/pred-blosum_fold4.csv,,,dataset/ms_ql/test.csv,H2,0.8430400660883932,0.9033467948788432,0.8524590163934426,0.7995049504950495,0.5411655069584758
blosum,e3,s128,0,plots_ql,plots,ql,260905/9_blosum_rerun/5_ms,260905/9_blosum_rerun/5_ms/plots_ql/e3_s128/pred-blosum_fold0.csv,260905/9_blosum_rerun/5_ms/plots_ql/e3_s128/pred-blosum_fold0.csv,/home/hwjang/project/260905/9_blosum_rerun/5_ms/plots_ql/e3_s128/pred-blosum_fold0.csv,260905/9_blosum_rerun/5_ms/plots_ql/e3_s128/pred-blosum_fold0.csv,,,dataset/ms_ql/test.csv,DR,0.9283012369111986,0.8225454465166502,0.7301102259085452,0.8803753688385817,0.6571894085036203
blosum,e3,s128,0,plots_ql,plots,ql,260905/9_blosum_rerun/5_ms,260905/9_blosum_rerun/5_ms/plots_ql/e3_s128/pred-blosum_fold0.csv,260905/9_blosum_rerun/5_ms/plots_ql/e3_s128/pred-blosum_fold0.csv,/home/hwjang/project/260905/9_blosum_rerun/5_ms/plots_ql/e3_s128/pred-blosum_fold0.csv,260905/9_blosum_rerun/5_ms/plots_ql/e3_s128/pred-blosum_fold0.csv,,,dataset/ms_ql/test.csv,DP,0.9781612550955406,0.994379723111728,0.9599934415477948,0.9365409622886866,0.8077864499779561
blosum,e3,s128,0,plots_ql,plots,ql,260905/9_blosum_rerun/5_ms,260905/9_blosum_rerun/5_ms/plots_ql/e3_s128/pred-blosum_fold0.csv,260905/9_blosum_rerun/5_ms/plots_ql/e3_s128/pred-blosum_fold0.csv,/home/hwjang/project/260905/9_blosum_rerun/5_ms/plots_ql/e3_s128/pred-blosum_fold0.csv,260905/9_blosum_rerun/5_ms/plots_ql/e3_s128/pred-blosum_fold0.csv,,,dataset/ms_ql/test.csv,DQ,0.9625489748510444,0.9427218996677168,0.8675649030561945,0.9066913637416067,0.7955373356770584
blosum,e3,s128,0,plots_ql,plots,ql,260905/9_blosum_rerun/5_ms,260905/9_blosum_rerun/5_ms/plots_ql/e3_s128/pred-blosum_fold0.csv,260905/9_blosum_rerun/5_ms/plots_ql/e3_s128/pred-blosum_fold0.csv,/home/hwjang/project/260905/9_blosum_rerun/5_ms/plots_ql/e3_s128/pred-blosum_fold0.csv,260905/9_blosum_rerun/5_ms/plots_ql/e3_s128/pred-blosum_fold0.csv,,,dataset/ms_ql/test.csv,H2,0.8677956767176098,0.9179302390465782,0.8542246982358404,0.8056930693069307,0.5629474839804223
blosum,e3,s128,1,plots_ql,plots,ql,260905/9_blosum_rerun/5_ms,260905/9_blosum_rerun/5_ms/plots_ql/e3_s128/pred-blosum_fold1.csv,260905/9_blosum_rerun/5_ms/plots_ql/e3_s128/pred-blosum_fold1.csv,/home/hwjang/project/260905/9_blosum_rerun/5_ms/plots_ql/e3_s128/pred-blosum_fold1.csv,260905/9_blosum_rerun/5_ms/plots_ql/e3_s128/pred-blosum_fold1.csv,,,dataset/ms_ql/test.csv,DR,0.9350411124300736,0.8399583330091748,0.7481874256032897,0.8874377206984956,0.6788418303594328
blosum,e3,s128,1,plots_ql,plots,ql,260905/9_blosum_rerun/5_ms,260905/9_blosum_rerun/5_ms/plots_ql/e3_s128/pred-blosum_fold1.csv,260905/9_blosum_rerun/5_ms/plots_ql/e3_s128/pred-blosum_fold1.csv,/home/hwjang/project/260905/9_blosum_rerun/5_ms/plots_ql/e3_s128/pred-blosum_fold1.csv,260905/9_blosum_rerun/5_ms/plots_ql/e3_s128/pred-blosum_fold1.csv,,,dataset/ms_ql/test.csv,DP,0.9831576064630974,0.9956848338420924,0.9695304291602684,0.9509752925877764,0.844310861365518
blosum,e3,s128,1,plots_ql,plots,ql,260905/9_blosum_rerun/5_ms,260905/9_blosum_rerun/5_ms/plots_ql/e3_s128/pred-blosum_fold1.csv,260905/9_blosum_rerun/5_ms/plots_ql/e3_s128/pred-blosum_fold1.csv,/home/hwjang/project/260905/9_blosum_rerun/5_ms/plots_ql/e3_s128/pred-blosum_fold1.csv,260905/9_blosum_rerun/5_ms/plots_ql/e3_s128/pred-blosum_fold1.csv,,,dataset/ms_ql/test.csv,DQ,0.9712907098312288,0.9555787071575568,0.8741496598639455,0.9143320213012271,0.8105524903846807
blosum,e3,s128,1,plots_ql,plots,ql,260905/9_blosum_rerun/5_ms,260905/9_blosum_rerun/5_ms/plots_ql/e3_s128/pred-blosum_fold1.csv,260905/9_blosum_rerun/5_ms/plots_ql/e3_s128/pred-blosum_fold1.csv,/home/hwjang/project/260905/9_blosum_rerun/5_ms/plots_ql/e3_s128/pred-blosum_fold1.csv,260905/9_blosum_rerun/5_ms/plots_ql/e3_s128/pred-blosum_fold1.csv,,,dataset/ms_ql/test.csv,H2,0.8683601817430813,0.9244978911835618,0.8621908127208481,0.806930693069307,0.5499630047039462
blosum,e3,s128,2,plots_ql,plots,ql,260905/9_blosum_rerun/5_ms,260905/9_blosum_rerun/5_ms/plots_ql/e3_s128/pred-blosum_fold2.csv,260905/9_blosum_rerun/5_ms/plots_ql/e3_s128/pred-blosum_fold2.csv,/home/hwjang/project/260905/9_blosum_rerun/5_ms/plots_ql/e3_s128/pred-blosum_fold2.csv,260905/9_blosum_rerun/5_ms/plots_ql/e3_s128/pred-blosum_fold2.csv,,,dataset/ms_ql/test.csv,DR,0.9348668738521444,0.8318765364214091,0.7602290473711608,0.8885986552508103,0.6882290606975439
blosum,e3,s128,2,plots_ql,plots,ql,260905/9_blosum_rerun/5_ms,260905/9_blosum_rerun/5_ms/plots_ql/e3_s128/pred-blosum_fold2.csv,260905/9_blosum_rerun/5_ms/plots_ql/e3_s128/pred-blosum_fold2.csv,/home/hwjang/project/260905/9_blosum_rerun/5_ms/plots_ql/e3_s128/pred-blosum_fold2.csv,260905/9_blosum_rerun/5_ms/plots_ql/e3_s128/pred-blosum_fold2.csv,,,dataset/ms_ql/test.csv,DP,0.9826689958946506,0.995551709823978,0.9681869826326897,0.9490247074122236,0.8400012960897784
blosum,e3,s128,2,plots_ql,plots,ql,260905/9_blosum_rerun/5_ms,260905/9_blosum_rerun/5_ms/plots_ql/e3_s128/pred-blosum_fold2.csv,260905/9_blosum_rerun/5_ms/plots_ql/e3_s128/pred-blosum_fold2.csv,/home/hwjang/project/260905/9_blosum_rerun/5_ms/plots_ql/e3_s128/pred-blosum_fold2.csv,260905/9_blosum_rerun/5_ms/plots_ql/e3_s128/pred-blosum_fold2.csv,,,dataset/ms_ql/test.csv,DQ,0.9641568904832624,0.9477012777957676,0.8707883545960091,0.9085436443621208,0.8000263333493027
blosum,e3,s128,2,plots_ql,plots,ql,260905/9_blosum_rerun/5_ms,260905/9_blosum_rerun/5_ms/plots_ql/e3_s128/pred-blosum_fold2.csv,260905/9_blosum_rerun/5_ms/plots_ql/e3_s128/pred-blosum_fold2.csv,/home/hwjang/project/260905/9_blosum_rerun/5_ms/plots_ql/e3_s128/pred-blosum_fold2.csv,260905/9_blosum_rerun/5_ms/plots_ql/e3_s128/pred-blosum_fold2.csv,,,dataset/ms_ql/test.csv,H2,0.8594451328652073,0.9177133356780524,0.8607825295723385,0.8106435643564357,0.566460231969858
blosum,e3,s128,3,plots_ql,plots,ql,260905/9_blosum_rerun/5_ms,260905/9_blosum_rerun/5_ms/plots_ql/e3_s128/pred-blosum_fold3.csv,260905/9_blosum_rerun/5_ms/plots_ql/e3_s128/pred-blosum_fold3.csv,/home/hwjang/project/260905/9_blosum_rerun/5_ms/plots_ql/e3_s128/pred-blosum_fold3.csv,260905/9_blosum_rerun/5_ms/plots_ql/e3_s128/pred-blosum_fold3.csv,,,dataset/ms_ql/test.csv,DR,0.9318285966910882,0.8300612194477158,0.7550184350675953,0.8842935229526435,0.6793752549200758
blosum,e3,s128,3,plots_ql,plots,ql,260905/9_blosum_rerun/5_ms,260905/9_blosum_rerun/5_ms/plots_ql/e3_s128/pred-blosum_fold3.csv,260905/9_blosum_rerun/5_ms/plots_ql/e3_s128/pred-blosum_fold3.csv,/home/hwjang/project/260905/9_blosum_rerun/5_ms/plots_ql/e3_s128/pred-blosum_fold3.csv,260905/9_blosum_rerun/5_ms/plots_ql/e3_s128/pred-blosum_fold3.csv,,,dataset/ms_ql/test.csv,DP,0.9791305028223743,0.9946679409294492,0.962461237147054,0.9401820546163848,0.8156947324125464
blosum,e3,s128,3,plots_ql,plots,ql,260905/9_blosum_rerun/5_ms,260905/9_blosum_rerun/5_ms/plots_ql/e3_s128/pred-blosum_fold3.csv,260905/9_blosum_rerun/5_ms/plots_ql/e3_s128/pred-blosum_fold3.csv,/home/hwjang/project/260905/9_blosum_rerun/5_ms/plots_ql/e3_s128/pred-blosum_fold3.csv,260905/9_blosum_rerun/5_ms/plots_ql/e3_s128/pred-blosum_fold3.csv,,,dataset/ms_ql/test.csv,DQ,0.9661027337618604,0.948273013089004,0.8707753479125249,0.909701319749942,0.8014709943099162
blosum,e3,s128,3,plots_ql,plots,ql,260905/9_blosum_rerun/5_ms,260905/9_blosum_rerun/5_ms/plots_ql/e3_s128/pred-blosum_fold3.csv,260905/9_blosum_rerun/5_ms/plots_ql/e3_s128/pred-blosum_fold3.csv,/home/hwjang/project/260905/9_blosum_rerun/5_ms/plots_ql/e3_s128/pred-blosum_fold3.csv,260905/9_blosum_rerun/5_ms/plots_ql/e3_s128/pred-blosum_fold3.csv,,,dataset/ms_ql/test.csv,H2,0.8680159713616963,0.9167481377870742,0.8687782805429864,0.8205445544554455,0.5876595448025832
blosum,e3,s128,4,plots_ql,plots,ql,260905/9_blosum_rerun/5_ms,260905/9_blosum_rerun/5_ms/plots_ql/e3_s128/pred-blosum_fold4.csv,260905/9_blosum_rerun/5_ms/plots_ql/e3_s128/pred-blosum_fold4.csv,/home/hwjang/project/260905/9_blosum_rerun/5_ms/plots_ql/e3_s128/pred-blosum_fold4.csv,260905/9_blosum_rerun/5_ms/plots_ql/e3_s128/pred-blosum_fold4.csv,,,dataset/ms_ql/test.csv,DR,0.8628329955010884,0.645276095269276,0.6151645207439199,0.8178300198326319,0.4958899439092952
blosum,e3,s128,4,plots_ql,plots,ql,260905/9_blosum_rerun/5_ms,260905/9_blosum_rerun/5_ms/plots_ql/e3_s128/pred-blosum_fold4.csv,260905/9_blosum_rerun/5_ms/plots_ql/e3_s128/pred-blosum_fold4.csv,/home/hwjang/project/260905/9_blosum_rerun/5_ms/plots_ql/e3_s128/pred-blosum_fold4.csv,260905/9_blosum_rerun/5_ms/plots_ql/e3_s128/pred-blosum_fold4.csv,,,dataset/ms_ql/test.csv,DP,0.9031023369108075,0.972941041110186,0.9238929889298892,0.871261378413524,0.5451035745122934
blosum,e3,s128,4,plots_ql,plots,ql,260905/9_blosum_rerun/5_ms,260905/9_blosum_rerun/5_ms/plots_ql/e3_s128/pred-blosum_fold4.csv,260905/9_blosum_rerun/5_ms/plots_ql/e3_s128/pred-blosum_fold4.csv,/home/hwjang/project/260905/9_blosum_rerun/5_ms/plots_ql/e3_s128/pred-blosum_fold4.csv,260905/9_blosum_rerun/5_ms/plots_ql/e3_s128/pred-blosum_fold4.csv,,,dataset/ms_ql/test.csv,DQ,0.8693025492754399,0.8014188903238783,0.7194426852438252,0.7948599212780736,0.55895701371053
blosum,e3,s128,4,plots_ql,plots,ql,260905/9_blosum_rerun/5_ms,260905/9_blosum_rerun/5_ms/plots_ql/e3_s128/pred-blosum_fold4.csv,260905/9_blosum_rerun/5_ms/plots_ql/e3_s128/pred-blosum_fold4.csv,/home/hwjang/project/260905/9_blosum_rerun/5_ms/plots_ql/e3_s128/pred-blosum_fold4.csv,260905/9_blosum_rerun/5_ms/plots_ql/e3_s128/pred-blosum_fold4.csv,,,dataset/ms_ql/test.csv,H2,0.8162742668318876,0.887031720597394,0.8397600685518424,0.7685643564356436,0.4497580220718838
blosum,e3,s42,0,plots_ql,plots,ql,260905/9_blosum_rerun/5_ms,260905/9_blosum_rerun/5_ms/plots_ql/e3_s42/pred-blosum_fold0.csv,260905/9_blosum_rerun/5_ms/plots_ql/e3_s42/pred-blosum_fold0.csv,/home/hwjang/project/260905/9_blosum_rerun/5_ms/plots_ql/e3_s42/pred-blosum_fold0.csv,260905/9_blosum_rerun/5_ms/plots_ql/e3_s42/pred-blosum_fold0.csv,,,dataset/ms_ql/test.csv,DR,0.9415714757732208,0.8568152286115434,0.7686575109123815,0.8948870507425144,0.7024678654656507
blosum,e3,s42,0,plots_ql,plots,ql,260905/9_blosum_rerun/5_ms,260905/9_blosum_rerun/5_ms/plots_ql/e3_s42/pred-blosum_fold0.csv,260905/9_blosum_rerun/5_ms/plots_ql/e3_s42/pred-blosum_fold0.csv,/home/hwjang/project/260905/9_blosum_rerun/5_ms/plots_ql/e3_s42/pred-blosum_fold0.csv,260905/9_blosum_rerun/5_ms/plots_ql/e3_s42/pred-blosum_fold0.csv,,,dataset/ms_ql/test.csv,DP,0.98813864888334,0.997009886928472,0.9695876711205836,0.9517555266579976,0.8541368674139771
blosum,e3,s42,0,plots_ql,plots,ql,260905/9_blosum_rerun/5_ms,260905/9_blosum_rerun/5_ms/plots_ql/e3_s42/pred-blosum_fold0.csv,260905/9_blosum_rerun/5_ms/plots_ql/e3_s42/pred-blosum_fold0.csv,/home/hwjang/project/260905/9_blosum_rerun/5_ms/plots_ql/e3_s42/pred-blosum_fold0.csv,260905/9_blosum_rerun/5_ms/plots_ql/e3_s42/pred-blosum_fold0.csv,,,dataset/ms_ql/test.csv,DQ,0.9793265306314152,0.9679138770162966,0.9012707722385142,0.929844871498032,0.8469243985676546
blosum,e3,s42,0,plots_ql,plots,ql,260905/9_blosum_rerun/5_ms,260905/9_blosum_rerun/5_ms/plots_ql/e3_s42/pred-blosum_fold0.csv,260905/9_blosum_rerun/5_ms/plots_ql/e3_s42/pred-blosum_fold0.csv,/home/hwjang/project/260905/9_blosum_rerun/5_ms/plots_ql/e3_s42/pred-blosum_fold0.csv,260905/9_blosum_rerun/5_ms/plots_ql/e3_s42/pred-blosum_fold0.csv,,,dataset/ms_ql/test.csv,H2,0.8872711000963789,0.9287237231250396,0.8886941279579317,0.8428217821782178,0.6361287503880249
blosum,e3,s42,1,plots_ql,plots,ql,260905/9_blosum_rerun/5_ms,260905/9_blosum_rerun/5_ms/plots_ql/e3_s42/pred-blosum_fold1.csv,260905/9_blosum_rerun/5_ms/plots_ql/e3_s42/pred-blosum_fold1.csv,/home/hwjang/project/260905/9_blosum_rerun/5_ms/plots_ql/e3_s42/pred-blosum_fold1.csv,260905/9_blosum_rerun/5_ms/plots_ql/e3_s42/pred-blosum_fold1.csv,,,dataset/ms_ql/test.csv,DR,0.9308372303914696,0.8299363961910877,0.7419898819561551,0.8815846756639094,0.666276561879243
blosum,e3,s42,1,plots_ql,plots,ql,260905/9_blosum_rerun/5_ms,260905/9_blosum_rerun/5_ms/plots_ql/e3_s42/pred-blosum_fold1.csv,260905/9_blosum_rerun/5_ms/plots_ql/e3_s42/pred-blosum_fold1.csv,/home/hwjang/project/260905/9_blosum_rerun/5_ms/plots_ql/e3_s42/pred-blosum_fold1.csv,260905/9_blosum_rerun/5_ms/plots_ql/e3_s42/pred-blosum_fold1.csv,,,dataset/ms_ql/test.csv,DP,0.9753922492500742,0.9934881117444748,0.9602807465305472,0.9352405721716516,0.7885556567050426
blosum,e3,s42,1,plots_ql,plots,ql,260905/9_blosum_rerun/5_ms,260905/9_blosum_rerun/5_ms/plots_ql/e3_s42/pred-blosum_fold1.csv,260905/9_blosum_rerun/5_ms/plots_ql/e3_s42/pred-blosum_fold1.csv,/home/hwjang/project/260905/9_blosum_rerun/5_ms/plots_ql/e3_s42/pred-blosum_fold1.csv,260905/9_blosum_rerun/5_ms/plots_ql/e3_s42/pred-blosum_fold1.csv,,,dataset/ms_ql/test.csv,DQ,0.9638516049097436,0.9449078648139748,0.8643573972159275,0.9029868025005788,0.7890563105308868
blosum,e3,s42,1,plots_ql,plots,ql,260905/9_blosum_rerun/5_ms,260905/9_blosum_rerun/5_ms/plots_ql/e3_s42/pred-blosum_fold1.csv,260905/9_blosum_rerun/5_ms/plots_ql/e3_s42/pred-blosum_fold1.csv,/home/hwjang/project/260905/9_blosum_rerun/5_ms/plots_ql/e3_s42/pred-blosum_fold1.csv,260905/9_blosum_rerun/5_ms/plots_ql/e3_s42/pred-blosum_fold1.csv,,,dataset/ms_ql/test.csv,H2,0.8525127357841111,0.9073127730035572,0.8516579406631762,0.7896039603960396,0.5056260789257407
blosum,e3,s42,2,plots_ql,plots,ql,260905/9_blosum_rerun/5_ms,260905/9_blosum_rerun/5_ms/plots_ql/e3_s42/pred-blosum_fold2.csv,260905/9_blosum_rerun/5_ms/plots_ql/e3_s42/pred-blosum_fold2.csv,/home/hwjang/project/260905/9_blosum_rerun/5_ms/plots_ql/e3_s42/pred-blosum_fold2.csv,260905/9_blosum_rerun/5_ms/plots_ql/e3_s42/pred-blosum_fold2.csv,,,dataset/ms_ql/test.csv,DR,0.9335045268319948,0.8363185246535447,0.743282615733247,0.884922362501814,0.6719802088436747
blosum,e3,s42,2,plots_ql,plots,ql,260905/9_blosum_rerun/5_ms,260905/9_blosum_rerun/5_ms/plots_ql/e3_s42/pred-blosum_fold2.csv,260905/9_blosum_rerun/5_ms/plots_ql/e3_s42/pred-blosum_fold2.csv,/home/hwjang/project/260905/9_blosum_rerun/5_ms/plots_ql/e3_s42/pred-blosum_fold2.csv,260905/9_blosum_rerun/5_ms/plots_ql/e3_s42/pred-blosum_fold2.csv,,,dataset/ms_ql/test.csv,DP,0.982453820135178,0.995490036167396,0.9608247422680412,0.9382314694408322,0.817645575570571
blosum,e3,s42,2,plots_ql,plots,ql,260905/9_blosum_rerun/5_ms,260905/9_blosum_rerun/5_ms/plots_ql/e3_s42/pred-blosum_fold2.csv,260905/9_blosum_rerun/5_ms/plots_ql/e3_s42/pred-blosum_fold2.csv,/home/hwjang/project/260905/9_blosum_rerun/5_ms/plots_ql/e3_s42/pred-blosum_fold2.csv,260905/9_blosum_rerun/5_ms/plots_ql/e3_s42/pred-blosum_fold2.csv,,,dataset/ms_ql/test.csv,DQ,0.9674539746772662,0.9500960658717292,0.8695050190377294,0.9127112757582774,0.8069053740850272
blosum,e3,s42,2,plots_ql,plots,ql,260905/9_blosum_rerun/5_ms,260905/9_blosum_rerun/5_ms/plots_ql/e3_s42/pred-blosum_fold2.csv,260905/9_blosum_rerun/5_ms/plots_ql/e3_s42/pred-blosum_fold2.csv,/home/hwjang/project/260905/9_blosum_rerun/5_ms/plots_ql/e3_s42/pred-blosum_fold2.csv,260905/9_blosum_rerun/5_ms/plots_ql/e3_s42/pred-blosum_fold2.csv,,,dataset/ms_ql/test.csv,H2,0.8823695442654551,0.9264180024589166,0.8777484608619174,0.8279702970297029,0.6001363964823015
blosum,e3,s42,3,plots_ql,plots,ql,260905/9_blosum_rerun/5_ms,260905/9_blosum_rerun/5_ms/plots_ql/e3_s42/pred-blosum_fold3.csv,260905/9_blosum_rerun/5_ms/plots_ql/e3_s42/pred-blosum_fold3.csv,/home/hwjang/project/260905/9_blosum_rerun/5_ms/plots_ql/e3_s42/pred-blosum_fold3.csv,260905/9_blosum_rerun/5_ms/plots_ql/e3_s42/pred-blosum_fold3.csv,,,dataset/ms_ql/test.csv,DR,0.9415945390320404,0.856296241841932,0.7538681005157467,0.8915009916315968,0.6889226094623838
blosum,e3,s42,3,plots_ql,plots,ql,260905/9_blosum_rerun/5_ms,260905/9_blosum_rerun/5_ms/plots_ql/e3_s42/pred-blosum_fold3.csv,260905/9_blosum_rerun/5_ms/plots_ql/e3_s42/pred-blosum_fold3.csv,/home/hwjang/project/260905/9_blosum_rerun/5_ms/plots_ql/e3_s42/pred-blosum_fold3.csv,260905/9_blosum_rerun/5_ms/plots_ql/e3_s42/pred-blosum_fold3.csv,,,dataset/ms_ql/test.csv,DP,0.9845748535231416,0.9960313440798134,0.9668571428571427,0.9472041612483744,0.8375804463147744
blosum,e3,s42,3,plots_ql,plots,ql,260905/9_blosum_rerun/5_ms,260905/9_blosum_rerun/5_ms/plots_ql/e3_s42/pred-blosum_fold3.csv,260905/9_blosum_rerun/5_ms/plots_ql/e3_s42/pred-blosum_fold3.csv,/home/hwjang/project/260905/9_blosum_rerun/5_ms/plots_ql/e3_s42/pred-blosum_fold3.csv,260905/9_blosum_rerun/5_ms/plots_ql/e3_s42/pred-blosum_fold3.csv,,,dataset/ms_ql/test.csv,DQ,0.971952944690708,0.9583992930801092,0.8821318756405876,0.9201203982403334,0.8234287242930207
blosum,e3,s42,3,plots_ql,plots,ql,260905/9_blosum_rerun/5_ms,260905/9_blosum_rerun/5_ms/plots_ql/e3_s42/pred-blosum_fold3.csv,260905/9_blosum_rerun/5_ms/plots_ql/e3_s42/pred-blosum_fold3.csv,/home/hwjang/project/260905/9_blosum_rerun/5_ms/plots_ql/e3_s42/pred-blosum_fold3.csv,260905/9_blosum_rerun/5_ms/plots_ql/e3_s42/pred-blosum_fold3.csv,,,dataset/ms_ql/test.csv,H2,0.8601473220432327,0.9180635354141836,0.8262548262548263,0.7772277227722773,0.5201982890621127
blosum,e3,s42,4,plots_ql,plots,ql,260905/9_blosum_rerun/5_ms,260905/9_blosum_rerun/5_ms/plots_ql/e3_s42/pred-blosum_fold4.csv,260905/9_blosum_rerun/5_ms/plots_ql/e3_s42/pred-blosum_fold4.csv,/home/hwjang/project/260905/9_blosum_rerun/5_ms/plots_ql/e3_s42/pred-blosum_fold4.csv,260905/9_blosum_rerun/5_ms/plots_ql/e3_s42/pred-blosum_fold4.csv,,,dataset/ms_ql/test.csv,DR,0.9279736357037,0.8240394578150535,0.7472817803068794,0.8796981570163982,0.6683525957968613
blosum,e3,s42,4,plots_ql,plots,ql,260905/9_blosum_rerun/5_ms,260905/9_blosum_rerun/5_ms/plots_ql/e3_s42/pred-blosum_fold4.csv,260905/9_blosum_rerun/5_ms/plots_ql/e3_s42/pred-blosum_fold4.csv,/home/hwjang/project/260905/9_blosum_rerun/5_ms/plots_ql/e3_s42/pred-blosum_fold4.csv,260905/9_blosum_rerun/5_ms/plots_ql/e3_s42/pred-blosum_fold4.csv,,,dataset/ms_ql/test.csv,DP,0.9725792301810792,0.9930350782446224,0.9578284052350944,0.9321196358907672,0.7841267722419359
blosum,e3,s42,4,plots_ql,plots,ql,260905/9_blosum_rerun/5_ms,260905/9_blosum_rerun/5_ms/plots_ql/e3_s42/pred-blosum_fold4.csv,260905/9_blosum_rerun/5_ms/plots_ql/e3_s42/pred-blosum_fold4.csv,/home/hwjang/project/260905/9_blosum_rerun/5_ms/plots_ql/e3_s42/pred-blosum_fold4.csv,260905/9_blosum_rerun/5_ms/plots_ql/e3_s42/pred-blosum_fold4.csv,,,dataset/ms_ql/test.csv,DQ,0.962209638194325,0.9444918961142796,0.8609010194015126,0.902060662190322,0.7853276615689138
blosum,e3,s42,4,plots_ql,plots,ql,260905/9_blosum_rerun/5_ms,260905/9_blosum_rerun/5_ms/plots_ql/e3_s42/pred-blosum_fold4.csv,260905/9_blosum_rerun/5_ms/plots_ql/e3_s42/pred-blosum_fold4.csv,/home/hwjang/project/260905/9_blosum_rerun/5_ms/plots_ql/e3_s42/pred-blosum_fold4.csv,260905/9_blosum_rerun/5_ms/plots_ql/e3_s42/pred-blosum_fold4.csv,,,dataset/ms_ql/test.csv,H2,0.8488985267795677,0.9124246772508838,0.8024316109422492,0.7586633663366337,0.5123961802191109
chai,e5,s100,0,plots_ql,plots,ql,250527/1_ms_re,250527/1_ms_re/plots_ql/e5_s100/pred-chai_fold0.csv,250527/1_ms_re/plots_ql/e5_s100/pred-chai_fold0.csv,/home/hwjang/project/250527/1_ms_re/plots_ql/e5_s100/pred-chai_fold0.csv,250527/1_ms_re/plots_ql/e5_s100/pred-chai_fold0.csv,-0.0516,0.15515,dataset/ms_ql/test.csv,DR,0.9789424341059856,0.94795115975941,0.8830625062306848,0.9432593237556232,0.8457826713681447
chai,e5,s100,0,plots_ql,plots,ql,250527/1_ms_re,250527/1_ms_re/plots_ql/e5_s100/pred-chai_fold0.csv,250527/1_ms_re/plots_ql/e5_s100/pred-chai_fold0.csv,/home/hwjang/project/250527/1_ms_re/plots_ql/e5_s100/pred-chai_fold0.csv,250527/1_ms_re/plots_ql/e5_s100/pred-chai_fold0.csv,-0.0516,0.15515,dataset/ms_ql/test.csv,DP,0.9959624777701328,0.9989935836098356,0.9841942317093042,0.9747724317295188,0.9219592344699068
chai,e5,s100,0,plots_ql,plots,ql,250527/1_ms_re,250527/1_ms_re/plots_ql/e5_s100/pred-chai_fold0.csv,250527/1_ms_re/plots_ql/e5_s100/pred-chai_fold0.csv,/home/hwjang/project/250527/1_ms_re/plots_ql/e5_s100/pred-chai_fold0.csv,250527/1_ms_re/plots_ql/e5_s100/pred-chai_fold0.csv,-0.0516,0.15515,dataset/ms_ql/test.csv,DQ,0.9886058030560496,0.9834330849633116,0.9361417586091608,0.955776800185228,0.902693026773678
chai,e5,s100,0,plots_ql,plots,ql,250527/1_ms_re,250527/1_ms_re/plots_ql/e5_s100/pred-chai_fold0.csv,250527/1_ms_re/plots_ql/e5_s100/pred-chai_fold0.csv,/home/hwjang/project/250527/1_ms_re/plots_ql/e5_s100/pred-chai_fold0.csv,250527/1_ms_re/plots_ql/e5_s100/pred-chai_fold0.csv,-0.0516,0.15515,dataset/ms_ql/test.csv,H2,0.9253132314470603,0.9600421521480051,0.8956043956043956,0.8589108910891089,0.6788839266697997
chai,e5,s100,1,plots_ql,plots,ql,250527/1_ms_re,250527/1_ms_re/plots_ql/e5_s100/pred-chai_fold1.csv,250527/1_ms_re/plots_ql/e5_s100/pred-chai_fold1.csv,/home/hwjang/project/250527/1_ms_re/plots_ql/e5_s100/pred-chai_fold1.csv,250527/1_ms_re/plots_ql/e5_s100/pred-chai_fold1.csv,0.13386,0.1643,dataset/ms_ql/test.csv,DR,0.9756707323192618,0.9414258196890368,0.8770087175716836,0.9433560683016496,0.841290842866158
chai,e5,s100,1,plots_ql,plots,ql,250527/1_ms_re,250527/1_ms_re/plots_ql/e5_s100/pred-chai_fold1.csv,250527/1_ms_re/plots_ql/e5_s100/pred-chai_fold1.csv,/home/hwjang/project/250527/1_ms_re/plots_ql/e5_s100/pred-chai_fold1.csv,250527/1_ms_re/plots_ql/e5_s100/pred-chai_fold1.csv,0.13386,0.1643,dataset/ms_ql/test.csv,DP,0.993622335073734,0.9982771693407302,0.9821808075854176,0.9716514954486346,0.9135508825328852
chai,e5,s100,1,plots_ql,plots,ql,250527/1_ms_re,250527/1_ms_re/plots_ql/e5_s100/pred-chai_fold1.csv,250527/1_ms_re/plots_ql/e5_s100/pred-chai_fold1.csv,/home/hwjang/project/250527/1_ms_re/plots_ql/e5_s100/pred-chai_fold1.csv,250527/1_ms_re/plots_ql/e5_s100/pred-chai_fold1.csv,0.13386,0.1643,dataset/ms_ql/test.csv,DQ,0.9865538143318896,0.9792332719238008,0.9156956819739548,0.9430423709191944,0.874731111443628
chai,e5,s100,1,plots_ql,plots,ql,250527/1_ms_re,250527/1_ms_re/plots_ql/e5_s100/pred-chai_fold1.csv,250527/1_ms_re/plots_ql/e5_s100/pred-chai_fold1.csv,/home/hwjang/project/250527/1_ms_re/plots_ql/e5_s100/pred-chai_fold1.csv,250527/1_ms_re/plots_ql/e5_s100/pred-chai_fold1.csv,0.13386,0.1643,dataset/ms_ql/test.csv,H2,0.924397631832576,0.9587746358339256,0.87279843444227,0.8391089108910891,0.6624110232505178
chai,e5,s100,2,plots_ql,plots,ql,250527/1_ms_re,250527/1_ms_re/plots_ql/e5_s100/pred-chai_fold2.csv,250527/1_ms_re/plots_ql/e5_s100/pred-chai_fold2.csv,/home/hwjang/project/250527/1_ms_re/plots_ql/e5_s100/pred-chai_fold2.csv,250527/1_ms_re/plots_ql/e5_s100/pred-chai_fold2.csv,-0.28816,0.17447,dataset/ms_ql/test.csv,DR,0.9653079437197298,0.915760686198306,0.8424463345484001,0.9247327431916026,0.7930025426383435
chai,e5,s100,2,plots_ql,plots,ql,250527/1_ms_re,250527/1_ms_re/plots_ql/e5_s100/pred-chai_fold2.csv,250527/1_ms_re/plots_ql/e5_s100/pred-chai_fold2.csv,/home/hwjang/project/250527/1_ms_re/plots_ql/e5_s100/pred-chai_fold2.csv,250527/1_ms_re/plots_ql/e5_s100/pred-chai_fold2.csv,-0.28816,0.17447,dataset/ms_ql/test.csv,DP,0.9910319336136004,0.9975518574872296,0.9772542648253452,0.9635890767230167,0.8860738040738743
chai,e5,s100,2,plots_ql,plots,ql,250527/1_ms_re,250527/1_ms_re/plots_ql/e5_s100/pred-chai_fold2.csv,250527/1_ms_re/plots_ql/e5_s100/pred-chai_fold2.csv,/home/hwjang/project/250527/1_ms_re/plots_ql/e5_s100/pred-chai_fold2.csv,250527/1_ms_re/plots_ql/e5_s100/pred-chai_fold2.csv,-0.28816,0.17447,dataset/ms_ql/test.csv,DQ,0.98300029025613,0.9757203374214763,0.9170731707317074,0.940958555221116,0.8713343467196205
chai,e5,s100,2,plots_ql,plots,ql,250527/1_ms_re,250527/1_ms_re/plots_ql/e5_s100/pred-chai_fold2.csv,250527/1_ms_re/plots_ql/e5_s100/pred-chai_fold2.csv,/home/hwjang/project/250527/1_ms_re/plots_ql/e5_s100/pred-chai_fold2.csv,250527/1_ms_re/plots_ql/e5_s100/pred-chai_fold2.csv,-0.28816,0.17447,dataset/ms_ql/test.csv,H2,0.9002134104364587,0.9423211725051716,0.878003696857671,0.8366336633663366,0.6309245195241637
chai,e5,s100,3,plots_ql,plots,ql,250527/1_ms_re,250527/1_ms_re/plots_ql/e5_s100/pred-chai_fold3.csv,250527/1_ms_re/plots_ql/e5_s100/pred-chai_fold3.csv,/home/hwjang/project/250527/1_ms_re/plots_ql/e5_s100/pred-chai_fold3.csv,250527/1_ms_re/plots_ql/e5_s100/pred-chai_fold3.csv,-0.36392,0.14689,dataset/ms_ql/test.csv,DR,0.9786575626516484,0.94541705879871,0.8812129731900793,0.9427756010254922,0.8435713886195075
chai,e5,s100,3,plots_ql,plots,ql,250527/1_ms_re,250527/1_ms_re/plots_ql/e5_s100/pred-chai_fold3.csv,250527/1_ms_re/plots_ql/e5_s100/pred-chai_fold3.csv,/home/hwjang/project/250527/1_ms_re/plots_ql/e5_s100/pred-chai_fold3.csv,250527/1_ms_re/plots_ql/e5_s100/pred-chai_fold3.csv,-0.36392,0.14689,dataset/ms_ql/test.csv,DP,0.994492925140098,0.9985622890143532,0.9829550044430084,0.9725617685305592,0.912854697544448
chai,e5,s100,3,plots_ql,plots,ql,250527/1_ms_re,250527/1_ms_re/plots_ql/e5_s100/pred-chai_fold3.csv,250527/1_ms_re/plots_ql/e5_s100/pred-chai_fold3.csv,/home/hwjang/project/250527/1_ms_re/plots_ql/e5_s100/pred-chai_fold3.csv,250527/1_ms_re/plots_ql/e5_s100/pred-chai_fold3.csv,-0.36392,0.14689,dataset/ms_ql/test.csv,DQ,0.9872651297181884,0.9812017702542236,0.9212707182320442,0.9472100023153508,0.8844049176057515
chai,e5,s100,3,plots_ql,plots,ql,250527/1_ms_re,250527/1_ms_re/plots_ql/e5_s100/pred-chai_fold3.csv,250527/1_ms_re/plots_ql/e5_s100/pred-chai_fold3.csv,/home/hwjang/project/250527/1_ms_re/plots_ql/e5_s100/pred-chai_fold3.csv,250527/1_ms_re/plots_ql/e5_s100/pred-chai_fold3.csv,-0.36392,0.14689,dataset/ms_ql/test.csv,H2,0.9031116618477212,0.9492423997596722,0.8624390243902439,0.8254950495049505,0.6312879215300946
chai,e5,s100,4,plots_ql,plots,ql,250527/1_ms_re,250527/1_ms_re/plots_ql/e5_s100/pred-chai_fold4.csv,250527/1_ms_re/plots_ql/e5_s100/pred-chai_fold4.csv,/home/hwjang/project/250527/1_ms_re/plots_ql/e5_s100/pred-chai_fold4.csv,250527/1_ms_re/plots_ql/e5_s100/pred-chai_fold4.csv,-0.87488,0.15789,dataset/ms_ql/test.csv,DR,0.971313886513584,0.9301156458374812,0.8582930756843801,0.9318918395975428,0.8134908490612666
chai,e5,s100,4,plots_ql,plots,ql,250527/1_ms_re,250527/1_ms_re/plots_ql/e5_s100/pred-chai_fold4.csv,250527/1_ms_re/plots_ql/e5_s100/pred-chai_fold4.csv,/home/hwjang/project/250527/1_ms_re/plots_ql/e5_s100/pred-chai_fold4.csv,250527/1_ms_re/plots_ql/e5_s100/pred-chai_fold4.csv,-0.87488,0.15789,dataset/ms_ql/test.csv,DP,0.9938576038265564,0.9984956348964856,0.9810131695887532,0.9694408322496748,0.9029499758589874
chai,e5,s100,4,plots_ql,plots,ql,250527/1_ms_re,250527/1_ms_re/plots_ql/e5_s100/pred-chai_fold4.csv,250527/1_ms_re/plots_ql/e5_s100/pred-chai_fold4.csv,/home/hwjang/project/250527/1_ms_re/plots_ql/e5_s100/pred-chai_fold4.csv,250527/1_ms_re/plots_ql/e5_s100/pred-chai_fold4.csv,-0.87488,0.15789,dataset/ms_ql/test.csv,DQ,0.9842928224073976,0.977438458809692,0.9197031039136302,0.9448946515397084,0.8785852072566062
chai,e5,s100,4,plots_ql,plots,ql,250527/1_ms_re,250527/1_ms_re/plots_ql/e5_s100/pred-chai_fold4.csv,250527/1_ms_re/plots_ql/e5_s100/pred-chai_fold4.csv,/home/hwjang/project/250527/1_ms_re/plots_ql/e5_s100/pred-chai_fold4.csv,250527/1_ms_re/plots_ql/e5_s100/pred-chai_fold4.csv,-0.87488,0.15789,dataset/ms_ql/test.csv,H2,0.9106429849924274,0.9544941892332256,0.8786127167630058,0.844059405940594,0.6649097067912421
chai,e5,s128,0,plots_ql,plots,ql,260829/ms,260829/ms/plots_ql/e5_s128/pred-chai_fold0.csv,260829/ms/plots_ql/e5_s128/pred-chai_fold0.csv,/home/hwjang/project/260829/ms/plots_ql/e5_s128/pred-chai_fold0.csv,260829/ms/plots_ql/e5_s128/pred-chai_fold0.csv,0.14916,0.16003,dataset/ms_ql/test.csv,DR,0.9845409259940232,0.9614717714698948,0.908197727970525,0.9566100711072412,0.8798876793385864
chai,e5,s128,0,plots_ql,plots,ql,260829/ms,260829/ms/plots_ql/e5_s128/pred-chai_fold0.csv,260829/ms/plots_ql/e5_s128/pred-chai_fold0.csv,/home/hwjang/project/260829/ms/plots_ql/e5_s128/pred-chai_fold0.csv,260829/ms/plots_ql/e5_s128/pred-chai_fold0.csv,0.14916,0.16003,dataset/ms_ql/test.csv,DP,0.9972771336207448,0.9993284758843792,0.988544967097246,0.9816644993498048,0.9426602985381424
chai,e5,s128,0,plots_ql,plots,ql,260829/ms,260829/ms/plots_ql/e5_s128/pred-chai_fold0.csv,260829/ms/plots_ql/e5_s128/pred-chai_fold0.csv,/home/hwjang/project/260829/ms/plots_ql/e5_s128/pred-chai_fold0.csv,260829/ms/plots_ql/e5_s128/pred-chai_fold0.csv,0.14916,0.16003,dataset/ms_ql/test.csv,DQ,0.9923403849604115,0.9882269605897502,0.9526916802610114,0.9664274137531836,0.9267177037507848
chai,e5,s128,0,plots_ql,plots,ql,260829/ms,260829/ms/plots_ql/e5_s128/pred-chai_fold0.csv,260829/ms/plots_ql/e5_s128/pred-chai_fold0.csv,/home/hwjang/project/260829/ms/plots_ql/e5_s128/pred-chai_fold0.csv,260829/ms/plots_ql/e5_s128/pred-chai_fold0.csv,0.14916,0.16003,dataset/ms_ql/test.csv,H2,0.9198540547982929,0.951974518167602,0.8962432915921288,0.8564356435643564,0.669335336471935
chai,e5,s128,1,plots_ql,plots,ql,260829/ms,260829/ms/plots_ql/e5_s128/pred-chai_fold1.csv,260829/ms/plots_ql/e5_s128/pred-chai_fold1.csv,/home/hwjang/project/260829/ms/plots_ql/e5_s128/pred-chai_fold1.csv,260829/ms/plots_ql/e5_s128/pred-chai_fold1.csv,-0.61132,0.15809,dataset/ms_ql/test.csv,DR,0.9781690204271636,0.9479139003732782,0.886417791898332,0.9446621196730034,0.8501254119920091
chai,e5,s128,1,plots_ql,plots,ql,260829/ms,260829/ms/plots_ql/e5_s128/pred-chai_fold1.csv,260829/ms/plots_ql/e5_s128/pred-chai_fold1.csv,/home/hwjang/project/260829/ms/plots_ql/e5_s128/pred-chai_fold1.csv,260829/ms/plots_ql/e5_s128/pred-chai_fold1.csv,-0.61132,0.15809,dataset/ms_ql/test.csv,DP,0.9953893490550552,0.9988018402222638,0.9834155812636518,0.9733420026007802,0.9155994467805432
chai,e5,s128,1,plots_ql,plots,ql,260829/ms,260829/ms/plots_ql/e5_s128/pred-chai_fold1.csv,260829/ms/plots_ql/e5_s128/pred-chai_fold1.csv,/home/hwjang/project/260829/ms/plots_ql/e5_s128/pred-chai_fold1.csv,260829/ms/plots_ql/e5_s128/pred-chai_fold1.csv,-0.61132,0.15809,dataset/ms_ql/test.csv,DQ,0.9911894583482456,0.985851118201122,0.9365130518852725,0.9543875897198426,0.901310395665501
chai,e5,s128,1,plots_ql,plots,ql,260829/ms,260829/ms/plots_ql/e5_s128/pred-chai_fold1.csv,260829/ms/plots_ql/e5_s128/pred-chai_fold1.csv,/home/hwjang/project/260829/ms/plots_ql/e5_s128/pred-chai_fold1.csv,260829/ms/plots_ql/e5_s128/pred-chai_fold1.csv,-0.61132,0.15809,dataset/ms_ql/test.csv,H2,0.9194410023406304,0.9520751036286748,0.8862602365787079,0.8452970297029703,0.646192931669271
chai,e5,s128,2,plots_ql,plots,ql,260829/ms,260829/ms/plots_ql/e5_s128/pred-chai_fold2.csv,260829/ms/plots_ql/e5_s128/pred-chai_fold2.csv,/home/hwjang/project/260829/ms/plots_ql/e5_s128/pred-chai_fold2.csv,260829/ms/plots_ql/e5_s128/pred-chai_fold2.csv,-0.04484,0.16212,dataset/ms_ql/test.csv,DR,0.969541920576956,0.9281343007076504,0.8641975308641975,0.9361485996226964,0.8226649874263419
chai,e5,s128,2,plots_ql,plots,ql,260829/ms,260829/ms/plots_ql/e5_s128/pred-chai_fold2.csv,260829/ms/plots_ql/e5_s128/pred-chai_fold2.csv,/home/hwjang/project/260829/ms/plots_ql/e5_s128/pred-chai_fold2.csv,260829/ms/plots_ql/e5_s128/pred-chai_fold2.csv,-0.04484,0.16212,dataset/ms_ql/test.csv,DP,0.9954359137698028,0.9988746795413788,0.9815419797451812,0.9706111833550064,0.9100073367913888
chai,e5,s128,2,plots_ql,plots,ql,260829/ms,260829/ms/plots_ql/e5_s128/pred-chai_fold2.csv,260829/ms/plots_ql/e5_s128/pred-chai_fold2.csv,/home/hwjang/project/260829/ms/plots_ql/e5_s128/pred-chai_fold2.csv,260829/ms/plots_ql/e5_s128/pred-chai_fold2.csv,-0.04484,0.16212,dataset/ms_ql/test.csv,DQ,0.9873637604419409,0.9802184070017504,0.9242424242424242,0.9467469321602224,0.8831977366424825
chai,e5,s128,2,plots_ql,plots,ql,260829/ms,260829/ms/plots_ql/e5_s128/pred-chai_fold2.csv,260829/ms/plots_ql/e5_s128/pred-chai_fold2.csv,/home/hwjang/project/260829/ms/plots_ql/e5_s128/pred-chai_fold2.csv,260829/ms/plots_ql/e5_s128/pred-chai_fold2.csv,-0.04484,0.16212,dataset/ms_ql/test.csv,H2,0.9363417320666392,0.9617787633034178,0.9158878504672896,0.8886138613861386,0.7511714719626257
chai,e5,s128,3,plots_ql,plots,ql,260829/ms,260829/ms/plots_ql/e5_s128/pred-chai_fold3.csv,260829/ms/plots_ql/e5_s128/pred-chai_fold3.csv,/home/hwjang/project/260829/ms/plots_ql/e5_s128/pred-chai_fold3.csv,260829/ms/plots_ql/e5_s128/pred-chai_fold3.csv,0.15465,0.16336,dataset/ms_ql/test.csv,DR,0.9782618524563882,0.946851961162252,0.8800747585920465,0.9441300246698592,0.8441678343352603
chai,e5,s128,3,plots_ql,plots,ql,260829/ms,260829/ms/plots_ql/e5_s128/pred-chai_fold3.csv,260829/ms/plots_ql/e5_s128/pred-chai_fold3.csv,/home/hwjang/project/260829/ms/plots_ql/e5_s128/pred-chai_fold3.csv,260829/ms/plots_ql/e5_s128/pred-chai_fold3.csv,0.15465,0.16336,dataset/ms_ql/test.csv,DP,0.9937562883627336,0.998176957209766,0.9827878787878788,0.972301690507152,0.9120835629348
chai,e5,s128,3,plots_ql,plots,ql,260829/ms,260829/ms/plots_ql/e5_s128/pred-chai_fold3.csv,260829/ms/plots_ql/e5_s128/pred-chai_fold3.csv,/home/hwjang/project/260829/ms/plots_ql/e5_s128/pred-chai_fold3.csv,260829/ms/plots_ql/e5_s128/pred-chai_fold3.csv,0.15465,0.16336,dataset/ms_ql/test.csv,DQ,0.9891773915836994,0.9836955800817676,0.92991452991453,0.9525353090993286,0.8958752693831515
chai,e5,s128,3,plots_ql,plots,ql,260829/ms,260829/ms/plots_ql/e5_s128/pred-chai_fold3.csv,260829/ms/plots_ql/e5_s128/pred-chai_fold3.csv,/home/hwjang/project/260829/ms/plots_ql/e5_s128/pred-chai_fold3.csv,260829/ms/plots_ql/e5_s128/pred-chai_fold3.csv,0.15465,0.16336,dataset/ms_ql/test.csv,H2,0.911462205700124,0.9511842932821696,0.8838526912181303,0.8477722772277227,0.66391158383678
chai,e5,s128,4,plots_ql,plots,ql,260829/ms,260829/ms/plots_ql/e5_s128/pred-chai_fold4.csv,260829/ms/plots_ql/e5_s128/pred-chai_fold4.csv,/home/hwjang/project/260829/ms/plots_ql/e5_s128/pred-chai_fold4.csv,260829/ms/plots_ql/e5_s128/pred-chai_fold4.csv,-0.47707,0.16269,dataset/ms_ql/test.csv,DR,0.979054025539037,0.9489075492848308,0.8835868376578189,0.9433560683016496,0.8464088352584228
chai,e5,s128,4,plots_ql,plots,ql,260829/ms,260829/ms/plots_ql/e5_s128/pred-chai_fold4.csv,260829/ms/plots_ql/e5_s128/pred-chai_fold4.csv,/home/hwjang/project/260829/ms/plots_ql/e5_s128/pred-chai_fold4.csv,260829/ms/plots_ql/e5_s128/pred-chai_fold4.csv,-0.47707,0.16269,dataset/ms_ql/test.csv,DP,0.9960505042171895,0.9990263685943704,0.9875761266747868,0.9801040312093628,0.937671126823563
chai,e5,s128,4,plots_ql,plots,ql,260829/ms,260829/ms/plots_ql/e5_s128/pred-chai_fold4.csv,260829/ms/plots_ql/e5_s128/pred-chai_fold4.csv,/home/hwjang/project/260829/ms/plots_ql/e5_s128/pred-chai_fold4.csv,260829/ms/plots_ql/e5_s128/pred-chai_fold4.csv,-0.47707,0.16269,dataset/ms_ql/test.csv,DQ,0.9894955930853288,0.9841224037372532,0.9320450885668276,0.9511460986339432,0.8943251857944077
chai,e5,s128,4,plots_ql,plots,ql,260829/ms,260829/ms/plots_ql/e5_s128/pred-chai_fold4.csv,260829/ms/plots_ql/e5_s128/pred-chai_fold4.csv,/home/hwjang/project/260829/ms/plots_ql/e5_s128/pred-chai_fold4.csv,260829/ms/plots_ql/e5_s128/pred-chai_fold4.csv,-0.47707,0.16269,dataset/ms_ql/test.csv,H2,0.9292441140024784,0.9617454420286364,0.9001848428835489,0.8663366336633663,0.6980547554703744
chai,e5,s42,0,plots_ql,plots,ql,250527/1_ms_re,250527/1_ms_re/plots_ql/e5_s42/pred-chai_fold0.csv,250527/1_ms_re/plots_ql/e5_s42/pred-chai_fold0.csv,/home/hwjang/project/250527/1_ms_re/plots_ql/e5_s42/pred-chai_fold0.csv,250527/1_ms_re/plots_ql/e5_s42/pred-chai_fold0.csv,0.00067,0.13759,dataset/ms_ql/test.csv,DR,0.9818627895001892,0.9556299014694908,0.89711597463694,0.9513374933488123,0.8653335662190716
chai,e5,s42,0,plots_ql,plots,ql,250527/1_ms_re,250527/1_ms_re/plots_ql/e5_s42/pred-chai_fold0.csv,250527/1_ms_re/plots_ql/e5_s42/pred-chai_fold0.csv,/home/hwjang/project/250527/1_ms_re/plots_ql/e5_s42/pred-chai_fold0.csv,250527/1_ms_re/plots_ql/e5_s42/pred-chai_fold0.csv,0.00067,0.13759,dataset/ms_ql/test.csv,DP,0.997306688394032,0.9993264322841018,0.98906262658997,0.982444733420026,0.9446290867847016
chai,e5,s42,0,plots_ql,plots,ql,250527/1_ms_re,250527/1_ms_re/plots_ql/e5_s42/pred-chai_fold0.csv,250527/1_ms_re/plots_ql/e5_s42/pred-chai_fold0.csv,/home/hwjang/project/250527/1_ms_re/plots_ql/e5_s42/pred-chai_fold0.csv,250527/1_ms_re/plots_ql/e5_s42/pred-chai_fold0.csv,0.00067,0.13759,dataset/ms_ql/test.csv,DQ,0.9919552554676646,0.98743944791506,0.9352148813341886,0.9532299143320212,0.8992381337956094
chai,e5,s42,0,plots_ql,plots,ql,250527/1_ms_re,250527/1_ms_re/plots_ql/e5_s42/pred-chai_fold0.csv,250527/1_ms_re/plots_ql/e5_s42/pred-chai_fold0.csv,/home/hwjang/project/250527/1_ms_re/plots_ql/e5_s42/pred-chai_fold0.csv,250527/1_ms_re/plots_ql/e5_s42/pred-chai_fold0.csv,0.00067,0.13759,dataset/ms_ql/test.csv,H2,0.9319289549772822,0.9601158101653644,0.9064486830154403,0.8725247524752475,0.7085687806222354
chai,e5,s42,1,plots_ql,plots,ql,250527/1_ms_re,250527/1_ms_re/plots_ql/e5_s42/pred-chai_fold1.csv,250527/1_ms_re/plots_ql/e5_s42/pred-chai_fold1.csv,/home/hwjang/project/250527/1_ms_re/plots_ql/e5_s42/pred-chai_fold1.csv,250527/1_ms_re/plots_ql/e5_s42/pred-chai_fold1.csv,-2.99878,0.15341,dataset/ms_ql/test.csv,DR,0.9825767855336948,0.9563387974588636,0.8974639482844357,0.9501281865234849,0.8647570164446641
chai,e5,s42,1,plots_ql,plots,ql,250527/1_ms_re,250527/1_ms_re/plots_ql/e5_s42/pred-chai_fold1.csv,250527/1_ms_re/plots_ql/e5_s42/pred-chai_fold1.csv,/home/hwjang/project/250527/1_ms_re/plots_ql/e5_s42/pred-chai_fold1.csv,250527/1_ms_re/plots_ql/e5_s42/pred-chai_fold1.csv,-2.99878,0.15341,dataset/ms_ql/test.csv,DP,0.9969639380736072,0.9992487099901062,0.9868791757224504,0.9788036410923276,0.9325100429712486
chai,e5,s42,1,plots_ql,plots,ql,250527/1_ms_re,250527/1_ms_re/plots_ql/e5_s42/pred-chai_fold1.csv,250527/1_ms_re/plots_ql/e5_s42/pred-chai_fold1.csv,/home/hwjang/project/250527/1_ms_re/plots_ql/e5_s42/pred-chai_fold1.csv,250527/1_ms_re/plots_ql/e5_s42/pred-chai_fold1.csv,-2.99878,0.15341,dataset/ms_ql/test.csv,DQ,0.9904177903524124,0.9869559964073428,0.9285714285714286,0.9476730724704792,0.8889141016162809
chai,e5,s42,1,plots_ql,plots,ql,250527/1_ms_re,250527/1_ms_re/plots_ql/e5_s42/pred-chai_fold1.csv,250527/1_ms_re/plots_ql/e5_s42/pred-chai_fold1.csv,/home/hwjang/project/250527/1_ms_re/plots_ql/e5_s42/pred-chai_fold1.csv,250527/1_ms_re/plots_ql/e5_s42/pred-chai_fold1.csv,-2.99878,0.15341,dataset/ms_ql/test.csv,H2,0.9235990637477628,0.9572064710499616,0.8934280639431617,0.8514851485148515,0.6571361426414115
chai,e5,s42,2,plots_ql,plots,ql,250527/1_ms_re,250527/1_ms_re/plots_ql/e5_s42/pred-chai_fold2.csv,250527/1_ms_re/plots_ql/e5_s42/pred-chai_fold2.csv,/home/hwjang/project/250527/1_ms_re/plots_ql/e5_s42/pred-chai_fold2.csv,250527/1_ms_re/plots_ql/e5_s42/pred-chai_fold2.csv,-0.11738,0.16345,dataset/ms_ql/test.csv,DR,0.9785783241136052,0.9496179979027758,0.887536112257532,0.9472742224157114,0.8533921041026007
chai,e5,s42,2,plots_ql,plots,ql,250527/1_ms_re,250527/1_ms_re/plots_ql/e5_s42/pred-chai_fold2.csv,250527/1_ms_re/plots_ql/e5_s42/pred-chai_fold2.csv,/home/hwjang/project/250527/1_ms_re/plots_ql/e5_s42/pred-chai_fold2.csv,250527/1_ms_re/plots_ql/e5_s42/pred-chai_fold2.csv,-0.11738,0.16345,dataset/ms_ql/test.csv,DP,0.9953341730574432,0.9988319357235924,0.9842148087876322,0.9747724317295188,0.9215437530308054
chai,e5,s42,2,plots_ql,plots,ql,250527/1_ms_re,250527/1_ms_re/plots_ql/e5_s42/pred-chai_fold2.csv,250527/1_ms_re/plots_ql/e5_s42/pred-chai_fold2.csv,/home/hwjang/project/250527/1_ms_re/plots_ql/e5_s42/pred-chai_fold2.csv,250527/1_ms_re/plots_ql/e5_s42/pred-chai_fold2.csv,-0.11738,0.16345,dataset/ms_ql/test.csv,DQ,0.9886100300870672,0.9820914399548486,0.9266558966074312,0.947441537392915,0.8859889568271396
chai,e5,s42,2,plots_ql,plots,ql,250527/1_ms_re,250527/1_ms_re/plots_ql/e5_s42/pred-chai_fold2.csv,250527/1_ms_re/plots_ql/e5_s42/pred-chai_fold2.csv,/home/hwjang/project/250527/1_ms_re/plots_ql/e5_s42/pred-chai_fold2.csv,250527/1_ms_re/plots_ql/e5_s42/pred-chai_fold2.csv,-0.11738,0.16345,dataset/ms_ql/test.csv,H2,0.918112350268484,0.9542556767884184,0.8951686417502279,0.8576732673267327,0.6750396710517724
chai,e5,s42,3,plots_ql,plots,ql,250527/1_ms_re,250527/1_ms_re/plots_ql/e5_s42/pred-chai_fold3.csv,250527/1_ms_re/plots_ql/e5_s42/pred-chai_fold3.csv,/home/hwjang/project/250527/1_ms_re/plots_ql/e5_s42/pred-chai_fold3.csv,250527/1_ms_re/plots_ql/e5_s42/pred-chai_fold3.csv,-0.39168,0.15304,dataset/ms_ql/test.csv,DR,0.9780406381697,0.9470373160511218,0.8820370001989258,0.9426304842064528,0.8443716857213637
chai,e5,s42,3,plots_ql,plots,ql,250527/1_ms_re,250527/1_ms_re/plots_ql/e5_s42/pred-chai_fold3.csv,250527/1_ms_re/plots_ql/e5_s42/pred-chai_fold3.csv,/home/hwjang/project/250527/1_ms_re/plots_ql/e5_s42/pred-chai_fold3.csv,250527/1_ms_re/plots_ql/e5_s42/pred-chai_fold3.csv,-0.39168,0.15304,dataset/ms_ql/test.csv,DP,0.9954910897674144,0.9988432715574976,0.982912272095495,0.9728218465539662,0.9172503901930588
chai,e5,s42,3,plots_ql,plots,ql,250527/1_ms_re,250527/1_ms_re/plots_ql/e5_s42/pred-chai_fold3.csv,250527/1_ms_re/plots_ql/e5_s42/pred-chai_fold3.csv,/home/hwjang/project/250527/1_ms_re/plots_ql/e5_s42/pred-chai_fold3.csv,250527/1_ms_re/plots_ql/e5_s42/pred-chai_fold3.csv,-0.39168,0.15304,dataset/ms_ql/test.csv,DQ,0.9891952390479974,0.982482673169389,0.9300271739130436,0.9523037740217642,0.8951503678381966
chai,e5,s42,3,plots_ql,plots,ql,250527/1_ms_re,250527/1_ms_re/plots_ql/e5_s42/pred-chai_fold3.csv,250527/1_ms_re/plots_ql/e5_s42/pred-chai_fold3.csv,/home/hwjang/project/250527/1_ms_re/plots_ql/e5_s42/pred-chai_fold3.csv,250527/1_ms_re/plots_ql/e5_s42/pred-chai_fold3.csv,-0.39168,0.15304,dataset/ms_ql/test.csv,H2,0.904460966542751,0.9455113429083402,0.8760643330179754,0.8378712871287128,0.6428034667370559
chai,e5,s42,4,plots_ql,plots,ql,250527/1_ms_re,250527/1_ms_re/plots_ql/e5_s42/pred-chai_fold4.csv,250527/1_ms_re/plots_ql/e5_s42/pred-chai_fold4.csv,/home/hwjang/project/250527/1_ms_re/plots_ql/e5_s42/pred-chai_fold4.csv,250527/1_ms_re/plots_ql/e5_s42/pred-chai_fold4.csv,-0.71787,0.15958,dataset/ms_ql/test.csv,DR,0.9703765467823248,0.9279496750092396,0.8572277227722772,0.930247182315097,0.8114438135912172
chai,e5,s42,4,plots_ql,plots,ql,250527/1_ms_re,250527/1_ms_re/plots_ql/e5_s42/pred-chai_fold4.csv,250527/1_ms_re/plots_ql/e5_s42/pred-chai_fold4.csv,/home/hwjang/project/250527/1_ms_re/plots_ql/e5_s42/pred-chai_fold4.csv,250527/1_ms_re/plots_ql/e5_s42/pred-chai_fold4.csv,-0.71787,0.15958,dataset/ms_ql/test.csv,DP,0.9936263749348306,0.9984180394244996,0.9821717990275528,0.9713914174252276,0.9098147350300968
chai,e5,s42,4,plots_ql,plots,ql,250527/1_ms_re,250527/1_ms_re/plots_ql/e5_s42/pred-chai_fold4.csv,250527/1_ms_re/plots_ql/e5_s42/pred-chai_fold4.csv,/home/hwjang/project/250527/1_ms_re/plots_ql/e5_s42/pred-chai_fold4.csv,250527/1_ms_re/plots_ql/e5_s42/pred-chai_fold4.csv,-0.71787,0.15958,dataset/ms_ql/test.csv,DQ,0.9852763116242412,0.9778610809348977,0.9218543046357616,0.9453577216948368,0.8799283497174556
chai,e5,s42,4,plots_ql,plots,ql,250527/1_ms_re,250527/1_ms_re/plots_ql/e5_s42/pred-chai_fold4.csv,250527/1_ms_re/plots_ql/e5_s42/pred-chai_fold4.csv,/home/hwjang/project/250527/1_ms_re/plots_ql/e5_s42/pred-chai_fold4.csv,250527/1_ms_re/plots_ql/e5_s42/pred-chai_fold4.csv,-0.71787,0.15958,dataset/ms_ql/test.csv,H2,0.9229312956078756,0.9587651509047772,0.8861940298507462,0.849009900990099,0.6619792639931669
deepneo,e3,s100,0,plots_ql,plots,ql,250527/1_ms_re,250527/1_ms_re/plots_ql/e3_s100/pred-deepneo_fold0.csv,250527/1_ms_re/plots_ql/e3_s100/pred-deepneo_fold0.csv,/home/hwjang/project/250527/1_ms_re/plots_ql/e3_s100/pred-deepneo_fold0.csv,250527/1_ms_re/plots_ql/e3_s100/pred-deepneo_fold0.csv,0.91979,0.16634,dataset/ms_ql/test_beta.csv,DR,0.9747193873677932,0.9438842807425428,0.8689669550714062,0.9391960528225222,0.8300560071367606
deepneo,e3,s100,0,plots_ql,plots,ql,250527/1_ms_re,250527/1_ms_re/plots_ql/e3_s100/pred-deepneo_fold0.csv,250527/1_ms_re/plots_ql/e3_s100/pred-deepneo_fold0.csv,/home/hwjang/project/250527/1_ms_re/plots_ql/e3_s100/pred-deepneo_fold0.csv,250527/1_ms_re/plots_ql/e3_s100/pred-deepneo_fold0.csv,0.91979,0.16634,dataset/ms_ql/test_beta.csv,DP,0.9869931132656202,0.9966728913654664,0.9751891320263564,0.9602657634184472,0.875510879733985
deepneo,e3,s100,0,plots_ql,plots,ql,250527/1_ms_re,250527/1_ms_re/plots_ql/e3_s100/pred-deepneo_fold0.csv,250527/1_ms_re/plots_ql/e3_s100/pred-deepneo_fold0.csv,/home/hwjang/project/250527/1_ms_re/plots_ql/e3_s100/pred-deepneo_fold0.csv,250527/1_ms_re/plots_ql/e3_s100/pred-deepneo_fold0.csv,0.91979,0.16634,dataset/ms_ql/test_beta.csv,DQ,0.9636393077734826,0.9515997839750404,0.8794373744139317,0.9083036169128884,0.8055300967501584
deepneo,e3,s100,0,plots_ql,plots,ql,250527/1_ms_re,250527/1_ms_re/plots_ql/e3_s100/pred-deepneo_fold0.csv,250527/1_ms_re/plots_ql/e3_s100/pred-deepneo_fold0.csv,/home/hwjang/project/250527/1_ms_re/plots_ql/e3_s100/pred-deepneo_fold0.csv,250527/1_ms_re/plots_ql/e3_s100/pred-deepneo_fold0.csv,0.91979,0.16634,dataset/ms_ql/test_beta.csv,H2,0.9100027536830512,0.9480932628855177,0.8835041938490215,0.8452970297029703,0.6533295872844611
deepneo,e3,s100,1,plots_ql,plots,ql,250527/1_ms_re,250527/1_ms_re/plots_ql/e3_s100/pred-deepneo_fold1.csv,250527/1_ms_re/plots_ql/e3_s100/pred-deepneo_fold1.csv,/home/hwjang/project/250527/1_ms_re/plots_ql/e3_s100/pred-deepneo_fold1.csv,250527/1_ms_re/plots_ql/e3_s100/pred-deepneo_fold1.csv,0.90913,0.18321,dataset/ms_ql/test_beta.csv,DR,0.9735891847533652,0.9415348396460164,0.8693581780538302,0.9389541914574566,0.8299232429874273
deepneo,e3,s100,1,plots_ql,plots,ql,250527/1_ms_re,250527/1_ms_re/plots_ql/e3_s100/pred-deepneo_fold1.csv,250527/1_ms_re/plots_ql/e3_s100/pred-deepneo_fold1.csv,/home/hwjang/project/250527/1_ms_re/plots_ql/e3_s100/pred-deepneo_fold1.csv,250527/1_ms_re/plots_ql/e3_s100/pred-deepneo_fold1.csv,0.90913,0.18321,dataset/ms_ql/test_beta.csv,DP,0.9839706555008378,0.9957281579847144,0.972280758631869,0.9554455445544554,0.858862329648746
deepneo,e3,s100,1,plots_ql,plots,ql,250527/1_ms_re,250527/1_ms_re/plots_ql/e3_s100/pred-deepneo_fold1.csv,250527/1_ms_re/plots_ql/e3_s100/pred-deepneo_fold1.csv,/home/hwjang/project/250527/1_ms_re/plots_ql/e3_s100/pred-deepneo_fold1.csv,250527/1_ms_re/plots_ql/e3_s100/pred-deepneo_fold1.csv,0.90913,0.18321,dataset/ms_ql/test_beta.csv,DQ,0.9645526888891632,0.9516535162006567,0.8805116122517671,0.9095771777890984,0.80798090735954
deepneo,e3,s100,1,plots_ql,plots,ql,250527/1_ms_re,250527/1_ms_re/plots_ql/e3_s100/pred-deepneo_fold1.csv,250527/1_ms_re/plots_ql/e3_s100/pred-deepneo_fold1.csv,/home/hwjang/project/250527/1_ms_re/plots_ql/e3_s100/pred-deepneo_fold1.csv,250527/1_ms_re/plots_ql/e3_s100/pred-deepneo_fold1.csv,0.90913,0.18321,dataset/ms_ql/test_beta.csv,H2,0.9059479553903346,0.9410324318359896,0.8884859474161378,0.8477722772277227,0.6511054835535729
deepneo,e3,s100,2,plots_ql,plots,ql,250527/1_ms_re,250527/1_ms_re/plots_ql/e3_s100/pred-deepneo_fold2.csv,250527/1_ms_re/plots_ql/e3_s100/pred-deepneo_fold2.csv,/home/hwjang/project/250527/1_ms_re/plots_ql/e3_s100/pred-deepneo_fold2.csv,250527/1_ms_re/plots_ql/e3_s100/pred-deepneo_fold2.csv,0.9083,0.1675,dataset/ms_ql/test_beta.csv,DR,0.9712285170729876,0.9355019731468024,0.8584246218049035,0.9343588255212112,0.8164070872699728
deepneo,e3,s100,2,plots_ql,plots,ql,250527/1_ms_re,250527/1_ms_re/plots_ql/e3_s100/pred-deepneo_fold2.csv,250527/1_ms_re/plots_ql/e3_s100/pred-deepneo_fold2.csv,/home/hwjang/project/250527/1_ms_re/plots_ql/e3_s100/pred-deepneo_fold2.csv,250527/1_ms_re/plots_ql/e3_s100/pred-deepneo_fold2.csv,0.9083,0.1675,dataset/ms_ql/test_beta.csv,DP,0.9857767133476968,0.9963799213967888,0.9731527293373348,0.9568785825951016,0.8636810810061192
deepneo,e3,s100,2,plots_ql,plots,ql,250527/1_ms_re,250527/1_ms_re/plots_ql/e3_s100/pred-deepneo_fold2.csv,250527/1_ms_re/plots_ql/e3_s100/pred-deepneo_fold2.csv,/home/hwjang/project/250527/1_ms_re/plots_ql/e3_s100/pred-deepneo_fold2.csv,250527/1_ms_re/plots_ql/e3_s100/pred-deepneo_fold2.csv,0.9083,0.1675,dataset/ms_ql/test_beta.csv,DQ,0.9632751080317432,0.9501024003705236,0.8764195056780227,0.9057564951604686,0.8002898444744775
deepneo,e3,s100,2,plots_ql,plots,ql,250527/1_ms_re,250527/1_ms_re/plots_ql/e3_s100/pred-deepneo_fold2.csv,250527/1_ms_re/plots_ql/e3_s100/pred-deepneo_fold2.csv,/home/hwjang/project/250527/1_ms_re/plots_ql/e3_s100/pred-deepneo_fold2.csv,250527/1_ms_re/plots_ql/e3_s100/pred-deepneo_fold2.csv,0.9083,0.1675,dataset/ms_ql/test_beta.csv,H2,0.9124673000137684,0.9499183179471348,0.8909599254426841,0.8551980198019802,0.6755187092670106
deepneo,e3,s100,3,plots_ql,plots,ql,250527/1_ms_re,250527/1_ms_re/plots_ql/e3_s100/pred-deepneo_fold3.csv,250527/1_ms_re/plots_ql/e3_s100/pred-deepneo_fold3.csv,/home/hwjang/project/250527/1_ms_re/plots_ql/e3_s100/pred-deepneo_fold3.csv,250527/1_ms_re/plots_ql/e3_s100/pred-deepneo_fold3.csv,0.90856,0.17161,dataset/ms_ql/test_beta.csv,DR,0.9729314862311382,0.9393815048928637,0.8609763649499432,0.9348425482513424,0.8187194649123282
deepneo,e3,s100,3,plots_ql,plots,ql,250527/1_ms_re,250527/1_ms_re/plots_ql/e3_s100/pred-deepneo_fold3.csv,250527/1_ms_re/plots_ql/e3_s100/pred-deepneo_fold3.csv,/home/hwjang/project/250527/1_ms_re/plots_ql/e3_s100/pred-deepneo_fold3.csv,250527/1_ms_re/plots_ql/e3_s100/pred-deepneo_fold3.csv,0.90856,0.17161,dataset/ms_ql/test_beta.csv,DP,0.9850170779043124,0.9961097063777452,0.970938775510204,0.9536216779572694,0.8564573219065671
deepneo,e3,s100,3,plots_ql,plots,ql,250527/1_ms_re,250527/1_ms_re/plots_ql/e3_s100/pred-deepneo_fold3.csv,250527/1_ms_re/plots_ql/e3_s100/pred-deepneo_fold3.csv,/home/hwjang/project/250527/1_ms_re/plots_ql/e3_s100/pred-deepneo_fold3.csv,250527/1_ms_re/plots_ql/e3_s100/pred-deepneo_fold3.csv,0.90856,0.17161,dataset/ms_ql/test_beta.csv,DQ,0.9629254543233968,0.950301241373234,0.8723186925434117,0.9044829342842589,0.7967248014301178
deepneo,e3,s100,3,plots_ql,plots,ql,250527/1_ms_re,250527/1_ms_re/plots_ql/e3_s100/pred-deepneo_fold3.csv,250527/1_ms_re/plots_ql/e3_s100/pred-deepneo_fold3.csv,/home/hwjang/project/250527/1_ms_re/plots_ql/e3_s100/pred-deepneo_fold3.csv,250527/1_ms_re/plots_ql/e3_s100/pred-deepneo_fold3.csv,0.90856,0.17161,dataset/ms_ql/test_beta.csv,H2,0.9078686493184634,0.9451606460575188,0.8847583643122676,0.8465346534653465,0.655128734682638
deepneo,e3,s100,4,plots_ql,plots,ql,250527/1_ms_re,250527/1_ms_re/plots_ql/e3_s100/pred-deepneo_fold4.csv,250527/1_ms_re/plots_ql/e3_s100/pred-deepneo_fold4.csv,/home/hwjang/project/250527/1_ms_re/plots_ql/e3_s100/pred-deepneo_fold4.csv,250527/1_ms_re/plots_ql/e3_s100/pred-deepneo_fold4.csv,0.90934,0.17005,dataset/ms_ql/test_beta.csv,DR,0.9723990498323364,0.9381583368681428,0.8638662400660543,0.9361969718957094,0.8224946228479507
deepneo,e3,s100,4,plots_ql,plots,ql,250527/1_ms_re,250527/1_ms_re/plots_ql/e3_s100/pred-deepneo_fold4.csv,250527/1_ms_re/plots_ql/e3_s100/pred-deepneo_fold4.csv,/home/hwjang/project/250527/1_ms_re/plots_ql/e3_s100/pred-deepneo_fold4.csv,250527/1_ms_re/plots_ql/e3_s100/pred-deepneo_fold4.csv,0.90934,0.17005,dataset/ms_ql/test_beta.csv,DP,0.984869008840327,0.9961512102256088,0.9722424536699846,0.9553152683689422,0.8578754895453471
deepneo,e3,s100,4,plots_ql,plots,ql,250527/1_ms_re,250527/1_ms_re/plots_ql/e3_s100/pred-deepneo_fold4.csv,250527/1_ms_re/plots_ql/e3_s100/pred-deepneo_fold4.csv,/home/hwjang/project/250527/1_ms_re/plots_ql/e3_s100/pred-deepneo_fold4.csv,250527/1_ms_re/plots_ql/e3_s100/pred-deepneo_fold4.csv,0.90934,0.17005,dataset/ms_ql/test_beta.csv,DQ,0.9631955165282736,0.9509581943991818,0.8763131141985767,0.9070300560366784,0.8022976954342954
deepneo,e3,s100,4,plots_ql,plots,ql,250527/1_ms_re,250527/1_ms_re/plots_ql/e3_s100/pred-deepneo_fold4.csv,250527/1_ms_re/plots_ql/e3_s100/pred-deepneo_fold4.csv,/home/hwjang/project/250527/1_ms_re/plots_ql/e3_s100/pred-deepneo_fold4.csv,250527/1_ms_re/plots_ql/e3_s100/pred-deepneo_fold4.csv,0.90934,0.17005,dataset/ms_ql/test_beta.csv,H2,0.9056243976318326,0.9448422671639446,0.8863025962399284,0.8428217821782178,0.6373926820099536
deepneo,e3,s128,0,plots_ql,plots,ql,250527/1_ms_re,250527/1_ms_re/plots_ql/e3_s128/pred-deepneo_fold0.csv,250527/1_ms_re/plots_ql/e3_s128/pred-deepneo_fold0.csv,/home/hwjang/project/250527/1_ms_re/plots_ql/e3_s128/pred-deepneo_fold0.csv,250527/1_ms_re/plots_ql/e3_s128/pred-deepneo_fold0.csv,0.91241,0.1712,dataset/ms_ql/test_beta.csv,DR,0.9731433015161148,0.9378077201918402,0.8644947084457356,0.9368258114448798,0.8237817063955327
deepneo,e3,s128,0,plots_ql,plots,ql,250527/1_ms_re,250527/1_ms_re/plots_ql/e3_s128/pred-deepneo_fold0.csv,250527/1_ms_re/plots_ql/e3_s128/pred-deepneo_fold0.csv,/home/hwjang/project/250527/1_ms_re/plots_ql/e3_s128/pred-deepneo_fold0.csv,250527/1_ms_re/plots_ql/e3_s128/pred-deepneo_fold0.csv,0.91241,0.1712,dataset/ms_ql/test_beta.csv,DP,0.9866986850654904,0.9965894846238575,0.9741846726551752,0.958441896821261,0.8678322540803188
deepneo,e3,s128,0,plots_ql,plots,ql,250527/1_ms_re,250527/1_ms_re/plots_ql/e3_s128/pred-deepneo_fold0.csv,250527/1_ms_re/plots_ql/e3_s128/pred-deepneo_fold0.csv,/home/hwjang/project/250527/1_ms_re/plots_ql/e3_s128/pred-deepneo_fold0.csv,250527/1_ms_re/plots_ql/e3_s128/pred-deepneo_fold0.csv,0.91241,0.1712,dataset/ms_ql/test_beta.csv,DQ,0.9593723798271216,0.9473788932600886,0.8684637869438129,0.8968415690269995,0.7842143271685479
deepneo,e3,s128,0,plots_ql,plots,ql,250527/1_ms_re,250527/1_ms_re/plots_ql/e3_s128/pred-deepneo_fold0.csv,250527/1_ms_re/plots_ql/e3_s128/pred-deepneo_fold0.csv,/home/hwjang/project/250527/1_ms_re/plots_ql/e3_s128/pred-deepneo_fold0.csv,250527/1_ms_re/plots_ql/e3_s128/pred-deepneo_fold0.csv,0.91241,0.1712,dataset/ms_ql/test_beta.csv,H2,0.9007675891504888,0.9429197404941312,0.8907254361799817,0.8527227722772277,0.6654633630168821
deepneo,e3,s128,1,plots_ql,plots,ql,250527/1_ms_re,250527/1_ms_re/plots_ql/e3_s128/pred-deepneo_fold1.csv,250527/1_ms_re/plots_ql/e3_s128/pred-deepneo_fold1.csv,/home/hwjang/project/250527/1_ms_re/plots_ql/e3_s128/pred-deepneo_fold1.csv,250527/1_ms_re/plots_ql/e3_s128/pred-deepneo_fold1.csv,0.90688,0.18892,dataset/ms_ql/test_beta.csv,DR,0.9720664885767069,0.936906275790114,0.8629977817682476,0.9372611619019978,0.8237311497162658
deepneo,e3,s128,1,plots_ql,plots,ql,250527/1_ms_re,250527/1_ms_re/plots_ql/e3_s128/pred-deepneo_fold1.csv,250527/1_ms_re/plots_ql/e3_s128/pred-deepneo_fold1.csv,/home/hwjang/project/250527/1_ms_re/plots_ql/e3_s128/pred-deepneo_fold1.csv,250527/1_ms_re/plots_ql/e3_s128/pred-deepneo_fold1.csv,0.90688,0.18892,dataset/ms_ql/test_beta.csv,DP,0.9839670753394208,0.9957232132533912,0.9732005505627076,0.9568785825951016,0.8630222003501405
deepneo,e3,s128,1,plots_ql,plots,ql,250527/1_ms_re,250527/1_ms_re/plots_ql/e3_s128/pred-deepneo_fold1.csv,250527/1_ms_re/plots_ql/e3_s128/pred-deepneo_fold1.csv,/home/hwjang/project/250527/1_ms_re/plots_ql/e3_s128/pred-deepneo_fold1.csv,250527/1_ms_re/plots_ql/e3_s128/pred-deepneo_fold1.csv,0.90688,0.18892,dataset/ms_ql/test_beta.csv,DQ,0.95960978207023,0.9453494107931308,0.8668515950069348,0.9021905247070808,0.7916753094292791
deepneo,e3,s128,1,plots_ql,plots,ql,250527/1_ms_re,250527/1_ms_re/plots_ql/e3_s128/pred-deepneo_fold1.csv,250527/1_ms_re/plots_ql/e3_s128/pred-deepneo_fold1.csv,/home/hwjang/project/250527/1_ms_re/plots_ql/e3_s128/pred-deepneo_fold1.csv,250527/1_ms_re/plots_ql/e3_s128/pred-deepneo_fold1.csv,0.90688,0.18892,dataset/ms_ql/test_beta.csv,H2,0.8947198127495525,0.9285421900261484,0.8969258589511754,0.8589108910891089,0.6764117496934133
deepneo,e3,s128,2,plots_ql,plots,ql,250527/1_ms_re,250527/1_ms_re/plots_ql/e3_s128/pred-deepneo_fold2.csv,250527/1_ms_re/plots_ql/e3_s128/pred-deepneo_fold2.csv,/home/hwjang/project/250527/1_ms_re/plots_ql/e3_s128/pred-deepneo_fold2.csv,250527/1_ms_re/plots_ql/e3_s128/pred-deepneo_fold2.csv,0.91211,0.17343,dataset/ms_ql/test_beta.csv,DR,0.9722781751963624,0.9364390780299698,0.865388579674294,0.9368258114448798,0.8243719290608622
deepneo,e3,s128,2,plots_ql,plots,ql,250527/1_ms_re,250527/1_ms_re/plots_ql/e3_s128/pred-deepneo_fold2.csv,250527/1_ms_re/plots_ql/e3_s128/pred-deepneo_fold2.csv,/home/hwjang/project/250527/1_ms_re/plots_ql/e3_s128/pred-deepneo_fold2.csv,250527/1_ms_re/plots_ql/e3_s128/pred-deepneo_fold2.csv,0.91211,0.17343,dataset/ms_ql/test_beta.csv,DP,0.9871775717314728,0.9967452168463136,0.9716022718182544,0.9537519541427828,0.8500536870417925
deepneo,e3,s128,2,plots_ql,plots,ql,250527/1_ms_re,250527/1_ms_re/plots_ql/e3_s128/pred-deepneo_fold2.csv,250527/1_ms_re/plots_ql/e3_s128/pred-deepneo_fold2.csv,/home/hwjang/project/250527/1_ms_re/plots_ql/e3_s128/pred-deepneo_fold2.csv,250527/1_ms_re/plots_ql/e3_s128/pred-deepneo_fold2.csv,0.91211,0.17343,dataset/ms_ql/test_beta.csv,DQ,0.959406960963112,0.946082306724948,0.8725326196052191,0.9029546612328068,0.7942432675640352
deepneo,e3,s128,2,plots_ql,plots,ql,250527/1_ms_re,250527/1_ms_re/plots_ql/e3_s128/pred-deepneo_fold2.csv,250527/1_ms_re/plots_ql/e3_s128/pred-deepneo_fold2.csv,/home/hwjang/project/250527/1_ms_re/plots_ql/e3_s128/pred-deepneo_fold2.csv,250527/1_ms_re/plots_ql/e3_s128/pred-deepneo_fold2.csv,0.91211,0.17343,dataset/ms_ql/test_beta.csv,H2,0.903008398733306,0.9434224501568568,0.8901200369344414,0.8527227722772277,0.6670118412966292
deepneo,e3,s128,3,plots_ql,plots,ql,250527/1_ms_re,250527/1_ms_re/plots_ql/e3_s128/pred-deepneo_fold3.csv,250527/1_ms_re/plots_ql/e3_s128/pred-deepneo_fold3.csv,/home/hwjang/project/250527/1_ms_re/plots_ql/e3_s128/pred-deepneo_fold3.csv,250527/1_ms_re/plots_ql/e3_s128/pred-deepneo_fold3.csv,0.90419,0.17944,dataset/ms_ql/test_beta.csv,DR,0.9715223179006144,0.9355015319782988,0.8586796034591858,0.935181154162434,0.8179347618126793
deepneo,e3,s128,3,plots_ql,plots,ql,250527/1_ms_re,250527/1_ms_re/plots_ql/e3_s128/pred-deepneo_fold3.csv,250527/1_ms_re/plots_ql/e3_s128/pred-deepneo_fold3.csv,/home/hwjang/project/250527/1_ms_re/plots_ql/e3_s128/pred-deepneo_fold3.csv,250527/1_ms_re/plots_ql/e3_s128/pred-deepneo_fold3.csv,0.90419,0.17944,dataset/ms_ql/test_beta.csv,DP,0.9842395950890872,0.9958897546800124,0.9706924315619968,0.9525794684731632,0.8474725404470886
deepneo,e3,s128,3,plots_ql,plots,ql,250527/1_ms_re,250527/1_ms_re/plots_ql/e3_s128/pred-deepneo_fold3.csv,250527/1_ms_re/plots_ql/e3_s128/pred-deepneo_fold3.csv,/home/hwjang/project/250527/1_ms_re/plots_ql/e3_s128/pred-deepneo_fold3.csv,250527/1_ms_re/plots_ql/e3_s128/pred-deepneo_fold3.csv,0.90419,0.17944,dataset/ms_ql/test_beta.csv,DQ,0.958131575733374,0.945443469695182,0.8680738786279684,0.8981151299032094,0.7851482922163697
deepneo,e3,s128,3,plots_ql,plots,ql,250527/1_ms_re,250527/1_ms_re/plots_ql/e3_s128/pred-deepneo_fold3.csv,250527/1_ms_re/plots_ql/e3_s128/pred-deepneo_fold3.csv,/home/hwjang/project/250527/1_ms_re/plots_ql/e3_s128/pred-deepneo_fold3.csv,250527/1_ms_re/plots_ql/e3_s128/pred-deepneo_fold3.csv,0.90419,0.17944,dataset/ms_ql/test_beta.csv,H2,0.8949814126394052,0.9370370733331536,0.8819188191881919,0.8415841584158416,0.6415182996701161
deepneo,e3,s128,4,plots_ql,plots,ql,250527/1_ms_re,250527/1_ms_re/plots_ql/e3_s128/pred-deepneo_fold4.csv,250527/1_ms_re/plots_ql/e3_s128/pred-deepneo_fold4.csv,/home/hwjang/project/250527/1_ms_re/plots_ql/e3_s128/pred-deepneo_fold4.csv,250527/1_ms_re/plots_ql/e3_s128/pred-deepneo_fold4.csv,0.91599,0.17443,dataset/ms_ql/test_beta.csv,DR,0.9723706405294218,0.9381959771884556,0.8641792622344361,0.9378416291781552,0.8253411373885576
deepneo,e3,s128,4,plots_ql,plots,ql,250527/1_ms_re,250527/1_ms_re/plots_ql/e3_s128/pred-deepneo_fold4.csv,250527/1_ms_re/plots_ql/e3_s128/pred-deepneo_fold4.csv,/home/hwjang/project/250527/1_ms_re/plots_ql/e3_s128/pred-deepneo_fold4.csv,250527/1_ms_re/plots_ql/e3_s128/pred-deepneo_fold4.csv,0.91599,0.17443,dataset/ms_ql/test_beta.csv,DP,0.9874664426661196,0.9968247955513524,0.9746670997076972,0.959353830119854,0.8719015319329205
deepneo,e3,s128,4,plots_ql,plots,ql,250527/1_ms_re,250527/1_ms_re/plots_ql/e3_s128/pred-deepneo_fold4.csv,250527/1_ms_re/plots_ql/e3_s128/pred-deepneo_fold4.csv,/home/hwjang/project/250527/1_ms_re/plots_ql/e3_s128/pred-deepneo_fold4.csv,250527/1_ms_re/plots_ql/e3_s128/pred-deepneo_fold4.csv,0.91599,0.17443,dataset/ms_ql/test_beta.csv,DQ,0.9608621132093078,0.9498212766685704,0.8719839142091153,0.9026999490575648,0.7936002435265095
deepneo,e3,s128,4,plots_ql,plots,ql,250527/1_ms_re,250527/1_ms_re/plots_ql/e3_s128/pred-deepneo_fold4.csv,250527/1_ms_re/plots_ql/e3_s128/pred-deepneo_fold4.csv,/home/hwjang/project/250527/1_ms_re/plots_ql/e3_s128/pred-deepneo_fold4.csv,250527/1_ms_re/plots_ql/e3_s128/pred-deepneo_fold4.csv,0.91599,0.17443,dataset/ms_ql/test_beta.csv,H2,0.8932293817981549,0.93409463728012,0.8846153846153846,0.844059405940594,0.6449747027207456
deepneo,e3,s42,0,plots_ql,plots,ql,250527/1_ms_re,250527/1_ms_re/plots_ql/e3_s42/pred-deepneo_fold0.csv,250527/1_ms_re/plots_ql/e3_s42/pred-deepneo_fold0.csv,/home/hwjang/project/250527/1_ms_re/plots_ql/e3_s42/pred-deepneo_fold0.csv,250527/1_ms_re/plots_ql/e3_s42/pred-deepneo_fold0.csv,0.91684,0.17193,dataset/ms_ql/test_beta.csv,DR,0.9748201323142696,0.9427561465147516,0.870793518903199,0.9398248923716924,0.8320921563846073
deepneo,e3,s42,0,plots_ql,plots,ql,250527/1_ms_re,250527/1_ms_re/plots_ql/e3_s42/pred-deepneo_fold0.csv,250527/1_ms_re/plots_ql/e3_s42/pred-deepneo_fold0.csv,/home/hwjang/project/250527/1_ms_re/plots_ql/e3_s42/pred-deepneo_fold0.csv,250527/1_ms_re/plots_ql/e3_s42/pred-deepneo_fold0.csv,0.91684,0.17193,dataset/ms_ql/test_beta.csv,DP,0.9881203831948292,0.9969835088761944,0.9752213827280852,0.9602657634184472,0.8749920380666689
deepneo,e3,s42,0,plots_ql,plots,ql,250527/1_ms_re,250527/1_ms_re/plots_ql/e3_s42/pred-deepneo_fold0.csv,250527/1_ms_re/plots_ql/e3_s42/pred-deepneo_fold0.csv,/home/hwjang/project/250527/1_ms_re/plots_ql/e3_s42/pred-deepneo_fold0.csv,250527/1_ms_re/plots_ql/e3_s42/pred-deepneo_fold0.csv,0.91684,0.17193,dataset/ms_ql/test_beta.csv,DQ,0.9604073438256892,0.94890811336304,0.8713002993016296,0.9014263881813552,0.7914253016542327
deepneo,e3,s42,0,plots_ql,plots,ql,250527/1_ms_re,250527/1_ms_re/plots_ql/e3_s42/pred-deepneo_fold0.csv,250527/1_ms_re/plots_ql/e3_s42/pred-deepneo_fold0.csv,/home/hwjang/project/250527/1_ms_re/plots_ql/e3_s42/pred-deepneo_fold0.csv,250527/1_ms_re/plots_ql/e3_s42/pred-deepneo_fold0.csv,0.91684,0.17193,dataset/ms_ql/test_beta.csv,H2,0.9061303868924686,0.9470425501986404,0.885036496350365,0.844059405940594,0.6440143318354343
deepneo,e3,s42,1,plots_ql,plots,ql,250527/1_ms_re,250527/1_ms_re/plots_ql/e3_s42/pred-deepneo_fold1.csv,250527/1_ms_re/plots_ql/e3_s42/pred-deepneo_fold1.csv,/home/hwjang/project/250527/1_ms_re/plots_ql/e3_s42/pred-deepneo_fold1.csv,250527/1_ms_re/plots_ql/e3_s42/pred-deepneo_fold1.csv,0.90378,0.18712,dataset/ms_ql/test_beta.csv,DR,0.9720193198699658,0.9371855990471888,0.8611904006766042,0.936487205533788,0.8214869747892296
deepneo,e3,s42,1,plots_ql,plots,ql,250527/1_ms_re,250527/1_ms_re/plots_ql/e3_s42/pred-deepneo_fold1.csv,250527/1_ms_re/plots_ql/e3_s42/pred-deepneo_fold1.csv,/home/hwjang/project/250527/1_ms_re/plots_ql/e3_s42/pred-deepneo_fold1.csv,250527/1_ms_re/plots_ql/e3_s42/pred-deepneo_fold1.csv,0.90378,0.18712,dataset/ms_ql/test_beta.csv,DP,0.9848559706405388,0.9960315192119944,0.9726483239996754,0.956096925482022,0.8614700929451253
deepneo,e3,s42,1,plots_ql,plots,ql,250527/1_ms_re,250527/1_ms_re/plots_ql/e3_s42/pred-deepneo_fold1.csv,250527/1_ms_re/plots_ql/e3_s42/pred-deepneo_fold1.csv,/home/hwjang/project/250527/1_ms_re/plots_ql/e3_s42/pred-deepneo_fold1.csv,250527/1_ms_re/plots_ql/e3_s42/pred-deepneo_fold1.csv,0.90378,0.18712,dataset/ms_ql/test_beta.csv,DQ,0.9595491278555166,0.9453900767199452,0.86607436656795,0.8963321446765156,0.7816189975315508
deepneo,e3,s42,1,plots_ql,plots,ql,250527/1_ms_re,250527/1_ms_re/plots_ql/e3_s42/pred-deepneo_fold1.csv,250527/1_ms_re/plots_ql/e3_s42/pred-deepneo_fold1.csv,/home/hwjang/project/250527/1_ms_re/plots_ql/e3_s42/pred-deepneo_fold1.csv,250527/1_ms_re/plots_ql/e3_s42/pred-deepneo_fold1.csv,0.90378,0.18712,dataset/ms_ql/test_beta.csv,H2,0.8916150351094589,0.9253748245233968,0.8774193548387097,0.8353960396039604,0.6272008075592284
deepneo,e3,s42,2,plots_ql,plots,ql,250527/1_ms_re,250527/1_ms_re/plots_ql/e3_s42/pred-deepneo_fold2.csv,250527/1_ms_re/plots_ql/e3_s42/pred-deepneo_fold2.csv,/home/hwjang/project/250527/1_ms_re/plots_ql/e3_s42/pred-deepneo_fold2.csv,250527/1_ms_re/plots_ql/e3_s42/pred-deepneo_fold2.csv,0.91509,0.17125,dataset/ms_ql/test_beta.csv,DR,0.972593154335854,0.937642115953619,0.8614130434782609,0.9358583659846176,0.8204820800716028
deepneo,e3,s42,2,plots_ql,plots,ql,250527/1_ms_re,250527/1_ms_re/plots_ql/e3_s42/pred-deepneo_fold2.csv,250527/1_ms_re/plots_ql/e3_s42/pred-deepneo_fold2.csv,/home/hwjang/project/250527/1_ms_re/plots_ql/e3_s42/pred-deepneo_fold2.csv,250527/1_ms_re/plots_ql/e3_s42/pred-deepneo_fold2.csv,0.91509,0.17125,dataset/ms_ql/test_beta.csv,DP,0.9886393997298312,0.9971510522936992,0.9746192893401016,0.9589630015633144,0.868301076558267
deepneo,e3,s42,2,plots_ql,plots,ql,250527/1_ms_re,250527/1_ms_re/plots_ql/e3_s42/pred-deepneo_fold2.csv,250527/1_ms_re/plots_ql/e3_s42/pred-deepneo_fold2.csv,/home/hwjang/project/250527/1_ms_re/plots_ql/e3_s42/pred-deepneo_fold2.csv,250527/1_ms_re/plots_ql/e3_s42/pred-deepneo_fold2.csv,0.91509,0.17125,dataset/ms_ql/test_beta.csv,DQ,0.9600815675683836,0.9475368050716676,0.8723473718576559,0.9004075394803872,0.7910603011153203
deepneo,e3,s42,2,plots_ql,plots,ql,250527/1_ms_re,250527/1_ms_re/plots_ql/e3_s42/pred-deepneo_fold2.csv,250527/1_ms_re/plots_ql/e3_s42/pred-deepneo_fold2.csv,/home/hwjang/project/250527/1_ms_re/plots_ql/e3_s42/pred-deepneo_fold2.csv,250527/1_ms_re/plots_ql/e3_s42/pred-deepneo_fold2.csv,0.91509,0.17125,dataset/ms_ql/test_beta.csv,H2,0.9079099545642296,0.9454612127961408,0.8902991840435177,0.8502475247524752,0.6568269977538044
deepneo,e3,s42,3,plots_ql,plots,ql,250527/1_ms_re,250527/1_ms_re/plots_ql/e3_s42/pred-deepneo_fold3.csv,250527/1_ms_re/plots_ql/e3_s42/pred-deepneo_fold3.csv,/home/hwjang/project/250527/1_ms_re/plots_ql/e3_s42/pred-deepneo_fold3.csv,250527/1_ms_re/plots_ql/e3_s42/pred-deepneo_fold3.csv,0.90483,0.17819,dataset/ms_ql/test_beta.csv,DR,0.9714455240036738,0.935881565397268,0.8597503409210112,0.9353262709814736,0.8187117556368779
deepneo,e3,s42,3,plots_ql,plots,ql,250527/1_ms_re,250527/1_ms_re/plots_ql/e3_s42/pred-deepneo_fold3.csv,250527/1_ms_re/plots_ql/e3_s42/pred-deepneo_fold3.csv,/home/hwjang/project/250527/1_ms_re/plots_ql/e3_s42/pred-deepneo_fold3.csv,250527/1_ms_re/plots_ql/e3_s42/pred-deepneo_fold3.csv,0.90483,0.17819,dataset/ms_ql/test_beta.csv,DP,0.9859524084333642,0.996474258459703,0.9727331397224912,0.9559666492965088,0.8589485845862757
deepneo,e3,s42,3,plots_ql,plots,ql,250527/1_ms_re,250527/1_ms_re/plots_ql/e3_s42/pred-deepneo_fold3.csv,250527/1_ms_re/plots_ql/e3_s42/pred-deepneo_fold3.csv,/home/hwjang/project/250527/1_ms_re/plots_ql/e3_s42/pred-deepneo_fold3.csv,250527/1_ms_re/plots_ql/e3_s42/pred-deepneo_fold3.csv,0.90483,0.17819,dataset/ms_ql/test_beta.csv,DQ,0.9593037664620616,0.946809828337906,0.8715083798882681,0.9004075394803872,0.7903419944569862
deepneo,e3,s42,3,plots_ql,plots,ql,250527/1_ms_re,250527/1_ms_re/plots_ql/e3_s42/pred-deepneo_fold3.csv,250527/1_ms_re/plots_ql/e3_s42/pred-deepneo_fold3.csv,/home/hwjang/project/250527/1_ms_re/plots_ql/e3_s42/pred-deepneo_fold3.csv,250527/1_ms_re/plots_ql/e3_s42/pred-deepneo_fold3.csv,0.90483,0.17819,dataset/ms_ql/test_beta.csv,H2,0.902079030703566,0.9431651774362124,0.8831168831168831,0.844059405940594,0.6489286374137919
deepneo,e3,s42,4,plots_ql,plots,ql,250527/1_ms_re,250527/1_ms_re/plots_ql/e3_s42/pred-deepneo_fold4.csv,250527/1_ms_re/plots_ql/e3_s42/pred-deepneo_fold4.csv,/home/hwjang/project/250527/1_ms_re/plots_ql/e3_s42/pred-deepneo_fold4.csv,250527/1_ms_re/plots_ql/e3_s42/pred-deepneo_fold4.csv,0.90973,0.17139,dataset/ms_ql/test_beta.csv,DR,0.9721922910944812,0.9375860741050878,0.8636924342105263,0.9358583659846176,0.8219392504591062
deepneo,e3,s42,4,plots_ql,plots,ql,250527/1_ms_re,250527/1_ms_re/plots_ql/e3_s42/pred-deepneo_fold4.csv,250527/1_ms_re/plots_ql/e3_s42/pred-deepneo_fold4.csv,/home/hwjang/project/250527/1_ms_re/plots_ql/e3_s42/pred-deepneo_fold4.csv,250527/1_ms_re/plots_ql/e3_s42/pred-deepneo_fold4.csv,0.90973,0.17139,dataset/ms_ql/test_beta.csv,DP,0.9880554593721144,0.9970279088247208,0.9726138389239992,0.9559666492965088,0.8603909835032858
deepneo,e3,s42,4,plots_ql,plots,ql,250527/1_ms_re,250527/1_ms_re/plots_ql/e3_s42/pred-deepneo_fold4.csv,250527/1_ms_re/plots_ql/e3_s42/pred-deepneo_fold4.csv,/home/hwjang/project/250527/1_ms_re/plots_ql/e3_s42/pred-deepneo_fold4.csv,250527/1_ms_re/plots_ql/e3_s42/pred-deepneo_fold4.csv,0.90973,0.17139,dataset/ms_ql/test_beta.csv,DQ,0.9609727179537848,0.9498225445274808,0.8717612331912102,0.9004075394803872,0.7905483762308443
deepneo,e3,s42,4,plots_ql,plots,ql,250527/1_ms_re,250527/1_ms_re/plots_ql/e3_s42/pred-deepneo_fold4.csv,250527/1_ms_re/plots_ql/e3_s42/pred-deepneo_fold4.csv,/home/hwjang/project/250527/1_ms_re/plots_ql/e3_s42/pred-deepneo_fold4.csv,250527/1_ms_re/plots_ql/e3_s42/pred-deepneo_fold4.csv,0.90973,0.17139,dataset/ms_ql/test_beta.csv,H2,0.8985612006058104,0.941172637504644,0.8746518105849582,0.8329207920792079,0.6241910546629114
esm3_small,e5,s100,0,plots_ql,plots,ql,250527/2_ms_esm3_re,250527/2_ms_esm3_re/plots_ql/e5_s100/pred-esm3_small_fold0.csv,250527/2_ms_esm3_re/plots_ql/e5_s100/pred-esm3_small_fold0.csv,/home/hwjang/project/250527/2_ms_esm3_re/plots_ql/e5_s100/pred-esm3_small_fold0.csv,250527/2_ms_esm3_re/plots_ql/e5_s100/pred-esm3_small_fold0.csv,0.08931,0.12586,dataset/ms_ql/test.csv,DR,0.9832024592574826,0.9610616910181716,0.9056915607891748,0.9558361147390316,0.8771903093325859
esm3_small,e5,s100,0,plots_ql,plots,ql,250527/2_ms_esm3_re,250527/2_ms_esm3_re/plots_ql/e5_s100/pred-esm3_small_fold0.csv,250527/2_ms_esm3_re/plots_ql/e5_s100/pred-esm3_small_fold0.csv,/home/hwjang/project/250527/2_ms_esm3_re/plots_ql/e5_s100/pred-esm3_small_fold0.csv,250527/2_ms_esm3_re/plots_ql/e5_s100/pred-esm3_small_fold0.csv,0.08931,0.12586,dataset/ms_ql/test.csv,DP,0.9968119117218058,0.9992191002249742,0.9881551192601006,0.9810143042912872,0.9403492836794616
esm3_small,e5,s100,0,plots_ql,plots,ql,250527/2_ms_esm3_re,250527/2_ms_esm3_re/plots_ql/e5_s100/pred-esm3_small_fold0.csv,250527/2_ms_esm3_re/plots_ql/e5_s100/pred-esm3_small_fold0.csv,/home/hwjang/project/250527/2_ms_esm3_re/plots_ql/e5_s100/pred-esm3_small_fold0.csv,250527/2_ms_esm3_re/plots_ql/e5_s100/pred-esm3_small_fold0.csv,0.08931,0.12586,dataset/ms_ql/test.csv,DQ,0.9900608410664518,0.9840368396371678,0.9351883271123176,0.955776800185228,0.902857085532982
esm3_small,e5,s100,0,plots_ql,plots,ql,250527/2_ms_esm3_re,250527/2_ms_esm3_re/plots_ql/e5_s100/pred-esm3_small_fold0.csv,250527/2_ms_esm3_re/plots_ql/e5_s100/pred-esm3_small_fold0.csv,/home/hwjang/project/250527/2_ms_esm3_re/plots_ql/e5_s100/pred-esm3_small_fold0.csv,250527/2_ms_esm3_re/plots_ql/e5_s100/pred-esm3_small_fold0.csv,0.08931,0.12586,dataset/ms_ql/test.csv,H2,0.9315090183119922,0.9634118960238278,0.9056244041944708,0.8774752475247525,0.733321460926773
esm3_small,e5,s100,1,plots_ql,plots,ql,250527/2_ms_esm3_re,250527/2_ms_esm3_re/plots_ql/e5_s100/pred-esm3_small_fold1.csv,250527/2_ms_esm3_re/plots_ql/e5_s100/pred-esm3_small_fold1.csv,/home/hwjang/project/250527/2_ms_esm3_re/plots_ql/e5_s100/pred-esm3_small_fold1.csv,250527/2_ms_esm3_re/plots_ql/e5_s100/pred-esm3_small_fold1.csv,-0.28544,0.12955,dataset/ms_ql/test.csv,DR,0.9832810609021856,0.962189404948803,0.9069551777434312,0.9563198374691628,0.8786722870338911
esm3_small,e5,s100,1,plots_ql,plots,ql,250527/2_ms_esm3_re,250527/2_ms_esm3_re/plots_ql/e5_s100/pred-esm3_small_fold1.csv,250527/2_ms_esm3_re/plots_ql/e5_s100/pred-esm3_small_fold1.csv,/home/hwjang/project/250527/2_ms_esm3_re/plots_ql/e5_s100/pred-esm3_small_fold1.csv,250527/2_ms_esm3_re/plots_ql/e5_s100/pred-esm3_small_fold1.csv,-0.28544,0.12955,dataset/ms_ql/test.csv,DP,0.99688930695545,0.999244748028114,0.9863923537988012,0.9781534460338102,0.931045932913968
esm3_small,e5,s100,1,plots_ql,plots,ql,250527/2_ms_esm3_re,250527/2_ms_esm3_re/plots_ql/e5_s100/pred-esm3_small_fold1.csv,250527/2_ms_esm3_re/plots_ql/e5_s100/pred-esm3_small_fold1.csv,/home/hwjang/project/250527/2_ms_esm3_re/plots_ql/e5_s100/pred-esm3_small_fold1.csv,250527/2_ms_esm3_re/plots_ql/e5_s100/pred-esm3_small_fold1.csv,-0.28544,0.12955,dataset/ms_ql/test.csv,DQ,0.987395698009632,0.9823474773475396,0.9397828232971372,0.957629080805742,0.9071044104156084
esm3_small,e5,s100,1,plots_ql,plots,ql,250527/2_ms_esm3_re,250527/2_ms_esm3_re/plots_ql/e5_s100/pred-esm3_small_fold1.csv,250527/2_ms_esm3_re/plots_ql/e5_s100/pred-esm3_small_fold1.csv,/home/hwjang/project/250527/2_ms_esm3_re/plots_ql/e5_s100/pred-esm3_small_fold1.csv,250527/2_ms_esm3_re/plots_ql/e5_s100/pred-esm3_small_fold1.csv,-0.28544,0.12955,dataset/ms_ql/test.csv,H2,0.9432328239019688,0.9708619302513994,0.918572735590119,0.8898514851485149,0.7493928105803754
esm3_small,e5,s100,2,plots_ql,plots,ql,250527/2_ms_esm3_re,250527/2_ms_esm3_re/plots_ql/e5_s100/pred-esm3_small_fold2.csv,250527/2_ms_esm3_re/plots_ql/e5_s100/pred-esm3_small_fold2.csv,/home/hwjang/project/250527/2_ms_esm3_re/plots_ql/e5_s100/pred-esm3_small_fold2.csv,250527/2_ms_esm3_re/plots_ql/e5_s100/pred-esm3_small_fold2.csv,-2.84411,0.12312,dataset/ms_ql/test.csv,DR,0.9831615179522862,0.9611862540898556,0.9040041601664066,0.9553523920089004,0.87550917091525
esm3_small,e5,s100,2,plots_ql,plots,ql,250527/2_ms_esm3_re,250527/2_ms_esm3_re/plots_ql/e5_s100/pred-esm3_small_fold2.csv,250527/2_ms_esm3_re/plots_ql/e5_s100/pred-esm3_small_fold2.csv,/home/hwjang/project/250527/2_ms_esm3_re/plots_ql/e5_s100/pred-esm3_small_fold2.csv,250527/2_ms_esm3_re/plots_ql/e5_s100/pred-esm3_small_fold2.csv,-2.84411,0.12312,dataset/ms_ql/test.csv,DP,0.9972956319320828,0.9993223105229462,0.9882619606573302,0.9811443433029908,0.9404104613715252
esm3_small,e5,s100,2,plots_ql,plots,ql,250527/2_ms_esm3_re,250527/2_ms_esm3_re/plots_ql/e5_s100/pred-esm3_small_fold2.csv,250527/2_ms_esm3_re/plots_ql/e5_s100/pred-esm3_small_fold2.csv,/home/hwjang/project/250527/2_ms_esm3_re/plots_ql/e5_s100/pred-esm3_small_fold2.csv,250527/2_ms_esm3_re/plots_ql/e5_s100/pred-esm3_small_fold2.csv,-2.84411,0.12312,dataset/ms_ql/test.csv,DQ,0.989166589171098,0.982695068203558,0.9381510416666666,0.9560083352627924,0.9040969970997184
esm3_small,e5,s100,2,plots_ql,plots,ql,250527/2_ms_esm3_re,250527/2_ms_esm3_re/plots_ql/e5_s100/pred-esm3_small_fold2.csv,250527/2_ms_esm3_re/plots_ql/e5_s100/pred-esm3_small_fold2.csv,/home/hwjang/project/250527/2_ms_esm3_re/plots_ql/e5_s100/pred-esm3_small_fold2.csv,250527/2_ms_esm3_re/plots_ql/e5_s100/pred-esm3_small_fold2.csv,-2.84411,0.12312,dataset/ms_ql/test.csv,H2,0.9312336500068842,0.9614952558553422,0.8961646398503275,0.8626237623762376,0.6933950357804574
esm3_small,e5,s100,3,plots_ql,plots,ql,250527/2_ms_esm3_re,250527/2_ms_esm3_re/plots_ql/e5_s100/pred-esm3_small_fold3.csv,250527/2_ms_esm3_re/plots_ql/e5_s100/pred-esm3_small_fold3.csv,/home/hwjang/project/250527/2_ms_esm3_re/plots_ql/e5_s100/pred-esm3_small_fold3.csv,250527/2_ms_esm3_re/plots_ql/e5_s100/pred-esm3_small_fold3.csv,-0.29442,0.13503,dataset/ms_ql/test.csv,DR,0.9852461985187532,0.96365939701513,0.9111953293045172,0.9580612392976346,0.8838577824205099
esm3_small,e5,s100,3,plots_ql,plots,ql,250527/2_ms_esm3_re,250527/2_ms_esm3_re/plots_ql/e5_s100/pred-esm3_small_fold3.csv,250527/2_ms_esm3_re/plots_ql/e5_s100/pred-esm3_small_fold3.csv,/home/hwjang/project/250527/2_ms_esm3_re/plots_ql/e5_s100/pred-esm3_small_fold3.csv,250527/2_ms_esm3_re/plots_ql/e5_s100/pred-esm3_small_fold3.csv,-0.29442,0.13503,dataset/ms_ql/test.csv,DP,0.9970220908109744,0.9991328406488602,0.9874112330535828,0.9797139141742522,0.9355401183520452
esm3_small,e5,s100,3,plots_ql,plots,ql,250527/2_ms_esm3_re,250527/2_ms_esm3_re/plots_ql/e5_s100/pred-esm3_small_fold3.csv,250527/2_ms_esm3_re/plots_ql/e5_s100/pred-esm3_small_fold3.csv,/home/hwjang/project/250527/2_ms_esm3_re/plots_ql/e5_s100/pred-esm3_small_fold3.csv,250527/2_ms_esm3_re/plots_ql/e5_s100/pred-esm3_small_fold3.csv,-0.29442,0.13503,dataset/ms_ql/test.csv,DQ,0.9887683089151842,0.9832026222823648,0.9314267143321416,0.9511460986339432,0.8935992958172065
esm3_small,e5,s100,3,plots_ql,plots,ql,250527/2_ms_esm3_re,250527/2_ms_esm3_re/plots_ql/e5_s100/pred-esm3_small_fold3.csv,250527/2_ms_esm3_re/plots_ql/e5_s100/pred-esm3_small_fold3.csv,/home/hwjang/project/250527/2_ms_esm3_re/plots_ql/e5_s100/pred-esm3_small_fold3.csv,250527/2_ms_esm3_re/plots_ql/e5_s100/pred-esm3_small_fold3.csv,-0.29442,0.13503,dataset/ms_ql/test.csv,H2,0.9292165771719676,0.962860326279859,0.9059982094897046,0.870049504950495,0.7014360263960404
esm3_small,e5,s100,4,plots_ql,plots,ql,250527/2_ms_esm3_re,250527/2_ms_esm3_re/plots_ql/e5_s100/pred-esm3_small_fold4.csv,250527/2_ms_esm3_re/plots_ql/e5_s100/pred-esm3_small_fold4.csv,/home/hwjang/project/250527/2_ms_esm3_re/plots_ql/e5_s100/pred-esm3_small_fold4.csv,250527/2_ms_esm3_re/plots_ql/e5_s100/pred-esm3_small_fold4.csv,-0.3638,0.12369,dataset/ms_ql/test.csv,DR,0.9855987736650909,0.96745102519128,0.9140907266158168,0.9585933343007788,0.8868712020576875
esm3_small,e5,s100,4,plots_ql,plots,ql,250527/2_ms_esm3_re,250527/2_ms_esm3_re/plots_ql/e5_s100/pred-esm3_small_fold4.csv,250527/2_ms_esm3_re/plots_ql/e5_s100/pred-esm3_small_fold4.csv,/home/hwjang/project/250527/2_ms_esm3_re/plots_ql/e5_s100/pred-esm3_small_fold4.csv,250527/2_ms_esm3_re/plots_ql/e5_s100/pred-esm3_small_fold4.csv,-0.3638,0.12369,dataset/ms_ql/test.csv,DP,0.9977827541306517,0.9994482845627954,0.991084454530718,0.9856957087126138,0.954932171497855
esm3_small,e5,s100,4,plots_ql,plots,ql,250527/2_ms_esm3_re,250527/2_ms_esm3_re/plots_ql/e5_s100/pred-esm3_small_fold4.csv,250527/2_ms_esm3_re/plots_ql/e5_s100/pred-esm3_small_fold4.csv,/home/hwjang/project/250527/2_ms_esm3_re/plots_ql/e5_s100/pred-esm3_small_fold4.csv,250527/2_ms_esm3_re/plots_ql/e5_s100/pred-esm3_small_fold4.csv,-0.3638,0.12369,dataset/ms_ql/test.csv,DQ,0.9893128914113304,0.9848494423336676,0.937940288493794,0.9571660106506136,0.9057631096118912
esm3_small,e5,s100,4,plots_ql,plots,ql,250527/2_ms_esm3_re,250527/2_ms_esm3_re/plots_ql/e5_s100/pred-esm3_small_fold4.csv,250527/2_ms_esm3_re/plots_ql/e5_s100/pred-esm3_small_fold4.csv,/home/hwjang/project/250527/2_ms_esm3_re/plots_ql/e5_s100/pred-esm3_small_fold4.csv,250527/2_ms_esm3_re/plots_ql/e5_s100/pred-esm3_small_fold4.csv,-0.3638,0.12369,dataset/ms_ql/test.csv,H2,0.940809582817018,0.9697338148753828,0.9114631873252564,0.8824257425742574,0.7365387947190218
esm3_small,e5,s128,0,plots_ql,plots,ql,250527/2_ms_esm3_re,250527/2_ms_esm3_re/plots_ql/e5_s128/pred-esm3_small_fold0.csv,250527/2_ms_esm3_re/plots_ql/e5_s128/pred-esm3_small_fold0.csv,/home/hwjang/project/250527/2_ms_esm3_re/plots_ql/e5_s128/pred-esm3_small_fold0.csv,250527/2_ms_esm3_re/plots_ql/e5_s128/pred-esm3_small_fold0.csv,0.03167,0.12899,dataset/ms_ql/test.csv,DR,0.9855644457574028,0.9641120768458062,0.913326551373347,0.9587868233928312,0.8863133143865266
esm3_small,e5,s128,0,plots_ql,plots,ql,250527/2_ms_esm3_re,250527/2_ms_esm3_re/plots_ql/e5_s128/pred-esm3_small_fold0.csv,250527/2_ms_esm3_re/plots_ql/e5_s128/pred-esm3_small_fold0.csv,/home/hwjang/project/250527/2_ms_esm3_re/plots_ql/e5_s128/pred-esm3_small_fold0.csv,250527/2_ms_esm3_re/plots_ql/e5_s128/pred-esm3_small_fold0.csv,0.03167,0.12899,dataset/ms_ql/test.csv,DP,0.9975505684297188,0.9993934402318404,0.9880691502313124,0.9808842652795838,0.9400181432959932
esm3_small,e5,s128,0,plots_ql,plots,ql,250527/2_ms_esm3_re,250527/2_ms_esm3_re/plots_ql/e5_s128/pred-esm3_small_fold0.csv,250527/2_ms_esm3_re/plots_ql/e5_s128/pred-esm3_small_fold0.csv,/home/hwjang/project/250527/2_ms_esm3_re/plots_ql/e5_s128/pred-esm3_small_fold0.csv,250527/2_ms_esm3_re/plots_ql/e5_s128/pred-esm3_small_fold0.csv,0.03167,0.12899,dataset/ms_ql/test.csv,DQ,0.9891588396142318,0.9845425075790948,0.9342062193126024,0.9534614494095855,0.8982138837910105
esm3_small,e5,s128,0,plots_ql,plots,ql,250527/2_ms_esm3_re,250527/2_ms_esm3_re/plots_ql/e5_s128/pred-esm3_small_fold0.csv,250527/2_ms_esm3_re/plots_ql/e5_s128/pred-esm3_small_fold0.csv,/home/hwjang/project/250527/2_ms_esm3_re/plots_ql/e5_s128/pred-esm3_small_fold0.csv,250527/2_ms_esm3_re/plots_ql/e5_s128/pred-esm3_small_fold0.csv,0.03167,0.12899,dataset/ms_ql/test.csv,H2,0.9402863830373124,0.9684702780630132,0.9077887197851388,0.8725247524752475,0.7072581486129574
esm3_small,e5,s128,1,plots_ql,plots,ql,250527/2_ms_esm3_re,250527/2_ms_esm3_re/plots_ql/e5_s128/pred-esm3_small_fold1.csv,250527/2_ms_esm3_re/plots_ql/e5_s128/pred-esm3_small_fold1.csv,/home/hwjang/project/250527/2_ms_esm3_re/plots_ql/e5_s128/pred-esm3_small_fold1.csv,250527/2_ms_esm3_re/plots_ql/e5_s128/pred-esm3_small_fold1.csv,-0.1579,0.13934,dataset/ms_ql/test.csv,DR,0.9835690524905616,0.960456074376354,0.9021761658031088,0.9543365742756252,0.872837104034898
esm3_small,e5,s128,1,plots_ql,plots,ql,250527/2_ms_esm3_re,250527/2_ms_esm3_re/plots_ql/e5_s128/pred-esm3_small_fold1.csv,250527/2_ms_esm3_re/plots_ql/e5_s128/pred-esm3_small_fold1.csv,/home/hwjang/project/250527/2_ms_esm3_re/plots_ql/e5_s128/pred-esm3_small_fold1.csv,250527/2_ms_esm3_re/plots_ql/e5_s128/pred-esm3_small_fold1.csv,-0.1579,0.13934,dataset/ms_ql/test.csv,DP,0.996459061748639,0.9990964458606564,0.9863434343434344,0.9780234070221068,0.9302837389110894
esm3_small,e5,s128,1,plots_ql,plots,ql,250527/2_ms_esm3_re,250527/2_ms_esm3_re/plots_ql/e5_s128/pred-esm3_small_fold1.csv,250527/2_ms_esm3_re/plots_ql/e5_s128/pred-esm3_small_fold1.csv,/home/hwjang/project/250527/2_ms_esm3_re/plots_ql/e5_s128/pred-esm3_small_fold1.csv,250527/2_ms_esm3_re/plots_ql/e5_s128/pred-esm3_small_fold1.csv,-0.1579,0.13934,dataset/ms_ql/test.csv,DQ,0.9849289905755996,0.9769618623325168,0.9187045604758758,0.9430423709191944,0.8749181409465561
esm3_small,e5,s128,1,plots_ql,plots,ql,250527/2_ms_esm3_re,250527/2_ms_esm3_re/plots_ql/e5_s128/pred-esm3_small_fold1.csv,250527/2_ms_esm3_re/plots_ql/e5_s128/pred-esm3_small_fold1.csv,/home/hwjang/project/250527/2_ms_esm3_re/plots_ql/e5_s128/pred-esm3_small_fold1.csv,250527/2_ms_esm3_re/plots_ql/e5_s128/pred-esm3_small_fold1.csv,-0.1579,0.13934,dataset/ms_ql/test.csv,H2,0.937105879113314,0.96822012570785,0.9027522935779816,0.8688118811881188,0.7018797670074092
esm3_small,e5,s128,2,plots_ql,plots,ql,250527/2_ms_esm3_re,250527/2_ms_esm3_re/plots_ql/e5_s128/pred-esm3_small_fold2.csv,250527/2_ms_esm3_re/plots_ql/e5_s128/pred-esm3_small_fold2.csv,/home/hwjang/project/250527/2_ms_esm3_re/plots_ql/e5_s128/pred-esm3_small_fold2.csv,250527/2_ms_esm3_re/plots_ql/e5_s128/pred-esm3_small_fold2.csv,-0.16006,0.12721,dataset/ms_ql/test.csv,DR,0.9830386683036328,0.9596284632257728,0.9010629599345872,0.9531756397233108,0.8704689406785491
esm3_small,e5,s128,2,plots_ql,plots,ql,250527/2_ms_esm3_re,250527/2_ms_esm3_re/plots_ql/e5_s128/pred-esm3_small_fold2.csv,250527/2_ms_esm3_re/plots_ql/e5_s128/pred-esm3_small_fold2.csv,/home/hwjang/project/250527/2_ms_esm3_re/plots_ql/e5_s128/pred-esm3_small_fold2.csv,250527/2_ms_esm3_re/plots_ql/e5_s128/pred-esm3_small_fold2.csv,-0.16006,0.12721,dataset/ms_ql/test.csv,DP,0.9968819714181952,0.9992310691711004,0.9829480242662731,0.9729518855656696,0.9188350210264424
esm3_small,e5,s128,2,plots_ql,plots,ql,250527/2_ms_esm3_re,250527/2_ms_esm3_re/plots_ql/e5_s128/pred-esm3_small_fold2.csv,250527/2_ms_esm3_re/plots_ql/e5_s128/pred-esm3_small_fold2.csv,/home/hwjang/project/250527/2_ms_esm3_re/plots_ql/e5_s128/pred-esm3_small_fold2.csv,250527/2_ms_esm3_re/plots_ql/e5_s128/pred-esm3_small_fold2.csv,-0.16006,0.12721,dataset/ms_ql/test.csv,DQ,0.9828356708814864,0.972904906977623,0.915465268676278,0.9402639499884232,0.8692826657736075
esm3_small,e5,s128,2,plots_ql,plots,ql,250527/2_ms_esm3_re,250527/2_ms_esm3_re/plots_ql/e5_s128/pred-esm3_small_fold2.csv,250527/2_ms_esm3_re/plots_ql/e5_s128/pred-esm3_small_fold2.csv,/home/hwjang/project/250527/2_ms_esm3_re/plots_ql/e5_s128/pred-esm3_small_fold2.csv,250527/2_ms_esm3_re/plots_ql/e5_s128/pred-esm3_small_fold2.csv,-0.16006,0.12721,dataset/ms_ql/test.csv,H2,0.9325691862866584,0.9643520655554348,0.9028156221616712,0.8675742574257426,0.697152330149788
esm3_small,e5,s128,3,plots_ql,plots,ql,250527/2_ms_esm3_re,250527/2_ms_esm3_re/plots_ql/e5_s128/pred-esm3_small_fold3.csv,250527/2_ms_esm3_re/plots_ql/e5_s128/pred-esm3_small_fold3.csv,/home/hwjang/project/250527/2_ms_esm3_re/plots_ql/e5_s128/pred-esm3_small_fold3.csv,250527/2_ms_esm3_re/plots_ql/e5_s128/pred-esm3_small_fold3.csv,0.02786,0.14173,dataset/ms_ql/test.csv,DR,0.9822287908727908,0.9580598425793152,0.8990956203637842,0.9519663328979828,0.8675891973434322
esm3_small,e5,s128,3,plots_ql,plots,ql,250527/2_ms_esm3_re,250527/2_ms_esm3_re/plots_ql/e5_s128/pred-esm3_small_fold3.csv,250527/2_ms_esm3_re/plots_ql/e5_s128/pred-esm3_small_fold3.csv,/home/hwjang/project/250527/2_ms_esm3_re/plots_ql/e5_s128/pred-esm3_small_fold3.csv,250527/2_ms_esm3_re/plots_ql/e5_s128/pred-esm3_small_fold3.csv,0.02786,0.14173,dataset/ms_ql/test.csv,DP,0.9952863325970864,0.9987934901217884,0.9828655352480418,0.9726918075422628,0.916038546856361
esm3_small,e5,s128,3,plots_ql,plots,ql,250527/2_ms_esm3_re,250527/2_ms_esm3_re/plots_ql/e5_s128/pred-esm3_small_fold3.csv,250527/2_ms_esm3_re/plots_ql/e5_s128/pred-esm3_small_fold3.csv,/home/hwjang/project/250527/2_ms_esm3_re/plots_ql/e5_s128/pred-esm3_small_fold3.csv,250527/2_ms_esm3_re/plots_ql/e5_s128/pred-esm3_small_fold3.csv,0.02786,0.14173,dataset/ms_ql/test.csv,DQ,0.9836493743524424,0.9775479371825992,0.9220475075276012,0.9460523269275296,0.8811987860313962
esm3_small,e5,s128,3,plots_ql,plots,ql,250527/2_ms_esm3_re,250527/2_ms_esm3_re/plots_ql/e5_s128/pred-esm3_small_fold3.csv,250527/2_ms_esm3_re/plots_ql/e5_s128/pred-esm3_small_fold3.csv,/home/hwjang/project/250527/2_ms_esm3_re/plots_ql/e5_s128/pred-esm3_small_fold3.csv,250527/2_ms_esm3_re/plots_ql/e5_s128/pred-esm3_small_fold3.csv,0.02786,0.14173,dataset/ms_ql/test.csv,H2,0.9340492909266144,0.9669437112976838,0.9067405355493998,0.875,0.7174088459504235
esm3_small,e5,s128,4,plots_ql,plots,ql,250527/2_ms_esm3_re,250527/2_ms_esm3_re/plots_ql/e5_s128/pred-esm3_small_fold4.csv,250527/2_ms_esm3_re/plots_ql/e5_s128/pred-esm3_small_fold4.csv,/home/hwjang/project/250527/2_ms_esm3_re/plots_ql/e5_s128/pred-esm3_small_fold4.csv,250527/2_ms_esm3_re/plots_ql/e5_s128/pred-esm3_small_fold4.csv,-0.03756,0.12659,dataset/ms_ql/test.csv,DR,0.984717776477972,0.9634065531143752,0.9106434888685576,0.9574807720214772,0.8827619187632176
esm3_small,e5,s128,4,plots_ql,plots,ql,250527/2_ms_esm3_re,250527/2_ms_esm3_re/plots_ql/e5_s128/pred-esm3_small_fold4.csv,250527/2_ms_esm3_re/plots_ql/e5_s128/pred-esm3_small_fold4.csv,/home/hwjang/project/250527/2_ms_esm3_re/plots_ql/e5_s128/pred-esm3_small_fold4.csv,250527/2_ms_esm3_re/plots_ql/e5_s128/pred-esm3_small_fold4.csv,-0.03756,0.12659,dataset/ms_ql/test.csv,DP,0.9981593117097288,0.9995513767687833,0.9890986007159128,0.9825747724317296,0.945807292033766
esm3_small,e5,s128,4,plots_ql,plots,ql,250527/2_ms_esm3_re,250527/2_ms_esm3_re/plots_ql/e5_s128/pred-esm3_small_fold4.csv,250527/2_ms_esm3_re/plots_ql/e5_s128/pred-esm3_small_fold4.csv,/home/hwjang/project/250527/2_ms_esm3_re/plots_ql/e5_s128/pred-esm3_small_fold4.csv,250527/2_ms_esm3_re/plots_ql/e5_s128/pred-esm3_small_fold4.csv,-0.03756,0.12659,dataset/ms_ql/test.csv,DQ,0.987422938876192,0.9808965459979564,0.9302013422818792,0.9518407038666358,0.8939776776772903
esm3_small,e5,s128,4,plots_ql,plots,ql,250527/2_ms_esm3_re,250527/2_ms_esm3_re/plots_ql/e5_s128/pred-esm3_small_fold4.csv,250527/2_ms_esm3_re/plots_ql/e5_s128/pred-esm3_small_fold4.csv,/home/hwjang/project/250527/2_ms_esm3_re/plots_ql/e5_s128/pred-esm3_small_fold4.csv,250527/2_ms_esm3_re/plots_ql/e5_s128/pred-esm3_small_fold4.csv,-0.03756,0.12659,dataset/ms_ql/test.csv,H2,0.936300426820873,0.9684353546139156,0.8980769230769231,0.8688118811881188,0.7180458903317801
esm3_small,e5,s42,0,plots_ql,plots,ql,250527/2_ms_esm3_re,250527/2_ms_esm3_re/plots_ql/e5_s42/pred-esm3_small_fold0.csv,250527/2_ms_esm3_re/plots_ql/e5_s42/pred-esm3_small_fold0.csv,/home/hwjang/project/250527/2_ms_esm3_re/plots_ql/e5_s42/pred-esm3_small_fold0.csv,250527/2_ms_esm3_re/plots_ql/e5_s42/pred-esm3_small_fold0.csv,-0.23322,0.12477,dataset/ms_ql/test.csv,DR,0.9824299398026428,0.9573140110746776,0.9012787723785166,0.95332075654235,0.8708035272822545
esm3_small,e5,s42,0,plots_ql,plots,ql,250527/2_ms_esm3_re,250527/2_ms_esm3_re/plots_ql/e5_s42/pred-esm3_small_fold0.csv,250527/2_ms_esm3_re/plots_ql/e5_s42/pred-esm3_small_fold0.csv,/home/hwjang/project/250527/2_ms_esm3_re/plots_ql/e5_s42/pred-esm3_small_fold0.csv,250527/2_ms_esm3_re/plots_ql/e5_s42/pred-esm3_small_fold0.csv,-0.23322,0.12477,dataset/ms_ql/test.csv,DP,0.9968380645068008,0.9992223520439948,0.9866297081363118,0.978673602080624,0.9342620909253496
esm3_small,e5,s42,0,plots_ql,plots,ql,250527/2_ms_esm3_re,250527/2_ms_esm3_re/plots_ql/e5_s42/pred-esm3_small_fold0.csv,250527/2_ms_esm3_re/plots_ql/e5_s42/pred-esm3_small_fold0.csv,/home/hwjang/project/250527/2_ms_esm3_re/plots_ql/e5_s42/pred-esm3_small_fold0.csv,250527/2_ms_esm3_re/plots_ql/e5_s42/pred-esm3_small_fold0.csv,-0.23322,0.12477,dataset/ms_ql/test.csv,DQ,0.988215742027115,0.9820253650425548,0.9294354838709676,0.9513776337115072,0.8929521936632315
esm3_small,e5,s42,0,plots_ql,plots,ql,250527/2_ms_esm3_re,250527/2_ms_esm3_re/plots_ql/e5_s42/pred-esm3_small_fold0.csv,250527/2_ms_esm3_re/plots_ql/e5_s42/pred-esm3_small_fold0.csv,/home/hwjang/project/250527/2_ms_esm3_re/plots_ql/e5_s42/pred-esm3_small_fold0.csv,250527/2_ms_esm3_re/plots_ql/e5_s42/pred-esm3_small_fold0.csv,-0.23322,0.12477,dataset/ms_ql/test.csv,H2,0.9411056037450088,0.9683700707668056,0.9125475285171104,0.8861386138613861,0.7512736118911052
esm3_small,e5,s42,1,plots_ql,plots,ql,250527/2_ms_esm3_re,250527/2_ms_esm3_re/plots_ql/e5_s42/pred-esm3_small_fold1.csv,250527/2_ms_esm3_re/plots_ql/e5_s42/pred-esm3_small_fold1.csv,/home/hwjang/project/250527/2_ms_esm3_re/plots_ql/e5_s42/pred-esm3_small_fold1.csv,250527/2_ms_esm3_re/plots_ql/e5_s42/pred-esm3_small_fold1.csv,-0.06473,0.13487,dataset/ms_ql/test.csv,DR,0.9841617235594696,0.9615561452816316,0.9022273345184566,0.9547719247327432,0.8736632801601446
esm3_small,e5,s42,1,plots_ql,plots,ql,250527/2_ms_esm3_re,250527/2_ms_esm3_re/plots_ql/e5_s42/pred-esm3_small_fold1.csv,250527/2_ms_esm3_re/plots_ql/e5_s42/pred-esm3_small_fold1.csv,/home/hwjang/project/250527/2_ms_esm3_re/plots_ql/e5_s42/pred-esm3_small_fold1.csv,250527/2_ms_esm3_re/plots_ql/e5_s42/pred-esm3_small_fold1.csv,-0.06473,0.13487,dataset/ms_ql/test.csv,DP,0.996496802556254,0.9991313360792188,0.9855683476568834,0.9768530559167752,0.9271339194584952
esm3_small,e5,s42,1,plots_ql,plots,ql,250527/2_ms_esm3_re,250527/2_ms_esm3_re/plots_ql/e5_s42/pred-esm3_small_fold1.csv,250527/2_ms_esm3_re/plots_ql/e5_s42/pred-esm3_small_fold1.csv,/home/hwjang/project/250527/2_ms_esm3_re/plots_ql/e5_s42/pred-esm3_small_fold1.csv,250527/2_ms_esm3_re/plots_ql/e5_s42/pred-esm3_small_fold1.csv,-0.06473,0.13487,dataset/ms_ql/test.csv,DQ,0.9856525173848392,0.9770115302297784,0.9170068027210884,0.9435054410743228,0.8755761770430098
esm3_small,e5,s42,1,plots_ql,plots,ql,250527/2_ms_esm3_re,250527/2_ms_esm3_re/plots_ql/e5_s42/pred-esm3_small_fold1.csv,250527/2_ms_esm3_re/plots_ql/e5_s42/pred-esm3_small_fold1.csv,/home/hwjang/project/250527/2_ms_esm3_re/plots_ql/e5_s42/pred-esm3_small_fold1.csv,250527/2_ms_esm3_re/plots_ql/e5_s42/pred-esm3_small_fold1.csv,-0.06473,0.13487,dataset/ms_ql/test.csv,H2,0.9247074211758226,0.958966789018276,0.9014084507042254,0.870049504950495,0.7112317105786403
esm3_small,e5,s42,2,plots_ql,plots,ql,250527/2_ms_esm3_re,250527/2_ms_esm3_re/plots_ql/e5_s42/pred-esm3_small_fold2.csv,250527/2_ms_esm3_re/plots_ql/e5_s42/pred-esm3_small_fold2.csv,/home/hwjang/project/250527/2_ms_esm3_re/plots_ql/e5_s42/pred-esm3_small_fold2.csv,250527/2_ms_esm3_re/plots_ql/e5_s42/pred-esm3_small_fold2.csv,-0.38984,0.13394,dataset/ms_ql/test.csv,DR,0.9811699975116128,0.9552469059943391,0.8950806286997346,0.950273303342524,0.8625502358326858
esm3_small,e5,s42,2,plots_ql,plots,ql,250527/2_ms_esm3_re,250527/2_ms_esm3_re/plots_ql/e5_s42/pred-esm3_small_fold2.csv,250527/2_ms_esm3_re/plots_ql/e5_s42/pred-esm3_small_fold2.csv,/home/hwjang/project/250527/2_ms_esm3_re/plots_ql/e5_s42/pred-esm3_small_fold2.csv,250527/2_ms_esm3_re/plots_ql/e5_s42/pred-esm3_small_fold2.csv,-0.38984,0.13394,dataset/ms_ql/test.csv,DP,0.9958894413339876,0.9989751316724808,0.9839050560884408,0.9742522756827048,0.9196302867357312
esm3_small,e5,s42,2,plots_ql,plots,ql,250527/2_ms_esm3_re,250527/2_ms_esm3_re/plots_ql/e5_s42/pred-esm3_small_fold2.csv,250527/2_ms_esm3_re/plots_ql/e5_s42/pred-esm3_small_fold2.csv,/home/hwjang/project/250527/2_ms_esm3_re/plots_ql/e5_s42/pred-esm3_small_fold2.csv,250527/2_ms_esm3_re/plots_ql/e5_s42/pred-esm3_small_fold2.csv,-0.38984,0.13394,dataset/ms_ql/test.csv,DQ,0.986041404238491,0.9779951683739196,0.927848954821308,0.9504514934012502,0.8909129072093083
esm3_small,e5,s42,2,plots_ql,plots,ql,250527/2_ms_esm3_re,250527/2_ms_esm3_re/plots_ql/e5_s42/pred-esm3_small_fold2.csv,250527/2_ms_esm3_re/plots_ql/e5_s42/pred-esm3_small_fold2.csv,/home/hwjang/project/250527/2_ms_esm3_re/plots_ql/e5_s42/pred-esm3_small_fold2.csv,250527/2_ms_esm3_re/plots_ql/e5_s42/pred-esm3_small_fold2.csv,-0.38984,0.13394,dataset/ms_ql/test.csv,H2,0.9360044058928818,0.9692746418608064,0.904162633107454,0.8774752475247525,0.7400769963801087
esm3_small,e5,s42,3,plots_ql,plots,ql,250527/2_ms_esm3_re,250527/2_ms_esm3_re/plots_ql/e5_s42/pred-esm3_small_fold3.csv,250527/2_ms_esm3_re/plots_ql/e5_s42/pred-esm3_small_fold3.csv,/home/hwjang/project/250527/2_ms_esm3_re/plots_ql/e5_s42/pred-esm3_small_fold3.csv,250527/2_ms_esm3_re/plots_ql/e5_s42/pred-esm3_small_fold3.csv,-0.06602,0.12766,dataset/ms_ql/test.csv,DR,0.9869698506272822,0.9685585396443992,0.917956026058632,0.9610119479514342,0.8924126165955434
esm3_small,e5,s42,3,plots_ql,plots,ql,250527/2_ms_esm3_re,250527/2_ms_esm3_re/plots_ql/e5_s42/pred-esm3_small_fold3.csv,250527/2_ms_esm3_re/plots_ql/e5_s42/pred-esm3_small_fold3.csv,/home/hwjang/project/250527/2_ms_esm3_re/plots_ql/e5_s42/pred-esm3_small_fold3.csv,250527/2_ms_esm3_re/plots_ql/e5_s42/pred-esm3_small_fold3.csv,-0.06602,0.12766,dataset/ms_ql/test.csv,DP,0.9976263689813512,0.9993938284241556,0.9892124259875092,0.982704811443433,0.9456202416442246
esm3_small,e5,s42,3,plots_ql,plots,ql,250527/2_ms_esm3_re,250527/2_ms_esm3_re/plots_ql/e5_s42/pred-esm3_small_fold3.csv,250527/2_ms_esm3_re/plots_ql/e5_s42/pred-esm3_small_fold3.csv,/home/hwjang/project/250527/2_ms_esm3_re/plots_ql/e5_s42/pred-esm3_small_fold3.csv,250527/2_ms_esm3_re/plots_ql/e5_s42/pred-esm3_small_fold3.csv,-0.06602,0.12766,dataset/ms_ql/test.csv,DQ,0.9877113163256392,0.9807582656642274,0.9198606271777005,0.9414216253762444,0.8751336851552312
esm3_small,e5,s42,3,plots_ql,plots,ql,250527/2_ms_esm3_re,250527/2_ms_esm3_re/plots_ql/e5_s42/pred-esm3_small_fold3.csv,250527/2_ms_esm3_re/plots_ql/e5_s42/pred-esm3_small_fold3.csv,/home/hwjang/project/250527/2_ms_esm3_re/plots_ql/e5_s42/pred-esm3_small_fold3.csv,250527/2_ms_esm3_re/plots_ql/e5_s42/pred-esm3_small_fold3.csv,-0.06602,0.12766,dataset/ms_ql/test.csv,H2,0.931770618201845,0.96392295316222,0.908256880733945,0.8762376237623762,0.7187985871667762
esm3_small,e5,s42,4,plots_ql,plots,ql,250527/2_ms_esm3_re,250527/2_ms_esm3_re/plots_ql/e5_s42/pred-esm3_small_fold4.csv,250527/2_ms_esm3_re/plots_ql/e5_s42/pred-esm3_small_fold4.csv,/home/hwjang/project/250527/2_ms_esm3_re/plots_ql/e5_s42/pred-esm3_small_fold4.csv,250527/2_ms_esm3_re/plots_ql/e5_s42/pred-esm3_small_fold4.csv,0.03145,0.128,dataset/ms_ql/test.csv,DR,0.9842115942379552,0.9645594793291736,0.909955546366174,0.957867750205582,0.8828166581869984
esm3_small,e5,s42,4,plots_ql,plots,ql,250527/2_ms_esm3_re,250527/2_ms_esm3_re/plots_ql/e5_s42/pred-esm3_small_fold4.csv,250527/2_ms_esm3_re/plots_ql/e5_s42/pred-esm3_small_fold4.csv,/home/hwjang/project/250527/2_ms_esm3_re/plots_ql/e5_s42/pred-esm3_small_fold4.csv,250527/2_ms_esm3_re/plots_ql/e5_s42/pred-esm3_small_fold4.csv,0.03145,0.128,dataset/ms_ql/test.csv,DP,0.9967420646496846,0.9992018879593202,0.9858949416342412,0.9773732119635892,0.9287384192664756
esm3_small,e5,s42,4,plots_ql,plots,ql,250527/2_ms_esm3_re,250527/2_ms_esm3_re/plots_ql/e5_s42/pred-esm3_small_fold4.csv,250527/2_ms_esm3_re/plots_ql/e5_s42/pred-esm3_small_fold4.csv,/home/hwjang/project/250527/2_ms_esm3_re/plots_ql/e5_s42/pred-esm3_small_fold4.csv,250527/2_ms_esm3_re/plots_ql/e5_s42/pred-esm3_small_fold4.csv,0.03145,0.128,dataset/ms_ql/test.csv,DQ,0.9864544791029676,0.9812864579082754,0.925848925848926,0.9504514934012502,0.8919029419675032
esm3_small,e5,s42,4,plots_ql,plots,ql,250527/2_ms_esm3_re,250527/2_ms_esm3_re/plots_ql/e5_s42/pred-esm3_small_fold4.csv,250527/2_ms_esm3_re/plots_ql/e5_s42/pred-esm3_small_fold4.csv,/home/hwjang/project/250527/2_ms_esm3_re/plots_ql/e5_s42/pred-esm3_small_fold4.csv,250527/2_ms_esm3_re/plots_ql/e5_s42/pred-esm3_small_fold4.csv,0.03145,0.128,dataset/ms_ql/test.csv,H2,0.938537794299876,0.9680055596003676,0.9015444015444016,0.8737623762376238,0.7306281797543501
esmc_small,e5,s100,0,plots_ql,plots,ql,250527/1_ms_re,250527/1_ms_re/plots_ql/e5_s100/pred-esmc_small_fold0.csv,250527/1_ms_re/plots_ql/e5_s100/pred-esmc_small_fold0.csv,/home/hwjang/project/250527/1_ms_re/plots_ql/e5_s100/pred-esmc_small_fold0.csv,250527/1_ms_re/plots_ql/e5_s100/pred-esmc_small_fold0.csv,-0.58737,0.13262,dataset/ms_ql/test.csv,DR,0.98351941984292,0.960205723346732,0.8999499248873309,0.9516760992599044,0.8681831509185182
esmc_small,e5,s100,0,plots_ql,plots,ql,250527/1_ms_re,250527/1_ms_re/plots_ql/e5_s100/pred-esmc_small_fold0.csv,250527/1_ms_re/plots_ql/e5_s100/pred-esmc_small_fold0.csv,/home/hwjang/project/250527/1_ms_re/plots_ql/e5_s100/pred-esmc_small_fold0.csv,250527/1_ms_re/plots_ql/e5_s100/pred-esmc_small_fold0.csv,-0.58737,0.13262,dataset/ms_ql/test.csv,DP,0.997137333164368,0.999291006845211,0.9861088413139402,0.9778933680104032,0.932621720519997
esmc_small,e5,s100,0,plots_ql,plots,ql,250527/1_ms_re,250527/1_ms_re/plots_ql/e5_s100/pred-esmc_small_fold0.csv,250527/1_ms_re/plots_ql/e5_s100/pred-esmc_small_fold0.csv,/home/hwjang/project/250527/1_ms_re/plots_ql/e5_s100/pred-esmc_small_fold0.csv,250527/1_ms_re/plots_ql/e5_s100/pred-esmc_small_fold0.csv,-0.58737,0.13262,dataset/ms_ql/test.csv,DQ,0.9908386147737552,0.9851732200239596,0.942772080714522,0.9599444315813844,0.9120269649046324
esmc_small,e5,s100,0,plots_ql,plots,ql,250527/1_ms_re,250527/1_ms_re/plots_ql/e5_s100/pred-esmc_small_fold0.csv,250527/1_ms_re/plots_ql/e5_s100/pred-esmc_small_fold0.csv,/home/hwjang/project/250527/1_ms_re/plots_ql/e5_s100/pred-esmc_small_fold0.csv,250527/1_ms_re/plots_ql/e5_s100/pred-esmc_small_fold0.csv,-0.58737,0.13262,dataset/ms_ql/test.csv,H2,0.9336775437147184,0.9569790125933232,0.9150943396226416,0.8886138613861386,0.7540563637494025
esmc_small,e5,s100,1,plots_ql,plots,ql,250527/1_ms_re,250527/1_ms_re/plots_ql/e5_s100/pred-esmc_small_fold1.csv,250527/1_ms_re/plots_ql/e5_s100/pred-esmc_small_fold1.csv,/home/hwjang/project/250527/1_ms_re/plots_ql/e5_s100/pred-esmc_small_fold1.csv,250527/1_ms_re/plots_ql/e5_s100/pred-esmc_small_fold1.csv,-0.19828,0.13128,dataset/ms_ql/test.csv,DR,0.9811544483075492,0.954275311309602,0.8868282402528977,0.948048178783921,0.8544029177590714
esmc_small,e5,s100,1,plots_ql,plots,ql,250527/1_ms_re,250527/1_ms_re/plots_ql/e5_s100/pred-esmc_small_fold1.csv,250527/1_ms_re/plots_ql/e5_s100/pred-esmc_small_fold1.csv,/home/hwjang/project/250527/1_ms_re/plots_ql/e5_s100/pred-esmc_small_fold1.csv,250527/1_ms_re/plots_ql/e5_s100/pred-esmc_small_fold1.csv,-0.19828,0.13128,dataset/ms_ql/test.csv,DP,0.9978929998137412,0.9994819302601562,0.988440247476392,0.9815344603381014,0.9427267765828128
esmc_small,e5,s100,1,plots_ql,plots,ql,250527/1_ms_re,250527/1_ms_re/plots_ql/e5_s100/pred-esmc_small_fold1.csv,250527/1_ms_re/plots_ql/e5_s100/pred-esmc_small_fold1.csv,/home/hwjang/project/250527/1_ms_re/plots_ql/e5_s100/pred-esmc_small_fold1.csv,250527/1_ms_re/plots_ql/e5_s100/pred-esmc_small_fold1.csv,-0.19828,0.13128,dataset/ms_ql/test.csv,DQ,0.9895423252615828,0.9840313439554708,0.9344262295081968,0.9536929844871498,0.8986371906586281
esmc_small,e5,s100,1,plots_ql,plots,ql,250527/1_ms_re,250527/1_ms_re/plots_ql/e5_s100/pred-esmc_small_fold1.csv,250527/1_ms_re/plots_ql/e5_s100/pred-esmc_small_fold1.csv,/home/hwjang/project/250527/1_ms_re/plots_ql/e5_s100/pred-esmc_small_fold1.csv,250527/1_ms_re/plots_ql/e5_s100/pred-esmc_small_fold1.csv,-0.19828,0.13128,dataset/ms_ql/test.csv,H2,0.922112074900179,0.9559926167823104,0.9017447199265382,0.8675742574257426,0.6992657391605699
esmc_small,e5,s100,2,plots_ql,plots,ql,250527/1_ms_re,250527/1_ms_re/plots_ql/e5_s100/pred-esmc_small_fold2.csv,250527/1_ms_re/plots_ql/e5_s100/pred-esmc_small_fold2.csv,/home/hwjang/project/250527/1_ms_re/plots_ql/e5_s100/pred-esmc_small_fold2.csv,250527/1_ms_re/plots_ql/e5_s100/pred-esmc_small_fold2.csv,-0.19697,0.13634,dataset/ms_ql/test.csv,DR,0.980923358957461,0.9537047892153276,0.8915711124522229,0.9478546896918686,0.8572749274764072
esmc_small,e5,s100,2,plots_ql,plots,ql,250527/1_ms_re,250527/1_ms_re/plots_ql/e5_s100/pred-esmc_small_fold2.csv,250527/1_ms_re/plots_ql/e5_s100/pred-esmc_small_fold2.csv,/home/hwjang/project/250527/1_ms_re/plots_ql/e5_s100/pred-esmc_small_fold2.csv,250527/1_ms_re/plots_ql/e5_s100/pred-esmc_small_fold2.csv,-0.19697,0.13634,dataset/ms_ql/test.csv,DP,0.9977445880745002,0.9994536289372556,0.9877750611246944,0.9804941482444732,0.9398056521202688
esmc_small,e5,s100,2,plots_ql,plots,ql,250527/1_ms_re,250527/1_ms_re/plots_ql/e5_s100/pred-esmc_small_fold2.csv,250527/1_ms_re/plots_ql/e5_s100/pred-esmc_small_fold2.csv,/home/hwjang/project/250527/1_ms_re/plots_ql/e5_s100/pred-esmc_small_fold2.csv,250527/1_ms_re/plots_ql/e5_s100/pred-esmc_small_fold2.csv,-0.19697,0.13634,dataset/ms_ql/test.csv,DQ,0.9895376285604518,0.9832714146373086,0.9377289377289376,0.9567029404954852,0.9047718558766222
esmc_small,e5,s100,2,plots_ql,plots,ql,250527/1_ms_re,250527/1_ms_re/plots_ql/e5_s100/pred-esmc_small_fold2.csv,250527/1_ms_re/plots_ql/e5_s100/pred-esmc_small_fold2.csv,/home/hwjang/project/250527/1_ms_re/plots_ql/e5_s100/pred-esmc_small_fold2.csv,250527/1_ms_re/plots_ql/e5_s100/pred-esmc_small_fold2.csv,-0.19697,0.13634,dataset/ms_ql/test.csv,H2,0.9397700674652348,0.9663553876281534,0.9089201877934272,0.879950495049505,0.7332680708810941
esmc_small,e5,s100,3,plots_ql,plots,ql,250527/1_ms_re,250527/1_ms_re/plots_ql/e5_s100/pred-esmc_small_fold3.csv,250527/1_ms_re/plots_ql/e5_s100/pred-esmc_small_fold3.csv,/home/hwjang/project/250527/1_ms_re/plots_ql/e5_s100/pred-esmc_small_fold3.csv,250527/1_ms_re/plots_ql/e5_s100/pred-esmc_small_fold3.csv,-0.09797,0.13718,dataset/ms_ql/test.csv,DR,0.9818432516711696,0.9556520486286046,0.8896774866924121,0.948870507425144,0.8571510746920182
esmc_small,e5,s100,3,plots_ql,plots,ql,250527/1_ms_re,250527/1_ms_re/plots_ql/e5_s100/pred-esmc_small_fold3.csv,250527/1_ms_re/plots_ql/e5_s100/pred-esmc_small_fold3.csv,/home/hwjang/project/250527/1_ms_re/plots_ql/e5_s100/pred-esmc_small_fold3.csv,250527/1_ms_re/plots_ql/e5_s100/pred-esmc_small_fold3.csv,-0.09797,0.13718,dataset/ms_ql/test.csv,DP,0.997058449560846,0.9992794553065574,0.9870278208370727,0.9793237971391416,0.9365046891620362
esmc_small,e5,s100,3,plots_ql,plots,ql,250527/1_ms_re,250527/1_ms_re/plots_ql/e5_s100/pred-esmc_small_fold3.csv,250527/1_ms_re/plots_ql/e5_s100/pred-esmc_small_fold3.csv,/home/hwjang/project/250527/1_ms_re/plots_ql/e5_s100/pred-esmc_small_fold3.csv,250527/1_ms_re/plots_ql/e5_s100/pred-esmc_small_fold3.csv,-0.09797,0.13718,dataset/ms_ql/test.csv,DQ,0.9894143401557616,0.9848410443628054,0.9401881720430108,0.9587867561935632,0.9093623890250668
esmc_small,e5,s100,3,plots_ql,plots,ql,250527/1_ms_re,250527/1_ms_re/plots_ql/e5_s100/pred-esmc_small_fold3.csv,250527/1_ms_re/plots_ql/e5_s100/pred-esmc_small_fold3.csv,/home/hwjang/project/250527/1_ms_re/plots_ql/e5_s100/pred-esmc_small_fold3.csv,250527/1_ms_re/plots_ql/e5_s100/pred-esmc_small_fold3.csv,-0.09797,0.13718,dataset/ms_ql/test.csv,H2,0.932348891642572,0.964348416618544,0.8933333333333333,0.8613861386138614,0.6975409511637891
esmc_small,e5,s100,4,plots_ql,plots,ql,260829/ms,260829/ms/plots_ql/e5_s100/pred-esmc_small_fold4.csv,260829/ms/plots_ql/e5_s100/pred-esmc_small_fold4.csv,/home/hwjang/project/260829/ms/plots_ql/e5_s100/pred-esmc_small_fold4.csv,260829/ms/plots_ql/e5_s100/pred-esmc_small_fold4.csv,-0.18268,0.13984,dataset/ms_ql/test.csv,DR,0.9829963116799032,0.9588659377790588,0.9013856579346616,0.9528370338122188,0.8703933344850119
esmc_small,e5,s100,4,plots_ql,plots,ql,260829/ms,260829/ms/plots_ql/e5_s100/pred-esmc_small_fold4.csv,260829/ms/plots_ql/e5_s100/pred-esmc_small_fold4.csv,/home/hwjang/project/260829/ms/plots_ql/e5_s100/pred-esmc_small_fold4.csv,260829/ms/plots_ql/e5_s100/pred-esmc_small_fold4.csv,-0.18268,0.13984,dataset/ms_ql/test.csv,DP,0.9979383950950134,0.9994909783136472,0.9888385635716596,0.9820546163849154,0.9431885413864024
esmc_small,e5,s100,4,plots_ql,plots,ql,260829/ms,260829/ms/plots_ql/e5_s100/pred-esmc_small_fold4.csv,260829/ms/plots_ql/e5_s100/pred-esmc_small_fold4.csv,/home/hwjang/project/260829/ms/plots_ql/e5_s100/pred-esmc_small_fold4.csv,260829/ms/plots_ql/e5_s100/pred-esmc_small_fold4.csv,-0.18268,0.13984,dataset/ms_ql/test.csv,DQ,0.9908082036339316,0.9870721882052776,0.9474384564204924,0.9634174577448484,0.9195835966699074
esmc_small,e5,s100,4,plots_ql,plots,ql,260829/ms,260829/ms/plots_ql/e5_s100/pred-esmc_small_fold4.csv,260829/ms/plots_ql/e5_s100/pred-esmc_small_fold4.csv,/home/hwjang/project/260829/ms/plots_ql/e5_s100/pred-esmc_small_fold4.csv,260829/ms/plots_ql/e5_s100/pred-esmc_small_fold4.csv,-0.18268,0.13984,dataset/ms_ql/test.csv,H2,0.9357359217954014,0.9627457154817036,0.9059040590405903,0.8737623762376238,0.7143859433802127
esmc_small,e5,s128,0,plots_ql,plots,ql,260829/ms,260829/ms/plots_ql/e5_s128/pred-esmc_small_fold0.csv,260829/ms/plots_ql/e5_s128/pred-esmc_small_fold0.csv,/home/hwjang/project/260829/ms/plots_ql/e5_s128/pred-esmc_small_fold0.csv,260829/ms/plots_ql/e5_s128/pred-esmc_small_fold0.csv,-0.11445,0.12906,dataset/ms_ql/test.csv,DR,0.9841720811178238,0.9619502942379788,0.9064069707842132,0.9558361147390316,0.8776359624192264
esmc_small,e5,s128,0,plots_ql,plots,ql,260829/ms,260829/ms/plots_ql/e5_s128/pred-esmc_small_fold0.csv,260829/ms/plots_ql/e5_s128/pred-esmc_small_fold0.csv,/home/hwjang/project/260829/ms/plots_ql/e5_s128/pred-esmc_small_fold0.csv,260829/ms/plots_ql/e5_s128/pred-esmc_small_fold0.csv,-0.11445,0.12906,dataset/ms_ql/test.csv,DP,0.9972467283503844,0.999321211413504,0.9891233766233766,0.9825747724317296,0.9453376545885992
esmc_small,e5,s128,0,plots_ql,plots,ql,260829/ms,260829/ms/plots_ql/e5_s128/pred-esmc_small_fold0.csv,260829/ms/plots_ql/e5_s128/pred-esmc_small_fold0.csv,/home/hwjang/project/260829/ms/plots_ql/e5_s128/pred-esmc_small_fold0.csv,260829/ms/plots_ql/e5_s128/pred-esmc_small_fold0.csv,-0.11445,0.12906,dataset/ms_ql/test.csv,DQ,0.9927438315875696,0.9892336216785612,0.9522856189522856,0.966890483908312,0.9272364403686868
esmc_small,e5,s128,0,plots_ql,plots,ql,260829/ms,260829/ms/plots_ql/e5_s128/pred-esmc_small_fold0.csv,260829/ms/plots_ql/e5_s128/pred-esmc_small_fold0.csv,/home/hwjang/project/260829/ms/plots_ql/e5_s128/pred-esmc_small_fold0.csv,260829/ms/plots_ql/e5_s128/pred-esmc_small_fold0.csv,-0.11445,0.12906,dataset/ms_ql/test.csv,H2,0.9069668181192344,0.9492978216743666,0.8768186226964112,0.8428217821782178,0.6656869811186276
esmc_small,e5,s128,1,plots_ql,plots,ql,260829/ms,260829/ms/plots_ql/e5_s128/pred-esmc_small_fold1.csv,260829/ms/plots_ql/e5_s128/pred-esmc_small_fold1.csv,/home/hwjang/project/260829/ms/plots_ql/e5_s128/pred-esmc_small_fold1.csv,260829/ms/plots_ql/e5_s128/pred-esmc_small_fold1.csv,-0.32787,0.13381,dataset/ms_ql/test.csv,DR,0.9810434551682412,0.9562847035365704,0.8972368829556039,0.9519663328979828,0.8662877420062994
esmc_small,e5,s128,1,plots_ql,plots,ql,260829/ms,260829/ms/plots_ql/e5_s128/pred-esmc_small_fold1.csv,260829/ms/plots_ql/e5_s128/pred-esmc_small_fold1.csv,/home/hwjang/project/260829/ms/plots_ql/e5_s128/pred-esmc_small_fold1.csv,260829/ms/plots_ql/e5_s128/pred-esmc_small_fold1.csv,-0.32787,0.13381,dataset/ms_ql/test.csv,DP,0.997174329787044,0.9993118133981266,0.9891825945506304,0.982704811443433,0.9461570148161872
esmc_small,e5,s128,1,plots_ql,plots,ql,260829/ms,260829/ms/plots_ql/e5_s128/pred-esmc_small_fold1.csv,260829/ms/plots_ql/e5_s128/pred-esmc_small_fold1.csv,/home/hwjang/project/260829/ms/plots_ql/e5_s128/pred-esmc_small_fold1.csv,260829/ms/plots_ql/e5_s128/pred-esmc_small_fold1.csv,-0.32787,0.13381,dataset/ms_ql/test.csv,DQ,0.992485043355248,0.9880040324454566,0.9381107491856676,0.9560083352627924,0.9040569065343432
esmc_small,e5,s128,1,plots_ql,plots,ql,260829/ms,260829/ms/plots_ql/e5_s128/pred-esmc_small_fold1.csv,260829/ms/plots_ql/e5_s128/pred-esmc_small_fold1.csv,/home/hwjang/project/260829/ms/plots_ql/e5_s128/pred-esmc_small_fold1.csv,260829/ms/plots_ql/e5_s128/pred-esmc_small_fold1.csv,-0.32787,0.13381,dataset/ms_ql/test.csv,H2,0.8971637064573867,0.9498417242398076,0.8675623800383877,0.8292079207920792,0.6305192683115718
esmc_small,e5,s128,2,plots_ql,plots,ql,260829/ms,260829/ms/plots_ql/e5_s128/pred-esmc_small_fold2.csv,260829/ms/plots_ql/e5_s128/pred-esmc_small_fold2.csv,/home/hwjang/project/260829/ms/plots_ql/e5_s128/pred-esmc_small_fold2.csv,260829/ms/plots_ql/e5_s128/pred-esmc_small_fold2.csv,-0.24707,0.12638,dataset/ms_ql/test.csv,DR,0.9833590578198794,0.9596653663747192,0.9025672124519912,0.9533691288153632,0.8719189223857626
esmc_small,e5,s128,2,plots_ql,plots,ql,260829/ms,260829/ms/plots_ql/e5_s128/pred-esmc_small_fold2.csv,260829/ms/plots_ql/e5_s128/pred-esmc_small_fold2.csv,/home/hwjang/project/260829/ms/plots_ql/e5_s128/pred-esmc_small_fold2.csv,260829/ms/plots_ql/e5_s128/pred-esmc_small_fold2.csv,-0.24707,0.12638,dataset/ms_ql/test.csv,DP,0.9976613456734787,0.9994251279570606,0.9891808346213292,0.982704811443433,0.9461938670691032
esmc_small,e5,s128,2,plots_ql,plots,ql,260829/ms,260829/ms/plots_ql/e5_s128/pred-esmc_small_fold2.csv,260829/ms/plots_ql/e5_s128/pred-esmc_small_fold2.csv,/home/hwjang/project/260829/ms/plots_ql/e5_s128/pred-esmc_small_fold2.csv,260829/ms/plots_ql/e5_s128/pred-esmc_small_fold2.csv,-0.24707,0.12638,dataset/ms_ql/test.csv,DQ,0.9924974896132456,0.987241899234001,0.9495216100296932,0.9645751331326696,0.9222621238828718
esmc_small,e5,s128,2,plots_ql,plots,ql,260829/ms,260829/ms/plots_ql/e5_s128/pred-esmc_small_fold2.csv,260829/ms/plots_ql/e5_s128/pred-esmc_small_fold2.csv,/home/hwjang/project/260829/ms/plots_ql/e5_s128/pred-esmc_small_fold2.csv,260829/ms/plots_ql/e5_s128/pred-esmc_small_fold2.csv,-0.24707,0.12638,dataset/ms_ql/test.csv,H2,0.9181261186837396,0.956932903658794,0.8939393939393939,0.8613861386138614,0.6951839125119512
esmc_small,e5,s128,3,plots_ql,plots,ql,260829/ms,260829/ms/plots_ql/e5_s128/pred-esmc_small_fold3.csv,260829/ms/plots_ql/e5_s128/pred-esmc_small_fold3.csv,/home/hwjang/project/260829/ms/plots_ql/e5_s128/pred-esmc_small_fold3.csv,260829/ms/plots_ql/e5_s128/pred-esmc_small_fold3.csv,-0.35513,0.12274,dataset/ms_ql/test.csv,DR,0.9839234739842582,0.9608639157850942,0.904890178201409,0.955594253373966,0.8763628474617365
esmc_small,e5,s128,3,plots_ql,plots,ql,260829/ms,260829/ms/plots_ql/e5_s128/pred-esmc_small_fold3.csv,260829/ms/plots_ql/e5_s128/pred-esmc_small_fold3.csv,/home/hwjang/project/260829/ms/plots_ql/e5_s128/pred-esmc_small_fold3.csv,260829/ms/plots_ql/e5_s128/pred-esmc_small_fold3.csv,-0.35513,0.12274,dataset/ms_ql/test.csv,DP,0.9974030071875508,0.9993372770697044,0.9895571925847972,0.9832249674902472,0.946991692716557
esmc_small,e5,s128,3,plots_ql,plots,ql,260829/ms,260829/ms/plots_ql/e5_s128/pred-esmc_small_fold3.csv,260829/ms/plots_ql/e5_s128/pred-esmc_small_fold3.csv,/home/hwjang/project/260829/ms/plots_ql/e5_s128/pred-esmc_small_fold3.csv,260829/ms/plots_ql/e5_s128/pred-esmc_small_fold3.csv,-0.35513,0.12274,dataset/ms_ql/test.csv,DQ,0.99398235167583,0.9907594146644136,0.9535036018336608,0.9671220189858764,0.9280816919374846
esmc_small,e5,s128,3,plots_ql,plots,ql,260829/ms,260829/ms/plots_ql/e5_s128/pred-esmc_small_fold3.csv,260829/ms/plots_ql/e5_s128/pred-esmc_small_fold3.csv,/home/hwjang/project/260829/ms/plots_ql/e5_s128/pred-esmc_small_fold3.csv,260829/ms/plots_ql/e5_s128/pred-esmc_small_fold3.csv,-0.35513,0.12274,dataset/ms_ql/test.csv,H2,0.9260636100784798,0.9620731661177676,0.8948374760994264,0.8638613861386139,0.7046306154047056
esmc_small,e5,s128,4,plots_ql,plots,ql,260829/ms,260829/ms/plots_ql/e5_s128/pred-esmc_small_fold4.csv,260829/ms/plots_ql/e5_s128/pred-esmc_small_fold4.csv,/home/hwjang/project/260829/ms/plots_ql/e5_s128/pred-esmc_small_fold4.csv,260829/ms/plots_ql/e5_s128/pred-esmc_small_fold4.csv,-0.73164,0.13069,dataset/ms_ql/test.csv,DR,0.9804688229773616,0.9545720204323808,0.8956592622783778,0.9504667924345764,0.8632198039935333
esmc_small,e5,s128,4,plots_ql,plots,ql,260829/ms,260829/ms/plots_ql/e5_s128/pred-esmc_small_fold4.csv,260829/ms/plots_ql/e5_s128/pred-esmc_small_fold4.csv,/home/hwjang/project/260829/ms/plots_ql/e5_s128/pred-esmc_small_fold4.csv,260829/ms/plots_ql/e5_s128/pred-esmc_small_fold4.csv,-0.73164,0.13069,dataset/ms_ql/test.csv,DP,0.9972377981311176,0.9993112380751,0.9883363032561152,0.9812743823146944,0.9409004156473936
esmc_small,e5,s128,4,plots_ql,plots,ql,260829/ms,260829/ms/plots_ql/e5_s128/pred-esmc_small_fold4.csv,260829/ms/plots_ql/e5_s128/pred-esmc_small_fold4.csv,/home/hwjang/project/260829/ms/plots_ql/e5_s128/pred-esmc_small_fold4.csv,260829/ms/plots_ql/e5_s128/pred-esmc_small_fold4.csv,-0.73164,0.13069,dataset/ms_ql/test.csv,DQ,0.99268113062747,0.9880286867224912,0.9453355155482815,0.96133364204677,0.91543319293819
esmc_small,e5,s128,4,plots_ql,plots,ql,260829/ms,260829/ms/plots_ql/e5_s128/pred-esmc_small_fold4.csv,260829/ms/plots_ql/e5_s128/pred-esmc_small_fold4.csv,/home/hwjang/project/260829/ms/plots_ql/e5_s128/pred-esmc_small_fold4.csv,260829/ms/plots_ql/e5_s128/pred-esmc_small_fold4.csv,-0.73164,0.13069,dataset/ms_ql/test.csv,H2,0.9117169213823488,0.9541670685317118,0.8846520495710201,0.8502475247524752,0.6734606837118324
esmc_small,e5,s42,0,plots_ql,plots,ql,250527/1_ms_re,250527/1_ms_re/plots_ql/e5_s42/pred-esmc_small_fold0.csv,250527/1_ms_re/plots_ql/e5_s42/pred-esmc_small_fold0.csv,/home/hwjang/project/250527/1_ms_re/plots_ql/e5_s42/pred-esmc_small_fold0.csv,250527/1_ms_re/plots_ql/e5_s42/pred-esmc_small_fold0.csv,-0.12903,0.14181,dataset/ms_ql/test.csv,DR,0.9792932851370196,0.950769671129184,0.881562368752625,0.9454360760412132,0.847178391933636
esmc_small,e5,s42,0,plots_ql,plots,ql,250527/1_ms_re,250527/1_ms_re/plots_ql/e5_s42/pred-esmc_small_fold0.csv,250527/1_ms_re/plots_ql/e5_s42/pred-esmc_small_fold0.csv,/home/hwjang/project/250527/1_ms_re/plots_ql/e5_s42/pred-esmc_small_fold0.csv,250527/1_ms_re/plots_ql/e5_s42/pred-esmc_small_fold0.csv,-0.12903,0.14181,dataset/ms_ql/test.csv,DP,0.9960696404013326,0.9990202343281124,0.9833005893909628,0.9734720416124838,0.9197648460064032
esmc_small,e5,s42,0,plots_ql,plots,ql,250527/1_ms_re,250527/1_ms_re/plots_ql/e5_s42/pred-esmc_small_fold0.csv,250527/1_ms_re/plots_ql/e5_s42/pred-esmc_small_fold0.csv,/home/hwjang/project/250527/1_ms_re/plots_ql/e5_s42/pred-esmc_small_fold0.csv,250527/1_ms_re/plots_ql/e5_s42/pred-esmc_small_fold0.csv,-0.12903,0.14181,dataset/ms_ql/test.csv,DQ,0.9883507721846332,0.9827501035369972,0.935266351989211,0.9555452651076638,0.9022142421807874
esmc_small,e5,s42,0,plots_ql,plots,ql,250527/1_ms_re,250527/1_ms_re/plots_ql/e5_s42/pred-esmc_small_fold0.csv,250527/1_ms_re/plots_ql/e5_s42/pred-esmc_small_fold0.csv,/home/hwjang/project/250527/1_ms_re/plots_ql/e5_s42/pred-esmc_small_fold0.csv,250527/1_ms_re/plots_ql/e5_s42/pred-esmc_small_fold0.csv,-0.12903,0.14181,dataset/ms_ql/test.csv,H2,0.9172518243150212,0.952492603077094,0.8594217347956131,0.8254950495049505,0.6443547654601193
esmc_small,e5,s42,1,plots_ql,plots,ql,250527/1_ms_re,250527/1_ms_re/plots_ql/e5_s42/pred-esmc_small_fold1.csv,250527/1_ms_re/plots_ql/e5_s42/pred-esmc_small_fold1.csv,/home/hwjang/project/250527/1_ms_re/plots_ql/e5_s42/pred-esmc_small_fold1.csv,250527/1_ms_re/plots_ql/e5_s42/pred-esmc_small_fold1.csv,-0.29714,0.14277,dataset/ms_ql/test.csv,DR,0.9811351163430432,0.9544982877333394,0.892059553349876,0.9494993469743144,0.8594572809993616
esmc_small,e5,s42,1,plots_ql,plots,ql,250527/1_ms_re,250527/1_ms_re/plots_ql/e5_s42/pred-esmc_small_fold1.csv,250527/1_ms_re/plots_ql/e5_s42/pred-esmc_small_fold1.csv,/home/hwjang/project/250527/1_ms_re/plots_ql/e5_s42/pred-esmc_small_fold1.csv,250527/1_ms_re/plots_ql/e5_s42/pred-esmc_small_fold1.csv,-0.29714,0.14277,dataset/ms_ql/test.csv,DP,0.997351233178231,0.9993555056440864,0.9883381924198252,0.9812743823146944,0.9408771764574893
esmc_small,e5,s42,1,plots_ql,plots,ql,250527/1_ms_re,250527/1_ms_re/plots_ql/e5_s42/pred-esmc_small_fold1.csv,250527/1_ms_re/plots_ql/e5_s42/pred-esmc_small_fold1.csv,/home/hwjang/project/250527/1_ms_re/plots_ql/e5_s42/pred-esmc_small_fold1.csv,250527/1_ms_re/plots_ql/e5_s42/pred-esmc_small_fold1.csv,-0.29714,0.14277,dataset/ms_ql/test.csv,DQ,0.9921853938230866,0.9878236076476876,0.946949602122016,0.96295438758972,0.918601581041144
esmc_small,e5,s42,1,plots_ql,plots,ql,250527/1_ms_re,250527/1_ms_re/plots_ql/e5_s42/pred-esmc_small_fold1.csv,250527/1_ms_re/plots_ql/e5_s42/pred-esmc_small_fold1.csv,/home/hwjang/project/250527/1_ms_re/plots_ql/e5_s42/pred-esmc_small_fold1.csv,250527/1_ms_re/plots_ql/e5_s42/pred-esmc_small_fold1.csv,-0.29714,0.14277,dataset/ms_ql/test.csv,H2,0.922180916976456,0.9567252628608136,0.888045540796964,0.8539603960396039,0.6795670381771203
esmc_small,e5,s42,2,plots_ql,plots,ql,250527/1_ms_re,250527/1_ms_re/plots_ql/e5_s42/pred-esmc_small_fold2.csv,250527/1_ms_re/plots_ql/e5_s42/pred-esmc_small_fold2.csv,/home/hwjang/project/250527/1_ms_re/plots_ql/e5_s42/pred-esmc_small_fold2.csv,250527/1_ms_re/plots_ql/e5_s42/pred-esmc_small_fold2.csv,-0.45837,0.14074,dataset/ms_ql/test.csv,DR,0.980449709743902,0.952747277334962,0.8905213753698602,0.948096551056934,0.8565571739052966
esmc_small,e5,s42,2,plots_ql,plots,ql,250527/1_ms_re,250527/1_ms_re/plots_ql/e5_s42/pred-esmc_small_fold2.csv,250527/1_ms_re/plots_ql/e5_s42/pred-esmc_small_fold2.csv,/home/hwjang/project/250527/1_ms_re/plots_ql/e5_s42/pred-esmc_small_fold2.csv,250527/1_ms_re/plots_ql/e5_s42/pred-esmc_small_fold2.csv,-0.45837,0.14074,dataset/ms_ql/test.csv,DP,0.9973625022644486,0.999368635666428,0.9844916714531878,0.9754226267880364,0.9267766267660644
esmc_small,e5,s42,2,plots_ql,plots,ql,250527/1_ms_re,250527/1_ms_re/plots_ql/e5_s42/pred-esmc_small_fold2.csv,250527/1_ms_re/plots_ql/e5_s42/pred-esmc_small_fold2.csv,/home/hwjang/project/250527/1_ms_re/plots_ql/e5_s42/pred-esmc_small_fold2.csv,250527/1_ms_re/plots_ql/e5_s42/pred-esmc_small_fold2.csv,-0.45837,0.14074,dataset/ms_ql/test.csv,DQ,0.989532227354151,0.9832271549434692,0.9441691443673604,0.9608705718916416,0.9140942385902496
esmc_small,e5,s42,2,plots_ql,plots,ql,250527/1_ms_re,250527/1_ms_re/plots_ql/e5_s42/pred-esmc_small_fold2.csv,250527/1_ms_re/plots_ql/e5_s42/pred-esmc_small_fold2.csv,/home/hwjang/project/250527/1_ms_re/plots_ql/e5_s42/pred-esmc_small_fold2.csv,250527/1_ms_re/plots_ql/e5_s42/pred-esmc_small_fold2.csv,-0.45837,0.14074,dataset/ms_ql/test.csv,H2,0.9407476249483684,0.967558083353258,0.911439114391144,0.8811881188118812,0.7312015534671581
esmc_small,e5,s42,3,plots_ql,plots,ql,250527/1_ms_re,250527/1_ms_re/plots_ql/e5_s42/pred-esmc_small_fold3.csv,250527/1_ms_re/plots_ql/e5_s42/pred-esmc_small_fold3.csv,/home/hwjang/project/250527/1_ms_re/plots_ql/e5_s42/pred-esmc_small_fold3.csv,250527/1_ms_re/plots_ql/e5_s42/pred-esmc_small_fold3.csv,-0.07447,0.13825,dataset/ms_ql/test.csv,DR,0.979996061554519,0.9537270561062844,0.8936170212765957,0.950176558796498,0.8614128303809662
esmc_small,e5,s42,3,plots_ql,plots,ql,250527/1_ms_re,250527/1_ms_re/plots_ql/e5_s42/pred-esmc_small_fold3.csv,250527/1_ms_re/plots_ql/e5_s42/pred-esmc_small_fold3.csv,/home/hwjang/project/250527/1_ms_re/plots_ql/e5_s42/pred-esmc_small_fold3.csv,250527/1_ms_re/plots_ql/e5_s42/pred-esmc_small_fold3.csv,-0.07447,0.13825,dataset/ms_ql/test.csv,DP,0.9972821302910486,0.9993247629348314,0.9871805340083286,0.9795838751625487,0.9375737119865648
esmc_small,e5,s42,3,plots_ql,plots,ql,250527/1_ms_re,250527/1_ms_re/plots_ql/e5_s42/pred-esmc_small_fold3.csv,250527/1_ms_re/plots_ql/e5_s42/pred-esmc_small_fold3.csv,/home/hwjang/project/250527/1_ms_re/plots_ql/e5_s42/pred-esmc_small_fold3.csv,250527/1_ms_re/plots_ql/e5_s42/pred-esmc_small_fold3.csv,-0.07447,0.13825,dataset/ms_ql/test.csv,DQ,0.9922971753100056,0.9884479523341826,0.9462932454695222,0.9622597823570272,0.9172165948498686
esmc_small,e5,s42,3,plots_ql,plots,ql,250527/1_ms_re,250527/1_ms_re/plots_ql/e5_s42/pred-esmc_small_fold3.csv,250527/1_ms_re/plots_ql/e5_s42/pred-esmc_small_fold3.csv,/home/hwjang/project/250527/1_ms_re/plots_ql/e5_s42/pred-esmc_small_fold3.csv,250527/1_ms_re/plots_ql/e5_s42/pred-esmc_small_fold3.csv,-0.07447,0.13825,dataset/ms_ql/test.csv,H2,0.9377461104226904,0.9640954195363316,0.909426987060998,0.8787128712871287,0.7260256871146289
esmc_small,e5,s42,4,plots_ql,plots,ql,250527/1_ms_re,250527/1_ms_re/plots_ql/e5_s42/pred-esmc_small_fold4.csv,250527/1_ms_re/plots_ql/e5_s42/pred-esmc_small_fold4.csv,/home/hwjang/project/250527/1_ms_re/plots_ql/e5_s42/pred-esmc_small_fold4.csv,250527/1_ms_re/plots_ql/e5_s42/pred-esmc_small_fold4.csv,0.00487,0.14321,dataset/ms_ql/test.csv,DR,0.9791329810133732,0.947912277209864,0.8734501923899102,0.942727228752479,0.8387849517593706
esmc_small,e5,s42,4,plots_ql,plots,ql,250527/1_ms_re,250527/1_ms_re/plots_ql/e5_s42/pred-esmc_small_fold4.csv,250527/1_ms_re/plots_ql/e5_s42/pred-esmc_small_fold4.csv,/home/hwjang/project/250527/1_ms_re/plots_ql/e5_s42/pred-esmc_small_fold4.csv,250527/1_ms_re/plots_ql/e5_s42/pred-esmc_small_fold4.csv,0.00487,0.14321,dataset/ms_ql/test.csv,DP,0.9969482038777564,0.9992521963366592,0.9882983910287664,0.9812743823146944,0.941492299591786
esmc_small,e5,s42,4,plots_ql,plots,ql,250527/1_ms_re,250527/1_ms_re/plots_ql/e5_s42/pred-esmc_small_fold4.csv,250527/1_ms_re/plots_ql/e5_s42/pred-esmc_small_fold4.csv,/home/hwjang/project/250527/1_ms_re/plots_ql/e5_s42/pred-esmc_small_fold4.csv,250527/1_ms_re/plots_ql/e5_s42/pred-esmc_small_fold4.csv,0.00487,0.14321,dataset/ms_ql/test.csv,DQ,0.9906162259751996,0.9864038310011742,0.94349715814109,0.9608705718916416,0.913946736723146
esmc_small,e5,s42,4,plots_ql,plots,ql,250527/1_ms_re,250527/1_ms_re/plots_ql/e5_s42/pred-esmc_small_fold4.csv,250527/1_ms_re/plots_ql/e5_s42/pred-esmc_small_fold4.csv,/home/hwjang/project/250527/1_ms_re/plots_ql/e5_s42/pred-esmc_small_fold4.csv,250527/1_ms_re/plots_ql/e5_s42/pred-esmc_small_fold4.csv,0.00487,0.14321,dataset/ms_ql/test.csv,H2,0.9217540961035384,0.9545199167392492,0.898876404494382,0.8663366336633663,0.7019999657244954
