model,lr,seed,fold,dir,kind,group,root,rel,path,val_auc,val_loss,test_path,serotype,roc_auc,pr_auc,f1,accuracy,mcc
af3,e5,s100,0,plots,plots,,250513/1_bulk,250513/1_bulk/2/plots/e5_s100/pred-af3_fold0.csv,250513/1_bulk/2/plots/e5_s100/pred-af3_fold0.csv,-0.7407,0.41777,dataset/full/test.csv,DR,0.8675964887156855,0.8855133093790739,0.7955575449001286,0.7822472512737999,0.5626607905513695
af3,e5,s100,0,plots,plots,,250513/1_bulk,250513/1_bulk/2/plots/e5_s100/pred-af3_fold0.csv,250513/1_bulk/2/plots/e5_s100/pred-af3_fold0.csv,-0.7407,0.41777,dataset/full/test.csv,DP,0.9640283675432922,0.9915951167164252,0.9509366636931312,0.9193942354665364,0.7257845194729615
af3,e5,s100,0,plots,plots,,250513/1_bulk,250513/1_bulk/2/plots/e5_s100/pred-af3_fold0.csv,250513/1_bulk/2/plots/e5_s100/pred-af3_fold0.csv,-0.7407,0.41777,dataset/full/test.csv,DQ,0.8608366723452245,0.8829335048257592,0.786261882858019,0.7544910179640718,0.515107599348811
af3,e5,s100,0,plots,plots,,250513/1_bulk,250513/1_bulk/2/plots/e5_s100/pred-af3_fold0.csv,250513/1_bulk/2/plots/e5_s100/pred-af3_fold0.csv,-0.7407,0.41777,dataset/full/test.csv,H2,0.8368829369136055,0.9235604079928306,0.8548504741064916,0.7848648648648648,0.4479162178464259
af3,e5,s100,1,plots,plots,,250513/1_bulk,250513/1_bulk/2/plots/e5_s100/pred-af3_fold1.csv,250513/1_bulk/2/plots/e5_s100/pred-af3_fold1.csv,3.60797,0.47401,dataset/full/test.csv,DR,0.8311016025417219,0.8481688591995591,0.7741414576380665,0.7499478561425464,0.4972629724528661
af3,e5,s100,1,plots,plots,,250513/1_bulk,250513/1_bulk/2/plots/e5_s100/pred-af3_fold1.csv,250513/1_bulk/2/plots/e5_s100/pred-af3_fold1.csv,3.60797,0.47401,dataset/full/test.csv,DP,0.9296853172447652,0.9822486251323458,0.9362200117027502,0.8935026868588177,0.6205845744924914
af3,e5,s100,1,plots,plots,,250513/1_bulk,250513/1_bulk/2/plots/e5_s100/pred-af3_fold1.csv,250513/1_bulk/2/plots/e5_s100/pred-af3_fold1.csv,3.60797,0.47401,dataset/full/test.csv,DQ,0.8180658692817868,0.851097106877853,0.7503598272829042,0.7250792532581894,0.4492896815295324
af3,e5,s100,1,plots,plots,,250513/1_bulk,250513/1_bulk/2/plots/e5_s100/pred-af3_fold1.csv,250513/1_bulk/2/plots/e5_s100/pred-af3_fold1.csv,3.60797,0.47401,dataset/full/test.csv,H2,0.8097043322201777,0.9016905370012738,0.8587731811697575,0.7859459459459459,0.4385294476847196
af3,e5,s100,2,plots,plots,,250513/1_bulk,250513/1_bulk/2/plots/e5_s100/pred-af3_fold2.csv,250513/1_bulk/2/plots/e5_s100/pred-af3_fold2.csv,-2.27773,0.43182,dataset/full/test.csv,DR,0.8632782661905075,0.8794888195264874,0.797046343748278,0.780519054855338,0.5587323404842804
af3,e5,s100,2,plots,plots,,250513/1_bulk,250513/1_bulk/2/plots/e5_s100/pred-af3_fold2.csv,250513/1_bulk/2/plots/e5_s100/pred-af3_fold2.csv,-2.27773,0.43182,dataset/full/test.csv,DP,0.9603605069273592,0.990510183869687,0.9517838483355724,0.921104054714216,0.7349485759007133
af3,e5,s100,2,plots,plots,,250513/1_bulk,250513/1_bulk/2/plots/e5_s100/pred-af3_fold2.csv,250513/1_bulk/2/plots/e5_s100/pred-af3_fold2.csv,-2.27773,0.43182,dataset/full/test.csv,DQ,0.8521025332732659,0.876833774133642,0.7806472703497875,0.7636491722437478,0.5261690154474438
af3,e5,s100,2,plots,plots,,250513/1_bulk,250513/1_bulk/2/plots/e5_s100/pred-af3_fold2.csv,250513/1_bulk/2/plots/e5_s100/pred-af3_fold2.csv,-2.27773,0.43182,dataset/full/test.csv,H2,0.8187714396056248,0.9066470162051274,0.8647540983606558,0.7859459459459459,0.4272690347909428
af3,e5,s100,3,plots,plots,,250513/1_bulk,250513/1_bulk/2/plots/e5_s100/pred-af3_fold3.csv,250513/1_bulk/2/plots/e5_s100/pred-af3_fold3.csv,-2.44938,0.42605,dataset/full/test.csv,DR,0.8603980686179526,0.879871415683941,0.7906064373532256,0.7741724024909865,0.5459945881249114
af3,e5,s100,3,plots,plots,,250513/1_bulk,250513/1_bulk/2/plots/e5_s100/pred-af3_fold3.csv,250513/1_bulk/2/plots/e5_s100/pred-af3_fold3.csv,-2.44938,0.42605,dataset/full/test.csv,DP,0.9561124074282098,0.9894492411802248,0.9468053491827636,0.9125549584758182,0.7019233121899432
af3,e5,s100,3,plots,plots,,250513/1_bulk,250513/1_bulk/2/plots/e5_s100/pred-af3_fold3.csv,250513/1_bulk/2/plots/e5_s100/pred-af3_fold3.csv,-2.44938,0.42605,dataset/full/test.csv,DQ,0.8697663536995656,0.8933922207018463,0.7912161038096822,0.7789714688270518,0.5567518465765307
af3,e5,s100,3,plots,plots,,250513/1_bulk,250513/1_bulk/2/plots/e5_s100/pred-af3_fold3.csv,250513/1_bulk/2/plots/e5_s100/pred-af3_fold3.csv,-2.44938,0.42605,dataset/full/test.csv,H2,0.8192882618869124,0.9021088281191476,0.867739678096571,0.7956756756756757,0.4597088647069703
af3,e5,s100,4,plots,plots,,250513/1_bulk,250513/1_bulk/2/plots/e5_s100/pred-af3_fold4.csv,250513/1_bulk/2/plots/e5_s100/pred-af3_fold4.csv,-1.304,0.4353,dataset/full/test.csv,DR,0.8571494915262889,0.8763240927843093,0.791528103363681,0.7721164446828164,0.5418077807493595
af3,e5,s100,4,plots,plots,,250513/1_bulk,250513/1_bulk/2/plots/e5_s100/pred-af3_fold4.csv,250513/1_bulk/2/plots/e5_s100/pred-af3_fold4.csv,-1.304,0.4353,dataset/full/test.csv,DP,0.9516150098125128,0.9883375313322011,0.9448173005219984,0.9096238397655104,0.6954764936768276
af3,e5,s100,4,plots,plots,,250513/1_bulk,250513/1_bulk/2/plots/e5_s100/pred-af3_fold4.csv,250513/1_bulk/2/plots/e5_s100/pred-af3_fold4.csv,-1.304,0.4353,dataset/full/test.csv,DQ,0.8621891834910103,0.885096914384182,0.7881466928618206,0.7721028531172949,0.54314267244657
af3,e5,s100,4,plots,plots,,250513/1_bulk,250513/1_bulk/2/plots/e5_s100/pred-af3_fold4.csv,250513/1_bulk/2/plots/e5_s100/pred-af3_fold4.csv,-1.304,0.4353,dataset/full/test.csv,H2,0.7826165973784047,0.8968899729186198,0.8227374719521316,0.7437837837837837,0.3619378948150031
af3,e5,s128,0,plots,plots,,250513/1_bulk,250513/1_bulk/4/plots/e5_s128/pred-af3_fold0.csv,250513/1_bulk/4/plots/e5_s128/pred-af3_fold0.csv,-1.12754,0.40374,dataset/full/test.csv,DR,0.8776349344367695,0.893475315085752,0.8035345096151123,0.7933017490539614,0.5856211322899043
af3,e5,s128,0,plots,plots,,250513/1_bulk,250513/1_bulk/4/plots/e5_s128/pred-af3_fold0.csv,250513/1_bulk/4/plots/e5_s128/pred-af3_fold0.csv,-1.12754,0.40374,dataset/full/test.csv,DP,0.9702234754004836,0.9929855347247264,0.9597915115413254,0.9340498290180752,0.7768259176192996
af3,e5,s128,0,plots,plots,,250513/1_bulk,250513/1_bulk/4/plots/e5_s128/pred-af3_fold0.csv,250513/1_bulk/4/plots/e5_s128/pred-af3_fold0.csv,-1.12754,0.40374,dataset/full/test.csv,DQ,0.8774723108150173,0.9003577640586656,0.7967180174146015,0.7861923212398731,0.5713299024089376
af3,e5,s128,0,plots,plots,,250513/1_bulk,250513/1_bulk/4/plots/e5_s128/pred-af3_fold0.csv,250513/1_bulk/4/plots/e5_s128/pred-af3_fold0.csv,-1.12754,0.40374,dataset/full/test.csv,H2,0.8041981871464594,0.9089998471472036,0.8203546646106399,0.7481081081081081,0.3996426387760119
af3,e5,s128,1,plots,plots,,250513/1_bulk,250513/1_bulk/4/plots/e5_s128/pred-af3_fold1.csv,250513/1_bulk/4/plots/e5_s128/pred-af3_fold1.csv,2.9284,0.45175,dataset/full/test.csv,DR,0.8495603066263675,0.8679684795765961,0.7737155001579598,0.7652334554989422,0.5306934215004404
af3,e5,s128,1,plots,plots,,250513/1_bulk,250513/1_bulk/4/plots/e5_s128/pred-af3_fold1.csv,250513/1_bulk/4/plots/e5_s128/pred-af3_fold1.csv,2.9284,0.45175,dataset/full/test.csv,DP,0.9525205281107464,0.9885878323631768,0.9436799759380404,0.9085246702491452,0.7005127561360225
af3,e5,s128,1,plots,plots,,250513/1_bulk,250513/1_bulk/4/plots/e5_s128/pred-af3_fold1.csv,250513/1_bulk/4/plots/e5_s128/pred-af3_fold1.csv,2.9284,0.45175,dataset/full/test.csv,DQ,0.8520623805986254,0.8785179061517767,0.7768424669300807,0.7712222613596337,0.542702559247192
af3,e5,s128,1,plots,plots,,250513/1_bulk,250513/1_bulk/4/plots/e5_s128/pred-af3_fold1.csv,250513/1_bulk/4/plots/e5_s128/pred-af3_fold1.csv,2.9284,0.45175,dataset/full/test.csv,H2,0.8484574842681569,0.9266441140922738,0.8627748294162244,0.8043243243243243,0.5219711247332267
af3,e5,s128,2,plots,plots,,250513/1_bulk,250513/1_bulk/4/plots/e5_s128/pred-af3_fold2.csv,250513/1_bulk/4/plots/e5_s128/pred-af3_fold2.csv,2.11525,0.4575,dataset/full/test.csv,DR,0.8361833113381603,0.8566280690129118,0.7694686844140064,0.7512589017013795,0.4998563447182233
af3,e5,s128,2,plots,plots,,250513/1_bulk,250513/1_bulk/4/plots/e5_s128/pred-af3_fold2.csv,250513/1_bulk/4/plots/e5_s128/pred-af3_fold2.csv,2.11525,0.4575,dataset/full/test.csv,DP,0.929830625270466,0.9819909357138884,0.938284441143706,0.8985100146555935,0.6535145142556642
af3,e5,s128,2,plots,plots,,250513/1_bulk,250513/1_bulk/4/plots/e5_s128/pred-af3_fold2.csv,250513/1_bulk/4/plots/e5_s128/pred-af3_fold2.csv,2.11525,0.4575,dataset/full/test.csv,DQ,0.8270425404535089,0.8564983005995886,0.7334654892773472,0.7395209580838323,0.4853965898990741
af3,e5,s128,2,plots,plots,,250513/1_bulk,250513/1_bulk/4/plots/e5_s128/pred-af3_fold2.csv,250513/1_bulk/4/plots/e5_s128/pred-af3_fold2.csv,2.11525,0.4575,dataset/full/test.csv,H2,0.7841045911992549,0.8975474286110702,0.810641627543036,0.7383783783783784,0.3902658427113216
af3,e5,s128,3,plots,plots,,250513/1_bulk,250513/1_bulk/4/plots/e5_s128/pred-af3_fold3.csv,250513/1_bulk/4/plots/e5_s128/pred-af3_fold3.csv,-5.53419,0.43048,dataset/full/test.csv,DR,0.8575339679871523,0.8772374767166767,0.783536238479918,0.7732487113018086,0.5457751262890833
af3,e5,s128,3,plots,plots,,250513/1_bulk,250513/1_bulk/4/plots/e5_s128/pred-af3_fold3.csv,250513/1_bulk/4/plots/e5_s128/pred-af3_fold3.csv,-5.53419,0.43048,dataset/full/test.csv,DP,0.96261144047928,0.991141385400134,0.9483071342200724,0.9164631167562286,0.7318172723024398
af3,e5,s128,3,plots,plots,,250513/1_bulk,250513/1_bulk/4/plots/e5_s128/pred-af3_fold3.csv,250513/1_bulk/4/plots/e5_s128/pred-af3_fold3.csv,-5.53419,0.43048,dataset/full/test.csv,DQ,0.8596782117415868,0.8846199255208342,0.7809103795873366,0.7550193730186685,0.5116084983054497
af3,e5,s128,3,plots,plots,,250513/1_bulk,250513/1_bulk/4/plots/e5_s128/pred-af3_fold3.csv,250513/1_bulk/4/plots/e5_s128/pred-af3_fold3.csv,-5.53419,0.43048,dataset/full/test.csv,H2,0.797201208569027,0.906565230614039,0.819258089976322,0.7524324324324324,0.4311518890564909
af3,e5,s128,4,plots,plots,,250513/1_bulk,250513/1_bulk/4/plots/e5_s128/pred-af3_fold4.csv,250513/1_bulk/4/plots/e5_s128/pred-af3_fold4.csv,-1.45632,0.44374,dataset/full/test.csv,DR,0.8535189208704359,0.8707448109372906,0.7881170575043606,0.771967462232949,0.5416059537280054
af3,e5,s128,4,plots,plots,,250513/1_bulk,250513/1_bulk/4/plots/e5_s128/pred-af3_fold4.csv,250513/1_bulk/4/plots/e5_s128/pred-af3_fold4.csv,-1.45632,0.44374,dataset/full/test.csv,DP,0.9508174544834778,0.9874521027144578,0.9484718736158276,0.9147532975085492,0.704266907467251
af3,e5,s128,4,plots,plots,,250513/1_bulk,250513/1_bulk/4/plots/e5_s128/pred-af3_fold4.csv,250513/1_bulk/4/plots/e5_s128/pred-af3_fold4.csv,-1.45632,0.44374,dataset/full/test.csv,DQ,0.8725447198859912,0.8936368485934616,0.7985347985347986,0.7772102853117295,0.5554320311233522
af3,e5,s128,4,plots,plots,,250513/1_bulk,250513/1_bulk/4/plots/e5_s128/pred-af3_fold4.csv,250513/1_bulk/4/plots/e5_s128/pred-af3_fold4.csv,-1.45632,0.44374,dataset/full/test.csv,H2,0.8530066562166339,0.9302434386489772,0.8693820224719101,0.798918918918919,0.4700046881861938
af3,e5,s42,0,plots,plots,,250513/1_bulk,250513/1_bulk/2/plots/e5_s42/pred-af3_fold0.csv,250513/1_bulk/2/plots/e5_s42/pred-af3_fold0.csv,5.47852,0.44382,dataset/full/test.csv,DR,0.8442378245841092,0.866022178295488,0.7789653934322093,0.7615386907422306,0.5205548158723946
af3,e5,s42,0,plots,plots,,250513/1_bulk,250513/1_bulk/2/plots/e5_s42/pred-af3_fold0.csv,250513/1_bulk/2/plots/e5_s42/pred-af3_fold0.csv,5.47852,0.44382,dataset/full/test.csv,DP,0.9415547879292434,0.9859782886483944,0.937795452840099,0.8987542745481192,0.6659793527553918
af3,e5,s42,0,plots,plots,,250513/1_bulk,250513/1_bulk/2/plots/e5_s42/pred-af3_fold0.csv,250513/1_bulk/2/plots/e5_s42/pred-af3_fold0.csv,5.47852,0.44382,dataset/full/test.csv,DQ,0.8320674674328246,0.8587533135306304,0.765950676213206,0.7409299048960901,0.4818402453684399
af3,e5,s42,0,plots,plots,,250513/1_bulk,250513/1_bulk/2/plots/e5_s42/pred-af3_fold0.csv,250513/1_bulk/2/plots/e5_s42/pred-af3_fold0.csv,5.47852,0.44382,dataset/full/test.csv,H2,0.8096560576114861,0.9087799882943696,0.8264591439688715,0.7589189189189189,0.4336090813573673
af3,e5,s42,1,plots,plots,,250513/1_bulk,250513/1_bulk/2/plots/e5_s42/pred-af3_fold1.csv,250513/1_bulk/2/plots/e5_s42/pred-af3_fold1.csv,3.43876,0.46366,dataset/full/test.csv,DR,0.8384702356335605,0.858915082255491,0.7762589341522407,0.75468549804833,0.5066298947587874
af3,e5,s42,1,plots,plots,,250513/1_bulk,250513/1_bulk/2/plots/e5_s42/pred-af3_fold1.csv,250513/1_bulk/2/plots/e5_s42/pred-af3_fold1.csv,3.43876,0.46366,dataset/full/test.csv,DP,0.9383359618889726,0.9847374643874944,0.9370060961842402,0.8977772349780166,0.6663887309835719
af3,e5,s42,1,plots,plots,,250513/1_bulk,250513/1_bulk/2/plots/e5_s42/pred-af3_fold1.csv,250513/1_bulk/2/plots/e5_s42/pred-af3_fold1.csv,3.43876,0.46366,dataset/full/test.csv,DQ,0.821842582620033,0.852186376039707,0.7391988805317474,0.7374075378654456,0.4768298661561161
af3,e5,s42,1,plots,plots,,250513/1_bulk,250513/1_bulk/2/plots/e5_s42/pred-af3_fold1.csv,250513/1_bulk/2/plots/e5_s42/pred-af3_fold1.csv,3.43876,0.46366,dataset/full/test.csv,H2,0.7695313387400895,0.894852896132473,0.8136094674556213,0.7275675675675676,0.3107584708724761
af3,e5,s42,2,plots,plots,,250513/1_bulk,250513/1_bulk/2/plots/e5_s42/pred-af3_fold2.csv,250513/1_bulk/2/plots/e5_s42/pred-af3_fold2.csv,-1.92691,0.45459,dataset/full/test.csv,DR,0.8422413350328302,0.86207397863281,0.7819097631550744,0.7574565716158637,0.5126924864795018
af3,e5,s42,2,plots,plots,,250513/1_bulk,250513/1_bulk/2/plots/e5_s42/pred-af3_fold2.csv,250513/1_bulk/2/plots/e5_s42/pred-af3_fold2.csv,-1.92691,0.45459,dataset/full/test.csv,DP,0.9459837527153384,0.9871037118864529,0.9373965387509404,0.8983878847093307,0.6681099391698959
af3,e5,s42,2,plots,plots,,250513/1_bulk,250513/1_bulk/2/plots/e5_s42/pred-af3_fold2.csv,250513/1_bulk/2/plots/e5_s42/pred-af3_fold2.csv,-1.92691,0.45459,dataset/full/test.csv,DQ,0.8313690843797892,0.8607594592788018,0.754462782081509,0.7432194434660092,0.4853644153239113
af3,e5,s42,2,plots,plots,,250513/1_bulk,250513/1_bulk/2/plots/e5_s42/pred-af3_fold2.csv,250513/1_bulk/2/plots/e5_s42/pred-af3_fold2.csv,-1.92691,0.45459,dataset/full/test.csv,H2,0.8327937935891319,0.9161664673767054,0.8557692307692307,0.772972972972973,0.3855488762047038
af3,e5,s42,3,plots,plots,,250513/1_bulk,250513/1_bulk/2/plots/e5_s42/pred-af3_fold3.csv,250513/1_bulk/2/plots/e5_s42/pred-af3_fold3.csv,-1.69388,0.45107,dataset/full/test.csv,DR,0.8464797572945508,0.8674734324324973,0.7843854177868588,0.7610321504126814,0.5197838149589471
af3,e5,s42,3,plots,plots,,250513/1_bulk,250513/1_bulk/2/plots/e5_s42/pred-af3_fold3.csv,250513/1_bulk/2/plots/e5_s42/pred-af3_fold3.csv,-1.69388,0.45107,dataset/full/test.csv,DP,0.9450253951350316,0.987007332300048,0.9393322782425202,0.901685393258427,0.680771447303341
af3,e5,s42,3,plots,plots,,250513/1_bulk,250513/1_bulk/2/plots/e5_s42/pred-af3_fold3.csv,250513/1_bulk/2/plots/e5_s42/pred-af3_fold3.csv,-1.69388,0.45107,dataset/full/test.csv,DQ,0.8325781398397075,0.8647936567441278,0.7541371158392435,0.7435716801690736,0.4861961967305885
af3,e5,s42,3,plots,plots,,250513/1_bulk,250513/1_bulk/2/plots/e5_s42/pred-af3_fold3.csv,250513/1_bulk/2/plots/e5_s42/pred-af3_fold3.csv,-1.69388,0.45107,dataset/full/test.csv,H2,0.8308571298757355,0.920757003570741,0.8524833209785025,0.7848648648648648,0.4583640716987601
af3,e5,s42,4,plots,plots,,250513/1_bulk,250513/1_bulk/2/plots/e5_s42/pred-af3_fold4.csv,250513/1_bulk/2/plots/e5_s42/pred-af3_fold4.csv,-2.78311,0.4366,dataset/full/test.csv,DR,0.8575443469586764,0.8764739008464155,0.7865689796611128,0.775185483150085,0.5491927822112447
af3,e5,s42,4,plots,plots,,250513/1_bulk,250513/1_bulk/2/plots/e5_s42/pred-af3_fold4.csv,250513/1_bulk/2/plots/e5_s42/pred-af3_fold4.csv,-2.78311,0.4366,dataset/full/test.csv,DP,0.9601138905036984,0.9905473587236782,0.9462219196732472,0.9131656082071324,0.7221044749548357
af3,e5,s42,4,plots,plots,,250513/1_bulk,250513/1_bulk/2/plots/e5_s42/pred-af3_fold4.csv,250513/1_bulk/2/plots/e5_s42/pred-af3_fold4.csv,-2.78311,0.4366,dataset/full/test.csv,DQ,0.8632208461747305,0.8885120278109284,0.7751295336787565,0.770693906305037,0.5421208394882706
af3,e5,s42,4,plots,plots,,250513/1_bulk,250513/1_bulk/2/plots/e5_s42/pred-af3_fold4.csv,250513/1_bulk/2/plots/e5_s42/pred-af3_fold4.csv,-2.78311,0.4366,dataset/full/test.csv,H2,0.8663134101183579,0.9332751250855134,0.876770538243626,0.8118918918918919,0.5091437765432008
blosum,e3,s100,0,plots,plots,,260905/9_blosum_rerun/1_bulk,260905/9_blosum_rerun/1_bulk/plots/e3_s100/pred-blosum_fold0.csv,260905/9_blosum_rerun/1_bulk/plots/e3_s100/pred-blosum_fold0.csv,,,dataset/full/test.csv,DR,0.8540502001567637,0.8692996244953876,0.7815498154981549,0.7706862131640893,0.5404507559931695
blosum,e3,s100,0,plots,plots,,260905/9_blosum_rerun/1_bulk,260905/9_blosum_rerun/1_bulk/plots/e3_s100/pred-blosum_fold0.csv,260905/9_blosum_rerun/1_bulk/plots/e3_s100/pred-blosum_fold0.csv,,,dataset/full/test.csv,DP,0.9550904837942816,0.9894932223781971,0.9418173564348944,0.9060820713238886,0.6996689579346937
blosum,e3,s100,0,plots,plots,,260905/9_blosum_rerun/1_bulk,260905/9_blosum_rerun/1_bulk/plots/e3_s100/pred-blosum_fold0.csv,260905/9_blosum_rerun/1_bulk/plots/e3_s100/pred-blosum_fold0.csv,,,dataset/full/test.csv,DQ,0.8487789360311953,0.868607778052598,0.7739189649302008,0.766114829165199,0.5318104386347531
blosum,e3,s100,0,plots,plots,,260905/9_blosum_rerun/1_bulk,260905/9_blosum_rerun/1_bulk/plots/e3_s100/pred-blosum_fold0.csv,260905/9_blosum_rerun/1_bulk/plots/e3_s100/pred-blosum_fold0.csv,,,dataset/full/test.csv,H2,0.819140598377973,0.9039509337731434,0.8675034867503487,0.7945945945945946,0.4558187557228578
blosum,e3,s100,1,plots,plots,,260905/9_blosum_rerun/1_bulk,260905/9_blosum_rerun/1_bulk/plots/e3_s100/pred-blosum_fold1.csv,260905/9_blosum_rerun/1_bulk/plots/e3_s100/pred-blosum_fold1.csv,,,dataset/full/test.csv,DR,0.846141357906137,0.8611945109389711,0.7765666807491902,0.7636244450403742,0.5256773046110247
blosum,e3,s100,1,plots,plots,,260905/9_blosum_rerun/1_bulk,260905/9_blosum_rerun/1_bulk/plots/e3_s100/pred-blosum_fold1.csv,260905/9_blosum_rerun/1_bulk/plots/e3_s100/pred-blosum_fold1.csv,,,dataset/full/test.csv,DP,0.94747338345318,0.9876002308645216,0.9318600368324124,0.8915486077186126,0.6723048909184515
blosum,e3,s100,1,plots,plots,,260905/9_blosum_rerun/1_bulk,260905/9_blosum_rerun/1_bulk/plots/e3_s100/pred-blosum_fold1.csv,260905/9_blosum_rerun/1_bulk/plots/e3_s100/pred-blosum_fold1.csv,,,dataset/full/test.csv,DQ,0.8314183118075218,0.8535527156647063,0.7435852061582021,0.7448045086297992,0.493151242558384
blosum,e3,s100,1,plots,plots,,260905/9_blosum_rerun/1_bulk,260905/9_blosum_rerun/1_bulk/plots/e3_s100/pred-blosum_fold1.csv,260905/9_blosum_rerun/1_bulk/plots/e3_s100/pred-blosum_fold1.csv,,,dataset/full/test.csv,H2,0.8014607328653536,0.8834081828570983,0.8596491228070176,0.7924324324324324,0.4690474105336372
blosum,e3,s100,2,plots,plots,,260905/9_blosum_rerun/1_bulk,260905/9_blosum_rerun/1_bulk/plots/e3_s100/pred-blosum_fold2.csv,260905/9_blosum_rerun/1_bulk/plots/e3_s100/pred-blosum_fold2.csv,,,dataset/full/test.csv,DR,0.8459075004098473,0.859396774072319,0.7775415922682312,0.7661273501981467,0.531180682051507
blosum,e3,s100,2,plots,plots,,260905/9_blosum_rerun/1_bulk,260905/9_blosum_rerun/1_bulk/plots/e3_s100/pred-blosum_fold2.csv,260905/9_blosum_rerun/1_bulk/plots/e3_s100/pred-blosum_fold2.csv,,,dataset/full/test.csv,DP,0.945969053065438,0.9867945021191046,0.9401283503208758,0.9031509526135808,0.6876918510865829
blosum,e3,s100,2,plots,plots,,260905/9_blosum_rerun/1_bulk,260905/9_blosum_rerun/1_bulk/plots/e3_s100/pred-blosum_fold2.csv,260905/9_blosum_rerun/1_bulk/plots/e3_s100/pred-blosum_fold2.csv,,,dataset/full/test.csv,DQ,0.8306407422103812,0.8538878799793239,0.7545500935533254,0.7458612187389926,0.4911959785345621
blosum,e3,s100,2,plots,plots,,260905/9_blosum_rerun/1_bulk,260905/9_blosum_rerun/1_bulk/plots/e3_s100/pred-blosum_fold2.csv,260905/9_blosum_rerun/1_bulk/plots/e3_s100/pred-blosum_fold2.csv,,,dataset/full/test.csv,H2,0.807676798655126,0.8933896693811144,0.8724928366762178,0.8075675675675675,0.5001059114698804
blosum,e3,s100,3,plots,plots,,260905/9_blosum_rerun/1_bulk,260905/9_blosum_rerun/1_bulk/plots/e3_s100/pred-blosum_fold3.csv,260905/9_blosum_rerun/1_bulk/plots/e3_s100/pred-blosum_fold3.csv,,,dataset/full/test.csv,DR,0.8365056280440972,0.8530131675909262,0.7656838587248987,0.7534936384493907,0.5057859443394388
blosum,e3,s100,3,plots,plots,,260905/9_blosum_rerun/1_bulk,260905/9_blosum_rerun/1_bulk/plots/e3_s100/pred-blosum_fold3.csv,260905/9_blosum_rerun/1_bulk/plots/e3_s100/pred-blosum_fold3.csv,,,dataset/full/test.csv,DP,0.9370325598238504,0.984693419235247,0.9365244536940688,0.8957010258915487,0.6448089366873192
blosum,e3,s100,3,plots,plots,,260905/9_blosum_rerun/1_bulk,260905/9_blosum_rerun/1_bulk/plots/e3_s100/pred-blosum_fold3.csv,260905/9_blosum_rerun/1_bulk/plots/e3_s100/pred-blosum_fold3.csv,,,dataset/full/test.csv,DQ,0.8192662229236716,0.8459532859716954,0.7504482477587612,0.7303628038041564,0.4591694180765119
blosum,e3,s100,3,plots,plots,,260905/9_blosum_rerun/1_bulk,260905/9_blosum_rerun/1_bulk/plots/e3_s100/pred-blosum_fold3.csv,260905/9_blosum_rerun/1_bulk/plots/e3_s100/pred-blosum_fold3.csv,,,dataset/full/test.csv,H2,0.817939412526409,0.8953277627184839,0.8599033816425121,0.7805405405405406,0.4106899649358033
blosum,e3,s100,4,plots,plots,,260905/9_blosum_rerun/1_bulk,260905/9_blosum_rerun/1_bulk/plots/e3_s100/pred-blosum_fold4.csv,260905/9_blosum_rerun/1_bulk/plots/e3_s100/pred-blosum_fold4.csv,,,dataset/full/test.csv,DR,0.8491130786505665,0.8641875934151227,0.7808139373595584,0.7645779327195257,0.5268006075534938
blosum,e3,s100,4,plots,plots,,260905/9_blosum_rerun/1_bulk,260905/9_blosum_rerun/1_bulk/plots/e3_s100/pred-blosum_fold4.csv,260905/9_blosum_rerun/1_bulk/plots/e3_s100/pred-blosum_fold4.csv,,,dataset/full/test.csv,DP,0.9528100516206016,0.9885046099626004,0.947273951088176,0.9138983878847092,0.7126703398001945
blosum,e3,s100,4,plots,plots,,260905/9_blosum_rerun/1_bulk,260905/9_blosum_rerun/1_bulk/plots/e3_s100/pred-blosum_fold4.csv,260905/9_blosum_rerun/1_bulk/plots/e3_s100/pred-blosum_fold4.csv,,,dataset/full/test.csv,DQ,0.8343940849516228,0.8536733757069184,0.765725606736008,0.7500880591757662,0.4987185958805982
blosum,e3,s100,4,plots,plots,,260905/9_blosum_rerun/1_bulk,260905/9_blosum_rerun/1_bulk/plots/e3_s100/pred-blosum_fold4.csv,260905/9_blosum_rerun/1_bulk/plots/e3_s100/pred-blosum_fold4.csv,,,dataset/full/test.csv,H2,0.8190326904291328,0.8985175936900478,0.8598510494245092,0.7762162162162162,0.3950001519481991
blosum,e3,s128,0,plots,plots,,260905/9_blosum_rerun/1_bulk,260905/9_blosum_rerun/1_bulk/plots/e3_s128/pred-blosum_fold0.csv,260905/9_blosum_rerun/1_bulk/plots/e3_s128/pred-blosum_fold0.csv,,,dataset/full/test.csv,DR,0.8464995937317985,0.8624864913232404,0.7801371378013714,0.7630583117308781,0.5236412724294675
blosum,e3,s128,0,plots,plots,,260905/9_blosum_rerun/1_bulk,260905/9_blosum_rerun/1_bulk/plots/e3_s128/pred-blosum_fold0.csv,260905/9_blosum_rerun/1_bulk/plots/e3_s128/pred-blosum_fold0.csv,,,dataset/full/test.csv,DP,0.9485617038165556,0.9876480017920846,0.9447571090047392,0.9088910600879336,0.6864051275584506
blosum,e3,s128,0,plots,plots,,260905/9_blosum_rerun/1_bulk,260905/9_blosum_rerun/1_bulk/plots/e3_s128/pred-blosum_fold0.csv,260905/9_blosum_rerun/1_bulk/plots/e3_s128/pred-blosum_fold0.csv,,,dataset/full/test.csv,DQ,0.8375090871842608,0.8603104332822116,0.7618885869565217,0.753082071151814,0.5055625987792387
blosum,e3,s128,0,plots,plots,,260905/9_blosum_rerun/1_bulk,260905/9_blosum_rerun/1_bulk/plots/e3_s128/pred-blosum_fold0.csv,260905/9_blosum_rerun/1_bulk/plots/e3_s128/pred-blosum_fold0.csv,,,dataset/full/test.csv,H2,0.8025852472795838,0.8921837810974684,0.8526240115025162,0.7783783783783784,0.4219039281352096
blosum,e3,s128,1,plots,plots,,260905/9_blosum_rerun/1_bulk,260905/9_blosum_rerun/1_bulk/plots/e3_s128/pred-blosum_fold1.csv,260905/9_blosum_rerun/1_bulk/plots/e3_s128/pred-blosum_fold1.csv,,,dataset/full/test.csv,DR,0.8418325037261987,0.8568160079401798,0.7682435543278084,0.760019069753583,0.5204662884361496
blosum,e3,s128,1,plots,plots,,260905/9_blosum_rerun/1_bulk,260905/9_blosum_rerun/1_bulk/plots/e3_s128/pred-blosum_fold1.csv,260905/9_blosum_rerun/1_bulk/plots/e3_s128/pred-blosum_fold1.csv,,,dataset/full/test.csv,DP,0.9429926222655794,0.9861996522231296,0.937316134872143,0.8985100146555935,0.6715529199987245
blosum,e3,s128,1,plots,plots,,260905/9_blosum_rerun/1_bulk,260905/9_blosum_rerun/1_bulk/plots/e3_s128/pred-blosum_fold1.csv,260905/9_blosum_rerun/1_bulk/plots/e3_s128/pred-blosum_fold1.csv,,,dataset/full/test.csv,DQ,0.8395751474087974,0.8607590810972287,0.7570779447745544,0.7551954913702008,0.5123524386048894
blosum,e3,s128,1,plots,plots,,260905/9_blosum_rerun/1_bulk,260905/9_blosum_rerun/1_bulk/plots/e3_s128/pred-blosum_fold1.csv,260905/9_blosum_rerun/1_bulk/plots/e3_s128/pred-blosum_fold1.csv,,,dataset/full/test.csv,H2,0.8111241736522865,0.9037274723536898,0.8545454545454545,0.7751351351351351,0.3984731808541053
blosum,e3,s128,2,plots,plots,,260905/9_blosum_rerun/1_bulk,260905/9_blosum_rerun/1_bulk/plots/e3_s128/pred-blosum_fold2.csv,260905/9_blosum_rerun/1_bulk/plots/e3_s128/pred-blosum_fold2.csv,,,dataset/full/test.csv,DR,0.8603160314303563,0.8734510867060986,0.7933519229176444,0.7769732725484938,0.5516197382135126
blosum,e3,s128,2,plots,plots,,260905/9_blosum_rerun/1_bulk,260905/9_blosum_rerun/1_bulk/plots/e3_s128/pred-blosum_fold2.csv,260905/9_blosum_rerun/1_bulk/plots/e3_s128/pred-blosum_fold2.csv,,,dataset/full/test.csv,DP,0.9619800507872904,0.9911520557822676,0.9502994011976048,0.918905715681485,0.7301405179927565
blosum,e3,s128,2,plots,plots,,260905/9_blosum_rerun/1_bulk,260905/9_blosum_rerun/1_bulk/plots/e3_s128/pred-blosum_fold2.csv,260905/9_blosum_rerun/1_bulk/plots/e3_s128/pred-blosum_fold2.csv,,,dataset/full/test.csv,DQ,0.8520274490148051,0.8718164814335976,0.7731520815632965,0.7648820007044734,0.5292260914391315
blosum,e3,s128,2,plots,plots,,260905/9_blosum_rerun/1_bulk,260905/9_blosum_rerun/1_bulk/plots/e3_s128/pred-blosum_fold2.csv,260905/9_blosum_rerun/1_bulk/plots/e3_s128/pred-blosum_fold2.csv,,,dataset/full/test.csv,H2,0.8272564120039074,0.9054963172091276,0.8673323823109843,0.798918918918919,0.4746478484363735
blosum,e3,s128,3,plots,plots,,260905/9_blosum_rerun/1_bulk,260905/9_blosum_rerun/1_bulk/plots/e3_s128/pred-blosum_fold3.csv,260905/9_blosum_rerun/1_bulk/plots/e3_s128/pred-blosum_fold3.csv,,,dataset/full/test.csv,DR,0.8586515121158014,0.8739026308952617,0.789028827315981,0.7753940585798993,0.5489189354528108
blosum,e3,s128,3,plots,plots,,260905/9_blosum_rerun/1_bulk,260905/9_blosum_rerun/1_bulk/plots/e3_s128/pred-blosum_fold3.csv,260905/9_blosum_rerun/1_bulk/plots/e3_s128/pred-blosum_fold3.csv,,,dataset/full/test.csv,DP,0.9621110564509264,0.9909168395772824,0.9503920386007236,0.919638495359062,0.7395720966667811
blosum,e3,s128,3,plots,plots,,260905/9_blosum_rerun/1_bulk,260905/9_blosum_rerun/1_bulk/plots/e3_s128/pred-blosum_fold3.csv,260905/9_blosum_rerun/1_bulk/plots/e3_s128/pred-blosum_fold3.csv,,,dataset/full/test.csv,DQ,0.8541587728745935,0.8749475296252613,0.7746691238063327,0.7631208171891511,0.5250738523752115
blosum,e3,s128,3,plots,plots,,260905/9_blosum_rerun/1_bulk,260905/9_blosum_rerun/1_bulk/plots/e3_s128/pred-blosum_fold3.csv,260905/9_blosum_rerun/1_bulk/plots/e3_s128/pred-blosum_fold3.csv,,,dataset/full/test.csv,H2,0.8175333378768259,0.9121814994540808,0.8546637744034707,0.7827027027027027,0.4369625620234728
blosum,e3,s128,4,plots,plots,,260905/9_blosum_rerun/1_bulk,260905/9_blosum_rerun/1_bulk/plots/e3_s128/pred-blosum_fold4.csv,260905/9_blosum_rerun/1_bulk/plots/e3_s128/pred-blosum_fold4.csv,,,dataset/full/test.csv,DR,0.855566865024147,0.8697526161381931,0.7826858156434171,0.7736658621614374,0.5471726634519982
blosum,e3,s128,4,plots,plots,,260905/9_blosum_rerun/1_bulk,260905/9_blosum_rerun/1_bulk/plots/e3_s128/pred-blosum_fold4.csv,260905/9_blosum_rerun/1_bulk/plots/e3_s128/pred-blosum_fold4.csv,,,dataset/full/test.csv,DP,0.9557802747980364,0.989451164203436,0.943507972665148,0.9091353199804592,0.7136728376702958
blosum,e3,s128,4,plots,plots,,260905/9_blosum_rerun/1_bulk,260905/9_blosum_rerun/1_bulk/plots/e3_s128/pred-blosum_fold4.csv,260905/9_blosum_rerun/1_bulk/plots/e3_s128/pred-blosum_fold4.csv,,,dataset/full/test.csv,DQ,0.8583362670891277,0.8754519143045947,0.7766523605150215,0.7708700246565692,0.5419406703704281
blosum,e3,s128,4,plots,plots,,260905/9_blosum_rerun/1_bulk,260905/9_blosum_rerun/1_bulk/plots/e3_s128/pred-blosum_fold4.csv,260905/9_blosum_rerun/1_bulk/plots/e3_s128/pred-blosum_fold4.csv,,,dataset/full/test.csv,H2,0.8126661214475567,0.9051946679100632,0.8502202643171806,0.7794594594594595,0.4380489018437136
blosum,e3,s42,0,plots,plots,,260905/9_blosum_rerun/1_bulk,260905/9_blosum_rerun/1_bulk/plots/e3_s42/pred-blosum_fold0.csv,260905/9_blosum_rerun/1_bulk/plots/e3_s42/pred-blosum_fold0.csv,,,dataset/full/test.csv,DR,0.8560508641114963,0.8711193798789407,0.7843282518877333,0.7744703673907214,0.5483854075313158
blosum,e3,s42,0,plots,plots,,260905/9_blosum_rerun/1_bulk,260905/9_blosum_rerun/1_bulk/plots/e3_s42/pred-blosum_fold0.csv,260905/9_blosum_rerun/1_bulk/plots/e3_s42/pred-blosum_fold0.csv,,,dataset/full/test.csv,DP,0.9592337986269136,0.9903298446293683,0.9506800179345388,0.9193942354665364,0.7302662287660783
blosum,e3,s42,0,plots,plots,,260905/9_blosum_rerun/1_bulk,260905/9_blosum_rerun/1_bulk/plots/e3_s42/pred-blosum_fold0.csv,260905/9_blosum_rerun/1_bulk/plots/e3_s42/pred-blosum_fold0.csv,,,dataset/full/test.csv,DQ,0.858208101740662,0.8767036890009243,0.7833977482776004,0.772983444874956,0.5449403122524398
blosum,e3,s42,0,plots,plots,,260905/9_blosum_rerun/1_bulk,260905/9_blosum_rerun/1_bulk/plots/e3_s42/pred-blosum_fold0.csv,260905/9_blosum_rerun/1_bulk/plots/e3_s42/pred-blosum_fold0.csv,,,dataset/full/test.csv,H2,0.8122060928235535,0.8898622615887815,0.8716502115655853,0.8032432432432433,0.4834941779109339
blosum,e3,s42,1,plots,plots,,260905/9_blosum_rerun/1_bulk,260905/9_blosum_rerun/1_bulk/plots/e3_s42/pred-blosum_fold1.csv,260905/9_blosum_rerun/1_bulk/plots/e3_s42/pred-blosum_fold1.csv,,,dataset/full/test.csv,DR,0.8432506512461517,0.8585292308227427,0.7737333710727428,0.7618068591519919,0.5224054483742259
blosum,e3,s42,1,plots,plots,,260905/9_blosum_rerun/1_bulk,260905/9_blosum_rerun/1_bulk/plots/e3_s42/pred-blosum_fold1.csv,260905/9_blosum_rerun/1_bulk/plots/e3_s42/pred-blosum_fold1.csv,,,dataset/full/test.csv,DP,0.94449789621193,0.9864497528600612,0.9414316702819956,0.9043722520762092,0.6810424101632367
blosum,e3,s42,1,plots,plots,,260905/9_blosum_rerun/1_bulk,260905/9_blosum_rerun/1_bulk/plots/e3_s42/pred-blosum_fold1.csv,260905/9_blosum_rerun/1_bulk/plots/e3_s42/pred-blosum_fold1.csv,,,dataset/full/test.csv,DQ,0.8318151147098516,0.8545749871102971,0.7431306505938663,0.7448045086297992,0.4934031006424799
blosum,e3,s42,1,plots,plots,,260905/9_blosum_rerun/1_bulk,260905/9_blosum_rerun/1_bulk/plots/e3_s42/pred-blosum_fold1.csv,260905/9_blosum_rerun/1_bulk/plots/e3_s42/pred-blosum_fold1.csv,,,dataset/full/test.csv,H2,0.8171528203730207,0.9000978150749622,0.8569472963723477,0.774054054054054,0.3883121330282528
blosum,e3,s42,2,plots,plots,,260905/9_blosum_rerun/1_bulk,260905/9_blosum_rerun/1_bulk/plots/e3_s42/pred-blosum_fold2.csv,260905/9_blosum_rerun/1_bulk/plots/e3_s42/pred-blosum_fold2.csv,,,dataset/full/test.csv,DR,0.8430025897271802,0.8577659477381294,0.779820787548297,0.7605852030630792,0.5185142810877214
blosum,e3,s42,2,plots,plots,,260905/9_blosum_rerun/1_bulk,260905/9_blosum_rerun/1_bulk/plots/e3_s42/pred-blosum_fold2.csv,260905/9_blosum_rerun/1_bulk/plots/e3_s42/pred-blosum_fold2.csv,,,dataset/full/test.csv,DP,0.9465493912706128,0.9870266503266256,0.9415531233713051,0.9041279921836834,0.675314298453996
blosum,e3,s42,2,plots,plots,,260905/9_blosum_rerun/1_bulk,260905/9_blosum_rerun/1_bulk/plots/e3_s42/pred-blosum_fold2.csv,260905/9_blosum_rerun/1_bulk/plots/e3_s42/pred-blosum_fold2.csv,,,dataset/full/test.csv,DQ,0.8355169924130093,0.8550654140704983,0.75788385317939,0.7525537160972173,0.5055977470027098
blosum,e3,s42,2,plots,plots,,260905/9_blosum_rerun/1_bulk,260905/9_blosum_rerun/1_bulk/plots/e3_s42/pred-blosum_fold2.csv,260905/9_blosum_rerun/1_bulk/plots/e3_s42/pred-blosum_fold2.csv,,,dataset/full/test.csv,H2,0.8238374338353893,0.9166484532966388,0.8527443105756358,0.7621621621621621,0.3452352872767973
blosum,e3,s42,3,plots,plots,,260905/9_blosum_rerun/1_bulk,260905/9_blosum_rerun/1_bulk/plots/e3_s42/pred-blosum_fold3.csv,260905/9_blosum_rerun/1_bulk/plots/e3_s42/pred-blosum_fold3.csv,,,dataset/full/test.csv,DR,0.8306814582808978,0.8451752485681446,0.771512216476511,0.7511695122314591,0.4995120421915223
blosum,e3,s42,3,plots,plots,,260905/9_blosum_rerun/1_bulk,260905/9_blosum_rerun/1_bulk/plots/e3_s42/pred-blosum_fold3.csv,260905/9_blosum_rerun/1_bulk/plots/e3_s42/pred-blosum_fold3.csv,,,dataset/full/test.csv,DP,0.935485719637749,0.983945230336859,0.9374253285543608,0.8976551050317538,0.6566515848982483
blosum,e3,s42,3,plots,plots,,260905/9_blosum_rerun/1_bulk,260905/9_blosum_rerun/1_bulk/plots/e3_s42/pred-blosum_fold3.csv,260905/9_blosum_rerun/1_bulk/plots/e3_s42/pred-blosum_fold3.csv,,,dataset/full/test.csv,DQ,0.8154354340019313,0.8404280188160913,0.7413434903047091,0.7368791828108489,0.474658860873838
blosum,e3,s42,3,plots,plots,,260905/9_blosum_rerun/1_bulk,260905/9_blosum_rerun/1_bulk/plots/e3_s42/pred-blosum_fold3.csv,260905/9_blosum_rerun/1_bulk/plots/e3_s42/pred-blosum_fold3.csv,,,dataset/full/test.csv,H2,0.7763749744428543,0.8740421843199219,0.855944055944056,0.7772972972972974,0.4049042045532023
blosum,e3,s42,4,plots,plots,,260905/9_blosum_rerun/1_bulk,260905/9_blosum_rerun/1_bulk/plots/e3_s42/pred-blosum_fold4.csv,260905/9_blosum_rerun/1_bulk/plots/e3_s42/pred-blosum_fold4.csv,,,dataset/full/test.csv,DR,0.8437582743913032,0.8597357674300742,0.7800109829763866,0.7612705223324693,0.5199120178160839
blosum,e3,s42,4,plots,plots,,260905/9_blosum_rerun/1_bulk,260905/9_blosum_rerun/1_bulk/plots/e3_s42/pred-blosum_fold4.csv,260905/9_blosum_rerun/1_bulk/plots/e3_s42/pred-blosum_fold4.csv,,,dataset/full/test.csv,DP,0.9447630858418832,0.9865541814684782,0.9437416282184848,0.9076697606253054,0.6868108324582919
blosum,e3,s42,4,plots,plots,,260905/9_blosum_rerun/1_bulk,260905/9_blosum_rerun/1_bulk/plots/e3_s42/pred-blosum_fold4.csv,260905/9_blosum_rerun/1_bulk/plots/e3_s42/pred-blosum_fold4.csv,,,dataset/full/test.csv,DQ,0.8315914779863893,0.8575722604656268,0.7582380632145259,0.7467418104966538,0.4923542818078104
blosum,e3,s42,4,plots,plots,,260905/9_blosum_rerun/1_bulk,260905/9_blosum_rerun/1_bulk/plots/e3_s42/pred-blosum_fold4.csv,260905/9_blosum_rerun/1_bulk/plots/e3_s42/pred-blosum_fold4.csv,,,dataset/full/test.csv,H2,0.8272791294668211,0.913003867565666,0.8569424964936886,0.7794594594594595,0.4124351569398162
boltz,e5,s100,0,plots,plots,,250513/1_bulk,250513/1_bulk/2/plots/e5_s100/pred-boltz_fold0.csv,250513/1_bulk/2/plots/e5_s100/pred-boltz_fold0.csv,-0.27151,0.41639,dataset/full/test.csv,DR,0.8782220352292274,0.8950338854583199,0.809963753304445,0.7922290754149162,0.5824313539465164
boltz,e5,s100,0,plots,plots,,250513/1_bulk,250513/1_bulk/2/plots/e5_s100/pred-boltz_fold0.csv,250513/1_bulk/2/plots/e5_s100/pred-boltz_fold0.csv,-0.27151,0.41639,dataset/full/test.csv,DP,0.973297688668765,0.9940519551744824,0.957108214610488,0.930874450415242,0.7809038641989576
boltz,e5,s100,0,plots,plots,,250513/1_bulk,250513/1_bulk/2/plots/e5_s100/pred-boltz_fold0.csv,250513/1_bulk/2/plots/e5_s100/pred-boltz_fold0.csv,-0.27151,0.41639,dataset/full/test.csv,DQ,0.8758082745836305,0.8983392580245155,0.7912393533808447,0.7884818598097921,0.5783896893714382
boltz,e5,s100,0,plots,plots,,250513/1_bulk,250513/1_bulk/2/plots/e5_s100/pred-boltz_fold0.csv,250513/1_bulk/2/plots/e5_s100/pred-boltz_fold0.csv,-0.27151,0.41639,dataset/full/test.csv,H2,0.8180785569867557,0.9169739776699668,0.7892527287993283,0.7286486486486486,0.4376379584336254
boltz,e5,s100,1,plots,plots,,250513/1_bulk,250513/1_bulk/2/plots/e5_s100/pred-boltz_fold1.csv,250513/1_bulk/2/plots/e5_s100/pred-boltz_fold1.csv,-1.32701,0.43415,dataset/full/test.csv,DR,0.8824819693932882,0.8968070037441724,0.8101414763972545,0.7980691874497184,0.5945056638480075
boltz,e5,s100,1,plots,plots,,250513/1_bulk,250513/1_bulk/2/plots/e5_s100/pred-boltz_fold1.csv,250513/1_bulk/2/plots/e5_s100/pred-boltz_fold1.csv,-1.32701,0.43415,dataset/full/test.csv,DP,0.9736410943412604,0.9939908590751276,0.9551443149798188,0.9280654616511969,0.776977712376812
boltz,e5,s100,1,plots,plots,,250513/1_bulk,250513/1_bulk/2/plots/e5_s100/pred-boltz_fold1.csv,250513/1_bulk/2/plots/e5_s100/pred-boltz_fold1.csv,-1.32701,0.43415,dataset/full/test.csv,DQ,0.8643733398174309,0.8835751543725456,0.7934782608695652,0.7724550898203593,0.545394561411229
boltz,e5,s100,1,plots,plots,,250513/1_bulk,250513/1_bulk/2/plots/e5_s100/pred-boltz_fold1.csv,250513/1_bulk/2/plots/e5_s100/pred-boltz_fold1.csv,-1.32701,0.43415,dataset/full/test.csv,H2,0.854159567459506,0.9339507669885556,0.8698224852071006,0.8097297297297297,0.5202753069934608
boltz,e5,s100,2,plots,plots,,250513/1_bulk,250513/1_bulk/2/plots/e5_s100/pred-boltz_fold2.csv,250513/1_bulk/2/plots/e5_s100/pred-boltz_fold2.csv,-0.70524,0.41411,dataset/full/test.csv,DR,0.8735931725638784,0.890475469703684,0.8035892323030908,0.7886832931080718,0.5752464919349741
boltz,e5,s100,2,plots,plots,,250513/1_bulk,250513/1_bulk/2/plots/e5_s100/pred-boltz_fold2.csv,250513/1_bulk/2/plots/e5_s100/pred-boltz_fold2.csv,-0.70524,0.41411,dataset/full/test.csv,DP,0.9705857025841688,0.9930692599913502,0.958139534883721,0.9318514899853444,0.7750186868919521
boltz,e5,s100,2,plots,plots,,250513/1_bulk,250513/1_bulk/2/plots/e5_s100/pred-boltz_fold2.csv,250513/1_bulk/2/plots/e5_s100/pred-boltz_fold2.csv,-0.70524,0.41411,dataset/full/test.csv,DQ,0.8656985023922541,0.8842446975106711,0.7891411985658187,0.7824938358576964,0.5648000017432996
boltz,e5,s100,2,plots,plots,,250513/1_bulk,250513/1_bulk/2/plots/e5_s100/pred-boltz_fold2.csv,250513/1_bulk/2/plots/e5_s100/pred-boltz_fold2.csv,-0.70524,0.41411,dataset/full/test.csv,H2,0.8495876780481155,0.9294384401294076,0.8580060422960725,0.7967567567567567,0.5008399857322683
boltz,e5,s100,3,plots,plots,,250513/1_bulk,250513/1_bulk/2/plots/e5_s100/pred-boltz_fold3.csv,250513/1_bulk/2/plots/e5_s100/pred-boltz_fold3.csv,-13.70613,0.42252,dataset/full/test.csv,DR,0.8763322781515601,0.8907013090001669,0.7975499118777267,0.7912159947558177,0.5834736751018891
boltz,e5,s100,3,plots,plots,,250513/1_bulk,250513/1_bulk/2/plots/e5_s100/pred-boltz_fold3.csv,250513/1_bulk/2/plots/e5_s100/pred-boltz_fold3.csv,-13.70613,0.42252,dataset/full/test.csv,DP,0.973304144596086,0.9939509142965908,0.9564556577247512,0.930019540791402,0.7809620144351528
boltz,e5,s100,3,plots,plots,,250513/1_bulk,250513/1_bulk/2/plots/e5_s100/pred-boltz_fold3.csv,250513/1_bulk/2/plots/e5_s100/pred-boltz_fold3.csv,-13.70613,0.42252,dataset/full/test.csv,DQ,0.8663943992115655,0.8840302232627512,0.7852441981295463,0.7816132441000352,0.5642528516520097
boltz,e5,s100,3,plots,plots,,250513/1_bulk,250513/1_bulk/2/plots/e5_s100/pred-boltz_fold3.csv,250513/1_bulk/2/plots/e5_s100/pred-boltz_fold3.csv,-13.70613,0.42252,dataset/full/test.csv,H2,0.8461232649537699,0.925890561397011,0.854119425547997,0.7913513513513514,0.4880941662044782
boltz,e5,s100,4,plots,plots,,250513/1_bulk,250513/1_bulk/2/plots/e5_s100/pred-boltz_fold4.csv,250513/1_bulk/2/plots/e5_s100/pred-boltz_fold4.csv,2.28055,0.49409,dataset/full/test.csv,DR,0.8149596585079882,0.8340799548604381,0.7596828136800087,0.7345132743362832,0.4659237968604962
boltz,e5,s100,4,plots,plots,,250513/1_bulk,250513/1_bulk/2/plots/e5_s100/pred-boltz_fold4.csv,250513/1_bulk/2/plots/e5_s100/pred-boltz_fold4.csv,2.28055,0.49409,dataset/full/test.csv,DP,0.9280553445791614,0.9816888209806076,0.9323274574245594,0.8893502686858817,0.6291565099374735
boltz,e5,s100,4,plots,plots,,250513/1_bulk,250513/1_bulk/2/plots/e5_s100/pred-boltz_fold4.csv,250513/1_bulk/2/plots/e5_s100/pred-boltz_fold4.csv,2.28055,0.49409,dataset/full/test.csv,DQ,0.7675310555454449,0.7937308289444152,0.7169512966476913,0.6847481507573089,0.368017119341415
boltz,e5,s100,4,plots,plots,,250513/1_bulk,250513/1_bulk/2/plots/e5_s100/pred-boltz_fold4.csv,250513/1_bulk/2/plots/e5_s100/pred-boltz_fold4.csv,2.28055,0.49409,dataset/full/test.csv,H2,0.7570992071605442,0.8772065146416981,0.8437917222963952,0.7470270270270271,0.2874858226241122
boltz,e5,s128,0,plots,plots,,250513/1_bulk,250513/1_bulk/4/plots/e5_s128/pred-boltz_fold0.csv,250513/1_bulk/4/plots/e5_s128/pred-boltz_fold0.csv,-0.24536,0.41406,dataset/full/test.csv,DR,0.8726569743601509,0.890177145646907,0.8049446833833752,0.7851375108012276,0.5683544893055391
boltz,e5,s128,0,plots,plots,,250513/1_bulk,250513/1_bulk/4/plots/e5_s128/pred-boltz_fold0.csv,250513/1_bulk/4/plots/e5_s128/pred-boltz_fold0.csv,-0.24536,0.41406,dataset/full/test.csv,DP,0.9678667639624574,0.9927248072169764,0.952127659574468,0.9230581338544211,0.758783734892309
boltz,e5,s128,0,plots,plots,,250513/1_bulk,250513/1_bulk/4/plots/e5_s128/pred-boltz_fold0.csv,250513/1_bulk/4/plots/e5_s128/pred-boltz_fold0.csv,-0.24536,0.41406,dataset/full/test.csv,DQ,0.8570662989029743,0.8797246771447959,0.7815618564866149,0.7571327932370553,0.5152292074993311
boltz,e5,s128,0,plots,plots,,250513/1_bulk,250513/1_bulk/4/plots/e5_s128/pred-boltz_fold0.csv,250513/1_bulk/4/plots/e5_s128/pred-boltz_fold0.csv,-0.24536,0.41406,dataset/full/test.csv,H2,0.8275744564846998,0.9192351903538512,0.8469696969696969,0.7816216216216216,0.4659237496833872
boltz,e5,s128,1,plots,plots,,250513/1_bulk,250513/1_bulk/4/plots/e5_s128/pred-boltz_fold1.csv,250513/1_bulk/4/plots/e5_s128/pred-boltz_fold1.csv,-1.06999,0.4575,dataset/full/test.csv,DR,0.8584006254774987,0.8752601628088515,0.7929248402027772,0.7760495813593159,0.5497294083660579
boltz,e5,s128,1,plots,plots,,250513/1_bulk,250513/1_bulk/4/plots/e5_s128/pred-boltz_fold1.csv,250513/1_bulk/4/plots/e5_s128/pred-boltz_fold1.csv,-1.06999,0.4575,dataset/full/test.csv,DP,0.9584827259745892,0.9902934738904612,0.9492047203694202,0.9153639472398633,0.7016213751472857
boltz,e5,s128,1,plots,plots,,250513/1_bulk,250513/1_bulk/4/plots/e5_s128/pred-boltz_fold1.csv,250513/1_bulk/4/plots/e5_s128/pred-boltz_fold1.csv,-1.06999,0.4575,dataset/full/test.csv,DQ,0.8314111017297224,0.8500972690595281,0.7567204301075269,0.7449806269813315,0.4887974652665806
boltz,e5,s128,1,plots,plots,,250513/1_bulk,250513/1_bulk/4/plots/e5_s128/pred-boltz_fold1.csv,250513/1_bulk/4/plots/e5_s128/pred-boltz_fold1.csv,-1.06999,0.4575,dataset/full/test.csv,H2,0.8171357822758354,0.8988064140924132,0.8609467455621301,0.7967567567567567,0.4871937012901474
boltz,e5,s128,2,plots,plots,,250513/1_bulk,250513/1_bulk/4/plots/e5_s128/pred-boltz_fold2.csv,250513/1_bulk/4/plots/e5_s128/pred-boltz_fold2.csv,-0.42116,0.41768,dataset/full/test.csv,DR,0.8805758907902478,0.8974809952561922,0.8068262892040752,0.7983075593695063,0.5963157997370435
boltz,e5,s128,2,plots,plots,,250513/1_bulk,250513/1_bulk/4/plots/e5_s128/pred-boltz_fold2.csv,250513/1_bulk/4/plots/e5_s128/pred-boltz_fold2.csv,-0.42116,0.41768,dataset/full/test.csv,DP,0.9746660472949316,0.9942775374385338,0.9600477042337509,0.9345383488031264,0.7791760355936552
boltz,e5,s128,2,plots,plots,,250513/1_bulk,250513/1_bulk/4/plots/e5_s128/pred-boltz_fold2.csv,250513/1_bulk/4/plots/e5_s128/pred-boltz_fold2.csv,-0.42116,0.41768,dataset/full/test.csv,DQ,0.8648618847441716,0.8875965356602771,0.7908571428571428,0.7743923916872139,0.5478540468058432
boltz,e5,s128,2,plots,plots,,250513/1_bulk,250513/1_bulk/4/plots/e5_s128/pred-boltz_fold2.csv,250513/1_bulk/4/plots/e5_s128/pred-boltz_fold2.csv,-0.42116,0.41768,dataset/full/test.csv,H2,0.8144948772121129,0.9120293128545132,0.8353846153846154,0.7686486486486487,0.4467384820211344
boltz,e5,s128,3,plots,plots,,250513/1_bulk,250513/1_bulk/4/plots/e5_s128/pred-boltz_fold3.csv,250513/1_bulk/4/plots/e5_s128/pred-boltz_fold3.csv,-0.70471,0.44643,dataset/full/test.csv,DR,0.8644092906835115,0.881602027228793,0.7962280995424618,0.7823664372336939,0.5627757993466316
boltz,e5,s128,3,plots,plots,,250513/1_bulk,250513/1_bulk/4/plots/e5_s128/pred-boltz_fold3.csv,250513/1_bulk/4/plots/e5_s128/pred-boltz_fold3.csv,-0.70471,0.44643,dataset/full/test.csv,DP,0.9713039989900945,0.9935254447443748,0.9537079336074312,0.9257449926722032,0.7694109395988352
boltz,e5,s128,3,plots,plots,,250513/1_bulk,250513/1_bulk/4/plots/e5_s128/pred-boltz_fold3.csv,250513/1_bulk/4/plots/e5_s128/pred-boltz_fold3.csv,-0.70471,0.44643,dataset/full/test.csv,DQ,0.8496110784585749,0.8668153800867325,0.7791959157626037,0.7562522014793942,0.512707289023676
boltz,e5,s128,3,plots,plots,,250513/1_bulk,250513/1_bulk/4/plots/e5_s128/pred-boltz_fold3.csv,250513/1_bulk/4/plots/e5_s128/pred-boltz_fold3.csv,-0.70471,0.44643,dataset/full/test.csv,H2,0.8140234898566527,0.9059216928949227,0.8513816280806572,0.7848648648648648,0.4634983061252027
boltz,e5,s128,4,plots,plots,,250513/1_bulk,250513/1_bulk/4/plots/e5_s128/pred-boltz_fold4.csv,250513/1_bulk/4/plots/e5_s128/pred-boltz_fold4.csv,3.20207,0.49671,dataset/full/test.csv,DR,0.8169791857042873,0.8343328110064031,0.7665638625970435,0.7383868180328357,0.4743267219485607
boltz,e5,s128,4,plots,plots,,250513/1_bulk,250513/1_bulk/4/plots/e5_s128/pred-boltz_fold4.csv,250513/1_bulk/4/plots/e5_s128/pred-boltz_fold4.csv,3.20207,0.49671,dataset/full/test.csv,DP,0.9143478217254272,0.9787975560011,0.9297351611282566,0.8804347826086957,0.554385340582707
boltz,e5,s128,4,plots,plots,,250513/1_bulk,250513/1_bulk/4/plots/e5_s128/pred-boltz_fold4.csv,250513/1_bulk/4/plots/e5_s128/pred-boltz_fold4.csv,3.20207,0.49671,dataset/full/test.csv,DQ,0.7581163099915766,0.7872632814111846,0.6722111733863677,0.6806974286720676,0.3676594754721264
boltz,e5,s128,4,plots,plots,,250513/1_bulk,250513/1_bulk/4/plots/e5_s128/pred-boltz_fold4.csv,250513/1_bulk/4/plots/e5_s128/pred-boltz_fold4.csv,3.20207,0.49671,dataset/full/test.csv,H2,0.7522660669256458,0.8841649368718703,0.8058103975535168,0.7254054054054054,0.3372507047702242
boltz,e5,s42,0,plots,plots,,250513/1_bulk,250513/1_bulk/2/plots/e5_s42/pred-boltz_fold0.csv,250513/1_bulk/2/plots/e5_s42/pred-boltz_fold0.csv,-3.06643,0.43558,dataset/full/test.csv,DR,0.8556291655894377,0.8726805591351265,0.7865281221271972,0.7716694973332141,0.5412171190574437
boltz,e5,s42,0,plots,plots,,250513/1_bulk,250513/1_bulk/2/plots/e5_s42/pred-boltz_fold0.csv,250513/1_bulk/2/plots/e5_s42/pred-boltz_fold0.csv,-3.06643,0.43558,dataset/full/test.csv,DP,0.9662372879066476,0.992286029665623,0.9459292445543024,0.9145090376160234,0.7516790607760194
boltz,e5,s42,0,plots,plots,,250513/1_bulk,250513/1_bulk/2/plots/e5_s42/pred-boltz_fold0.csv,250513/1_bulk/2/plots/e5_s42/pred-boltz_fold0.csv,-3.06643,0.43558,dataset/full/test.csv,DQ,0.843097146102033,0.8666698121661789,0.7725416273955388,0.7449806269813315,0.4914575079756151
boltz,e5,s42,0,plots,plots,,250513/1_bulk,250513/1_bulk/2/plots/e5_s42/pred-boltz_fold0.csv,250513/1_bulk/2/plots/e5_s42/pred-boltz_fold0.csv,-3.06643,0.43558,dataset/full/test.csv,H2,0.8285456280242621,0.923874693912578,0.8554996405463695,0.7827027027027027,0.4336788201509916
boltz,e5,s42,1,plots,plots,,250513/1_bulk,250513/1_bulk/2/plots/e5_s42/pred-boltz_fold1.csv,250513/1_bulk/2/plots/e5_s42/pred-boltz_fold1.csv,10.76083,0.44839,dataset/full/test.csv,DR,0.8534316826114143,0.8718270641657586,0.7797712427622009,0.7699413009147522,0.5394049641365821
boltz,e5,s42,1,plots,plots,,250513/1_bulk,250513/1_bulk/2/plots/e5_s42/pred-boltz_fold1.csv,250513/1_bulk/2/plots/e5_s42/pred-boltz_fold1.csv,10.76083,0.44839,dataset/full/test.csv,DP,0.9594651194689214,0.9904794475299052,0.9474399637516993,0.9149975574010748,0.7262689273216912
boltz,e5,s42,1,plots,plots,,250513/1_bulk,250513/1_bulk/2/plots/e5_s42/pred-boltz_fold1.csv,250513/1_bulk/2/plots/e5_s42/pred-boltz_fold1.csv,10.76083,0.44839,dataset/full/test.csv,DQ,0.8347421576729648,0.8564928570998572,0.7694075168225832,0.7525537160972173,0.5037307603436728
boltz,e5,s42,1,plots,plots,,250513/1_bulk,250513/1_bulk/2/plots/e5_s42/pred-boltz_fold1.csv,250513/1_bulk/2/plots/e5_s42/pred-boltz_fold1.csv,10.76083,0.44839,dataset/full/test.csv,H2,0.8048229173765873,0.906125804030574,0.8420279206465834,0.7675675675675676,0.4078044140244364
boltz,e5,s42,2,plots,plots,,250513/1_bulk,250513/1_bulk/2/plots/e5_s42/pred-boltz_fold2.csv,250513/1_bulk/2/plots/e5_s42/pred-boltz_fold2.csv,-0.17635,0.45976,dataset/full/test.csv,DR,0.85026676113533,0.8680616872553875,0.7908179254152303,0.7613301153124162,0.5229247230111214
boltz,e5,s42,2,plots,plots,,250513/1_bulk,250513/1_bulk/2/plots/e5_s42/pred-boltz_fold2.csv,250513/1_bulk/2/plots/e5_s42/pred-boltz_fold2.csv,-0.17635,0.45976,dataset/full/test.csv,DP,0.9530797603996796,0.9888284031293092,0.945299897345652,0.9088910600879336,0.6784724067623492
boltz,e5,s42,2,plots,plots,,250513/1_bulk,250513/1_bulk/2/plots/e5_s42/pred-boltz_fold2.csv,250513/1_bulk/2/plots/e5_s42/pred-boltz_fold2.csv,-0.17635,0.45976,dataset/full/test.csv,DQ,0.8237972595737402,0.8490847998486019,0.7632880098887516,0.7301866854526242,0.4634870971749366
boltz,e5,s42,2,plots,plots,,250513/1_bulk,250513/1_bulk/2/plots/e5_s42/pred-boltz_fold2.csv,250513/1_bulk/2/plots/e5_s42/pred-boltz_fold2.csv,-0.17635,0.45976,dataset/full/test.csv,H2,0.8145857470637679,0.9103852019831886,0.8549075391180654,0.7794594594594595,0.4189779114355056
boltz,e5,s42,3,plots,plots,,250513/1_bulk,250513/1_bulk/2/plots/e5_s42/pred-boltz_fold3.csv,250513/1_bulk/2/plots/e5_s42/pred-boltz_fold3.csv,0.10612,0.43535,dataset/full/test.csv,DR,0.8807327054108439,0.8957970324290521,0.815558073043103,0.7962516015613361,0.5910080446189491
boltz,e5,s42,3,plots,plots,,250513/1_bulk,250513/1_bulk/2/plots/e5_s42/pred-boltz_fold3.csv,250513/1_bulk/2/plots/e5_s42/pred-boltz_fold3.csv,0.10612,0.43535,dataset/full/test.csv,DP,0.9744633311770536,0.9942599399712302,0.9591284748309542,0.933561309233024,0.7818832877308011
boltz,e5,s42,3,plots,plots,,250513/1_bulk,250513/1_bulk/2/plots/e5_s42/pred-boltz_fold3.csv,250513/1_bulk/2/plots/e5_s42/pred-boltz_fold3.csv,0.10612,0.43535,dataset/full/test.csv,DQ,0.8692693555781638,0.8861851935655063,0.7959615697769094,0.7793237055301162,0.5579107402391755
boltz,e5,s42,3,plots,plots,,250513/1_bulk,250513/1_bulk/2/plots/e5_s42/pred-boltz_fold3.csv,250513/1_bulk/2/plots/e5_s42/pred-boltz_fold3.csv,0.10612,0.43535,dataset/full/test.csv,H2,0.8338047206887934,0.9195258400089884,0.8567229977957385,0.7891891891891892,0.4636912064704124
boltz,e5,s42,4,plots,plots,,250513/1_bulk,250513/1_bulk/2/plots/e5_s42/pred-boltz_fold4.csv,250513/1_bulk/2/plots/e5_s42/pred-boltz_fold4.csv,-1.08938,0.43742,dataset/full/test.csv,DR,0.878889538739612,0.8938510137520774,0.8098993288590604,0.7974434611602753,0.5931657830802038
boltz,e5,s42,4,plots,plots,,250513/1_bulk,250513/1_bulk/2/plots/e5_s42/pred-boltz_fold4.csv,250513/1_bulk/2/plots/e5_s42/pred-boltz_fold4.csv,-1.08938,0.43742,dataset/full/test.csv,DP,0.9731759199472958,0.993891113644877,0.9498575059693444,0.9204934049829018,0.7663732650679715
boltz,e5,s42,4,plots,plots,,250513/1_bulk,250513/1_bulk/2/plots/e5_s42/pred-boltz_fold4.csv,250513/1_bulk/2/plots/e5_s42/pred-boltz_fold4.csv,-1.08938,0.43742,dataset/full/test.csv,DQ,0.8650906182467677,0.8867123112840649,0.7862248213125406,0.7682282493835858,0.5356541334423627
boltz,e5,s42,4,plots,plots,,250513/1_bulk,250513/1_bulk/2/plots/e5_s42/pred-boltz_fold4.csv,250513/1_bulk/2/plots/e5_s42/pred-boltz_fold4.csv,-1.08938,0.43742,dataset/full/test.csv,H2,0.8585383584361299,0.9386631071554632,0.8677248677248677,0.8108108108108109,0.5358632777294925
chai,e5,s100,0,plots,plots,,250513/1_bulk,250513/1_bulk/2/plots/e5_s100/pred-chai_fold0.csv,250513/1_bulk/2/plots/e5_s100/pred-chai_fold0.csv,-0.28609,0.37605,dataset/full/test.csv,DR,0.8911561088434028,0.9056439055961604,0.8237738531357647,0.8079318256309407,0.6140514836657365
chai,e5,s100,0,plots,plots,,250513/1_bulk,250513/1_bulk/2/plots/e5_s100/pred-chai_fold0.csv,250513/1_bulk/2/plots/e5_s100/pred-chai_fold0.csv,-0.28609,0.37605,dataset/full/test.csv,DP,0.9810817492225822,0.9956478938184232,0.966553927095077,0.9456521739130436,0.8218786250944039
chai,e5,s100,0,plots,plots,,250513/1_bulk,250513/1_bulk/2/plots/e5_s100/pred-chai_fold0.csv,250513/1_bulk/2/plots/e5_s100/pred-chai_fold0.csv,-0.28609,0.37605,dataset/full/test.csv,DQ,0.8818629374155302,0.901452431088554,0.8054195233431276,0.7900669249735822,0.5794452111427029
chai,e5,s100,0,plots,plots,,250513/1_bulk,250513/1_bulk/2/plots/e5_s100/pred-chai_fold0.csv,250513/1_bulk/2/plots/e5_s100/pred-chai_fold0.csv,-0.28609,0.37605,dataset/full/test.csv,H2,0.8313909902542085,0.9218832664692934,0.8594202898550725,0.7902702702702703,0.4584322255328068
chai,e5,s100,1,plots,plots,,250513/1_bulk,250513/1_bulk/2/plots/e5_s100/pred-chai_fold1.csv,250513/1_bulk/2/plots/e5_s100/pred-chai_fold1.csv,-0.65225,0.38802,dataset/full/test.csv,DR,0.8973534064650792,0.9113080417081142,0.8234559136731506,0.8147552218348678,0.6288537277853157
chai,e5,s100,1,plots,plots,,250513/1_bulk,250513/1_bulk/2/plots/e5_s100/pred-chai_fold1.csv,250513/1_bulk/2/plots/e5_s100/pred-chai_fold1.csv,-0.65225,0.38802,dataset/full/test.csv,DP,0.9809544184714212,0.995653180568418,0.9680132151974772,0.9479726428920372,0.8288443401412396
chai,e5,s100,1,plots,plots,,250513/1_bulk,250513/1_bulk/2/plots/e5_s100/pred-chai_fold1.csv,250513/1_bulk/2/plots/e5_s100/pred-chai_fold1.csv,-0.65225,0.38802,dataset/full/test.csv,DQ,0.8881061810753855,0.9074168941628762,0.8013781223083548,0.7969355406833392,0.5944166599998817
chai,e5,s100,1,plots,plots,,250513/1_bulk,250513/1_bulk/2/plots/e5_s100/pred-chai_fold1.csv,250513/1_bulk/2/plots/e5_s100/pred-chai_fold1.csv,-0.65225,0.38802,dataset/full/test.csv,H2,0.8665065085531247,0.93994100182576,0.8669201520912547,0.8108108108108109,0.5398198688534924
chai,e5,s100,2,plots,plots,,250513/1_bulk,250513/1_bulk/2/plots/e5_s100/pred-chai_fold2.csv,250513/1_bulk/2/plots/e5_s100/pred-chai_fold2.csv,-0.51817,0.38663,dataset/full/test.csv,DR,0.8911056809089424,0.9046804379237224,0.8221122112211221,0.8072763028515241,0.6126337006601464
chai,e5,s100,2,plots,plots,,250513/1_bulk,250513/1_bulk/2/plots/e5_s100/pred-chai_fold2.csv,250513/1_bulk/2/plots/e5_s100/pred-chai_fold2.csv,-0.51817,0.38663,dataset/full/test.csv,DP,0.978981685726054,0.995273442750258,0.9610687022900763,0.93771372740596,0.8097457636576445
chai,e5,s100,2,plots,plots,,250513/1_bulk,250513/1_bulk/2/plots/e5_s100/pred-chai_fold2.csv,250513/1_bulk/2/plots/e5_s100/pred-chai_fold2.csv,-0.51817,0.38663,dataset/full/test.csv,DQ,0.8704605101552702,0.8910092701342809,0.7953565505804312,0.7826699542092286,0.564171100358039
chai,e5,s100,2,plots,plots,,250513/1_bulk,250513/1_bulk/2/plots/e5_s100/pred-chai_fold2.csv,250513/1_bulk/2/plots/e5_s100/pred-chai_fold2.csv,-0.51817,0.38663,dataset/full/test.csv,H2,0.8650071560008177,0.9380789243198532,0.8703296703296703,0.8086486486486486,0.5125073349188976
chai,e5,s100,3,plots,plots,,250513/1_bulk,250513/1_bulk/2/plots/e5_s100/pred-chai_fold3.csv,250513/1_bulk/2/plots/e5_s100/pred-chai_fold3.csv,-0.64471,0.38083,dataset/full/test.csv,DR,0.8951357448271513,0.9093174664021932,0.8269483362521891,0.8115669974077053,0.6213632055570866
chai,e5,s100,3,plots,plots,,250513/1_bulk,250513/1_bulk/2/plots/e5_s100/pred-chai_fold3.csv,250513/1_bulk/2/plots/e5_s100/pred-chai_fold3.csv,-0.64471,0.38083,dataset/full/test.csv,DP,0.980614240762586,0.9956671862770552,0.9649309245483528,0.9435759648265756,0.8229873793998043
chai,e5,s100,3,plots,plots,,250513/1_bulk,250513/1_bulk/2/plots/e5_s100/pred-chai_fold3.csv,250513/1_bulk/2/plots/e5_s100/pred-chai_fold3.csv,-0.64471,0.38083,dataset/full/test.csv,DQ,0.8851243166586611,0.9024826588952078,0.8066865276398544,0.7942937654103558,0.5875343129031861
chai,e5,s100,3,plots,plots,,250513/1_bulk,250513/1_bulk/2/plots/e5_s100/pred-chai_fold3.csv,250513/1_bulk/2/plots/e5_s100/pred-chai_fold3.csv,-0.64471,0.38083,dataset/full/test.csv,H2,0.8446523092301051,0.9282135687546024,0.8571428571428571,0.7848648648648648,0.4387995050554609
chai,e5,s100,4,plots,plots,,250513/1_bulk,250513/1_bulk/2/plots/e5_s100/pred-chai_fold4.csv,250513/1_bulk/2/plots/e5_s100/pred-chai_fold4.csv,-0.58749,0.38307,dataset/full/test.csv,DR,0.8961754065651509,0.9103921410879928,0.8220459053556248,0.8128780429665385,0.6249237931472822
chai,e5,s100,4,plots,plots,,250513/1_bulk,250513/1_bulk/2/plots/e5_s100/pred-chai_fold4.csv,250513/1_bulk/2/plots/e5_s100/pred-chai_fold4.csv,-0.58749,0.38307,dataset/full/test.csv,DP,0.9812932056728332,0.9957664043280644,0.9679970160387916,0.9476062530532486,0.8237381346333131
chai,e5,s100,4,plots,plots,,250513/1_bulk,250513/1_bulk/2/plots/e5_s100/pred-chai_fold4.csv,250513/1_bulk/2/plots/e5_s100/pred-chai_fold4.csv,-0.58749,0.38307,dataset/full/test.csv,DQ,0.879921872591461,0.9011278540646386,0.7995958235095992,0.7904191616766467,0.579962499164623
chai,e5,s100,4,plots,plots,,250513/1_bulk,250513/1_bulk/2/plots/e5_s100/pred-chai_fold4.csv,250513/1_bulk/2/plots/e5_s100/pred-chai_fold4.csv,-0.58749,0.38307,dataset/full/test.csv,H2,0.863666825688907,0.9397604700103862,0.847723704866562,0.7902702702702703,0.5145939196704061
chai,e5,s128,0,plots,plots,,250513/1_bulk,250513/1_bulk/4/plots/e5_s128/pred-chai_fold0.csv,250513/1_bulk/4/plots/e5_s128/pred-chai_fold0.csv,-0.84791,0.37438,dataset/full/test.csv,DR,0.8938439398520296,0.9079061206286324,0.8144118072637824,0.8089151098000655,0.619146142918922
chai,e5,s128,0,plots,plots,,250513/1_bulk,250513/1_bulk/4/plots/e5_s128/pred-chai_fold0.csv,250513/1_bulk/4/plots/e5_s128/pred-chai_fold0.csv,-0.84791,0.37438,dataset/full/test.csv,DP,0.981442784542762,0.995867520501062,0.9667372240701542,0.9462628236443577,0.8281902479715973
chai,e5,s128,0,plots,plots,,250513/1_bulk,250513/1_bulk/4/plots/e5_s128/pred-chai_fold0.csv,250513/1_bulk/4/plots/e5_s128/pred-chai_fold0.csv,-0.84791,0.37438,dataset/full/test.csv,DQ,0.8833781104027003,0.9041606268950372,0.784856206771023,0.7918281084889045,0.5925398493686117
chai,e5,s128,0,plots,plots,,250513/1_bulk,250513/1_bulk/4/plots/e5_s128/pred-chai_fold0.csv,250513/1_bulk/4/plots/e5_s128/pred-chai_fold0.csv,-0.84791,0.37438,dataset/full/test.csv,H2,0.8541993230196052,0.9335643062827615,0.8612585291887794,0.8021621621621622,0.5166880739910504
chai,e5,s128,1,plots,plots,,250513/1_bulk,250513/1_bulk/4/plots/e5_s128/pred-chai_fold1.csv,250513/1_bulk/4/plots/e5_s128/pred-chai_fold1.csv,-0.20005,0.40213,dataset/full/test.csv,DR,0.8921799017880864,0.9068416656272148,0.8240028470530264,0.8084383659604899,0.6150422337274496
chai,e5,s128,1,plots,plots,,250513/1_bulk,250513/1_bulk/4/plots/e5_s128/pred-chai_fold1.csv,250513/1_bulk/4/plots/e5_s128/pred-chai_fold1.csv,-0.20005,0.40213,dataset/full/test.csv,DP,0.9785146738758516,0.995038436167201,0.9642327100029684,0.941133365901319,0.7990045174098469
chai,e5,s128,1,plots,plots,,250513/1_bulk,250513/1_bulk/4/plots/e5_s128/pred-chai_fold1.csv,250513/1_bulk/4/plots/e5_s128/pred-chai_fold1.csv,-0.20005,0.40213,dataset/full/test.csv,DQ,0.8828889439175286,0.9019007428871816,0.7988971221781836,0.794469883761888,0.589511459545698
chai,e5,s128,1,plots,plots,,250513/1_bulk,250513/1_bulk/4/plots/e5_s128/pred-chai_fold1.csv,250513/1_bulk/4/plots/e5_s128/pred-chai_fold1.csv,-0.20005,0.40213,dataset/full/test.csv,H2,0.8520014084827006,0.9314239935772964,0.8777292576419214,0.8183783783783783,0.5350665779181987
chai,e5,s128,2,plots,plots,,250513/1_bulk,250513/1_bulk/4/plots/e5_s128/pred-chai_fold2.csv,250513/1_bulk/4/plots/e5_s128/pred-chai_fold2.csv,-0.69847,0.38501,dataset/full/test.csv,DR,0.8945386090682359,0.9090846431572964,0.8224083651900157,0.8117457763475463,0.6221330309802284
chai,e5,s128,2,plots,plots,,250513/1_bulk,250513/1_bulk/4/plots/e5_s128/pred-chai_fold2.csv,250513/1_bulk/4/plots/e5_s128/pred-chai_fold2.csv,-0.69847,0.38501,dataset/full/test.csv,DP,0.97786630012891,0.994977888157365,0.96386990159994,0.9412554958475818,0.8070019304114031
chai,e5,s128,2,plots,plots,,250513/1_bulk,250513/1_bulk/4/plots/e5_s128/pred-chai_fold2.csv,250513/1_bulk/4/plots/e5_s128/pred-chai_fold2.csv,-0.69847,0.38501,dataset/full/test.csv,DQ,0.8827507093224813,0.90176628713613,0.7860642351660315,0.7923564635435012,0.592958213732199
chai,e5,s128,2,plots,plots,,250513/1_bulk,250513/1_bulk/4/plots/e5_s128/pred-chai_fold2.csv,250513/1_bulk/4/plots/e5_s128/pred-chai_fold2.csv,-0.69847,0.38501,dataset/full/test.csv,H2,0.8451293759512938,0.9291660244803368,0.8524590163934426,0.7956756756756757,0.5228446685526681
chai,e5,s128,3,plots,plots,,250513/1_bulk,250513/1_bulk/4/plots/e5_s128/pred-chai_fold3.csv,250513/1_bulk/4/plots/e5_s128/pred-chai_fold3.csv,-2.90733,0.3964,dataset/full/test.csv,DR,0.8964751508349926,0.9106108686954052,0.8191400271448785,0.8133845832960878,0.6278299805526782
chai,e5,s128,3,plots,plots,,250513/1_bulk,250513/1_bulk/4/plots/e5_s128/pred-chai_fold3.csv,250513/1_bulk/4/plots/e5_s128/pred-chai_fold3.csv,-2.90733,0.3964,dataset/full/test.csv,DP,0.9778107791539498,0.994996908644482,0.955880092236741,0.9298974108451392,0.7928163407005121
chai,e5,s128,3,plots,plots,,250513/1_bulk,250513/1_bulk/4/plots/e5_s128/pred-chai_fold3.csv,250513/1_bulk/4/plots/e5_s128/pred-chai_fold3.csv,-2.90733,0.3964,dataset/full/test.csv,DQ,0.8887881549858434,0.9067115089330102,0.7914265129682997,0.7960549489256781,0.5989265340584183
chai,e5,s128,3,plots,plots,,250513/1_bulk,250513/1_bulk/4/plots/e5_s128/pred-chai_fold3.csv,250513/1_bulk/4/plots/e5_s128/pred-chai_fold3.csv,-2.90733,0.3964,dataset/full/test.csv,H2,0.8471398714191599,0.9318321985664068,0.8378378378378378,0.7794594594594595,0.5001906573868757
chai,e5,s128,4,plots,plots,,250513/1_bulk,250513/1_bulk/4/plots/e5_s128/pred-chai_fold4.csv,250513/1_bulk/4/plots/e5_s128/pred-chai_fold4.csv,-0.09923,0.38899,dataset/full/test.csv,DR,0.8976442404689672,0.9101443718535492,0.8262176454216532,0.8139507166055838,0.6261727246337038
chai,e5,s128,4,plots,plots,,250513/1_bulk,250513/1_bulk/4/plots/e5_s128/pred-chai_fold4.csv,250513/1_bulk/4/plots/e5_s128/pred-chai_fold4.csv,-0.09923,0.38899,dataset/full/test.csv,DP,0.9799502734681153,0.9954723370562294,0.964355542186795,0.9421104054714216,0.8106441522148958
chai,e5,s128,4,plots,plots,,250513/1_bulk,250513/1_bulk/4/plots/e5_s128/pred-chai_fold4.csv,250513/1_bulk/4/plots/e5_s128/pred-chai_fold4.csv,-0.09923,0.38899,dataset/full/test.csv,DQ,0.8787433978063461,0.8997274926405991,0.7975016436554898,0.7830221909122931,0.5650060577225389
chai,e5,s128,4,plots,plots,,250513/1_bulk,250513/1_bulk/4/plots/e5_s128/pred-chai_fold4.csv,250513/1_bulk/4/plots/e5_s128/pred-chai_fold4.csv,-0.09923,0.38899,dataset/full/test.csv,H2,0.8694086644403552,0.9415654229977756,0.8759124087591241,0.8162162162162162,0.53057826259683
chai,e5,s42,0,plots,plots,,250513/1_bulk,250513/1_bulk/2/plots/e5_s42/pred-chai_fold0.csv,250513/1_bulk/2/plots/e5_s42/pred-chai_fold0.csv,-0.81677,0.3808,dataset/full/test.csv,DR,0.8910293474322983,0.9064765771854336,0.8160474128105767,0.8076338607312059,0.6148654242753175
chai,e5,s42,0,plots,plots,,250513/1_bulk,250513/1_bulk/2/plots/e5_s42/pred-chai_fold0.csv,250513/1_bulk/2/plots/e5_s42/pred-chai_fold0.csv,-0.81677,0.3808,dataset/full/test.csv,DP,0.9792613763619896,0.9954040854278762,0.9641125121241512,0.9412554958475818,0.80244532465681
chai,e5,s42,0,plots,plots,,250513/1_bulk,250513/1_bulk/2/plots/e5_s42/pred-chai_fold0.csv,250513/1_bulk/2/plots/e5_s42/pred-chai_fold0.csv,-0.81677,0.3808,dataset/full/test.csv,DQ,0.886921366394275,0.905441777265838,0.8035220994475138,0.7995773159563226,0.599911505571024
chai,e5,s42,0,plots,plots,,250513/1_bulk,250513/1_bulk/2/plots/e5_s42/pred-chai_fold0.csv,250513/1_bulk/2/plots/e5_s42/pred-chai_fold0.csv,-0.81677,0.3808,dataset/full/test.csv,H2,0.857612621822395,0.9355456530328428,0.8709917971662938,0.812972972972973,0.5330360555831105
chai,e5,s42,1,plots,plots,,250513/1_bulk,250513/1_bulk/2/plots/e5_s42/pred-chai_fold1.csv,250513/1_bulk/2/plots/e5_s42/pred-chai_fold1.csv,0.00427,0.41051,dataset/full/test.csv,DR,0.9030421433941168,0.9159444373012792,0.8345716369924081,0.8175560918923751,0.6340547418537908
chai,e5,s42,1,plots,plots,,250513/1_bulk,250513/1_bulk/2/plots/e5_s42/pred-chai_fold1.csv,250513/1_bulk/2/plots/e5_s42/pred-chai_fold1.csv,0.00427,0.41051,dataset/full/test.csv,DP,0.9822428229207668,0.9959773985995404,0.9691399536725696,0.9495603321934538,0.8311838061720743
chai,e5,s42,1,plots,plots,,250513/1_bulk,250513/1_bulk/2/plots/e5_s42/pred-chai_fold1.csv,250513/1_bulk/2/plots/e5_s42/pred-chai_fold1.csv,0.00427,0.41051,dataset/full/test.csv,DQ,0.8862581635484323,0.9058627124093608,0.8063416297306512,0.7999295526593871,0.5996110451166067
chai,e5,s42,1,plots,plots,,250513/1_bulk,250513/1_bulk/2/plots/e5_s42/pred-chai_fold1.csv,250513/1_bulk/2/plots/e5_s42/pred-chai_fold1.csv,0.00427,0.41051,dataset/full/test.csv,H2,0.8538472023444421,0.931999351562341,0.8640850417615793,0.8064864864864865,0.5282727046818183
chai,e5,s42,2,plots,plots,,250513/1_bulk,250513/1_bulk/2/plots/e5_s42/pred-chai_fold2.csv,250513/1_bulk/2/plots/e5_s42/pred-chai_fold2.csv,-0.03629,0.39634,dataset/full/test.csv,DR,0.8999037352619139,0.9133158817661292,0.8309260369542705,0.8151425762045231,0.6287100526248152
chai,e5,s42,2,plots,plots,,250513/1_bulk,250513/1_bulk/2/plots/e5_s42/pred-chai_fold2.csv,250513/1_bulk/2/plots/e5_s42/pred-chai_fold2.csv,-0.03629,0.39634,dataset/full/test.csv,DP,0.9799422283894536,0.995395710897542,0.9649764767381076,0.9427210552027356,0.8079186118713622
chai,e5,s42,2,plots,plots,,250513/1_bulk,250513/1_bulk/2/plots/e5_s42/pred-chai_fold2.csv,250513/1_bulk/2/plots/e5_s42/pred-chai_fold2.csv,-0.03629,0.39634,dataset/full/test.csv,DQ,0.8920268473462439,0.9114225460338266,0.8030143708377147,0.8020429728777738,0.6065322884279354
chai,e5,s42,2,plots,plots,,250513/1_bulk,250513/1_bulk/2/plots/e5_s42/pred-chai_fold2.csv,250513/1_bulk/2/plots/e5_s42/pred-chai_fold2.csv,-0.03629,0.39634,dataset/full/test.csv,H2,0.8576239805538518,0.9333661166923812,0.8551829268292683,0.7945945945945946,0.5020327946638918
chai,e5,s42,3,plots,plots,,250513/1_bulk,250513/1_bulk/2/plots/e5_s42/pred-chai_fold3.csv,250513/1_bulk/2/plots/e5_s42/pred-chai_fold3.csv,-2.06544,0.39279,dataset/full/test.csv,DR,0.893170064227065,0.9073198105078416,0.8197946377638334,0.8117457763475463,0.623202240619095
chai,e5,s42,3,plots,plots,,250513/1_bulk,250513/1_bulk/2/plots/e5_s42/pred-chai_fold3.csv,250513/1_bulk/2/plots/e5_s42/pred-chai_fold3.csv,-2.06544,0.39279,dataset/full/test.csv,DP,0.982805978427072,0.9961495690178624,0.9652014652014652,0.9443087445041524,0.8301347284176949
chai,e5,s42,3,plots,plots,,250513/1_bulk,250513/1_bulk/2/plots/e5_s42/pred-chai_fold3.csv,250513/1_bulk/2/plots/e5_s42/pred-chai_fold3.csv,-2.06544,0.39279,dataset/full/test.csv,DQ,0.8844854789033124,0.9044385347590462,0.8015083990401097,0.7960549489256781,0.5922387344643372
chai,e5,s42,3,plots,plots,,250513/1_bulk,250513/1_bulk/2/plots/e5_s42/pred-chai_fold3.csv,250513/1_bulk/2/plots/e5_s42/pred-chai_fold3.csv,-2.06544,0.39279,dataset/full/test.csv,H2,0.8390354165246825,0.9266453241777142,0.8508033664881408,0.7891891891891892,0.4918043079354879
chai,e5,s42,4,plots,plots,,250513/1_bulk,250513/1_bulk/2/plots/e5_s42/pred-chai_fold4.csv,250513/1_bulk/2/plots/e5_s42/pred-chai_fold4.csv,-0.47426,0.40245,dataset/full/test.csv,DR,0.8921838533903308,0.906396712918586,0.820554557700943,0.8094812431095617,0.6175060228956359
chai,e5,s42,4,plots,plots,,250513/1_bulk,250513/1_bulk/2/plots/e5_s42/pred-chai_fold4.csv,250513/1_bulk/2/plots/e5_s42/pred-chai_fold4.csv,-0.47426,0.40245,dataset/full/test.csv,DP,0.97825345712425,0.9950632077716596,0.961770927772741,0.9382022471910112,0.8016884219974683
chai,e5,s42,4,plots,plots,,250513/1_bulk,250513/1_bulk/2/plots/e5_s42/pred-chai_fold4.csv,250513/1_bulk/2/plots/e5_s42/pred-chai_fold4.csv,-0.47426,0.40245,dataset/full/test.csv,DQ,0.8686048474596162,0.8900691816648162,0.7799648506151142,0.7794998238816485,0.5617416246426726
chai,e5,s42,4,plots,plots,,250513/1_bulk,250513/1_bulk/2/plots/e5_s42/pred-chai_fold4.csv,250513/1_bulk/2/plots/e5_s42/pred-chai_fold4.csv,-0.47426,0.40245,dataset/full/test.csv,H2,0.868948635816352,0.9395290443679454,0.8738417676407698,0.8086486486486486,0.5015304096234192
deepneo,e3,s100,0,plots,plots,,250516/7_ic50_etc,250516/7_ic50_etc/plots/e3_s100/pred-deepneo_fold0.csv,250516/7_ic50_etc/plots/e3_s100/pred-deepneo_fold0.csv,0.74263,0.40473,dataset/full/test_beta.csv,DR,0.8719236322012756,0.8903006009464005,0.7963068831465813,0.7876702124489735,0.5751537962032425
deepneo,e3,s100,0,plots,plots,,250516/7_ic50_etc,250516/7_ic50_etc/plots/e3_s100/pred-deepneo_fold0.csv,250516/7_ic50_etc/plots/e3_s100/pred-deepneo_fold0.csv,0.74263,0.40473,dataset/full/test_beta.csv,DP,0.9600324712553816,0.9902798828794876,0.9526280673141078,0.9217391304347826,0.7293788420617642
deepneo,e3,s100,0,plots,plots,,250516/7_ic50_etc,250516/7_ic50_etc/plots/e3_s100/pred-deepneo_fold0.csv,250516/7_ic50_etc/plots/e3_s100/pred-deepneo_fold0.csv,0.74263,0.40473,dataset/full/test_beta.csv,DQ,0.8582032139183353,0.8895315137625407,0.7677535507101421,0.768494516450648,0.5477888393425508
deepneo,e3,s100,0,plots,plots,,250516/7_ic50_etc,250516/7_ic50_etc/plots/e3_s100/pred-deepneo_fold0.csv,250516/7_ic50_etc/plots/e3_s100/pred-deepneo_fold0.csv,0.74263,0.40473,dataset/full/test_beta.csv,H2,0.844220677434744,0.9232907188197972,0.8638704930095659,0.8,0.4924647222138433
deepneo,e3,s100,1,plots,plots,,250516/7_ic50_etc,250516/7_ic50_etc/plots/e3_s100/pred-deepneo_fold1.csv,250516/7_ic50_etc/plots/e3_s100/pred-deepneo_fold1.csv,0.73904,0.42007,dataset/full/test_beta.csv,DR,0.872135542887265,0.8896501813431898,0.7913279132791328,0.7866273352999017,0.5754368083181257
deepneo,e3,s100,1,plots,plots,,250516/7_ic50_etc,250516/7_ic50_etc/plots/e3_s100/pred-deepneo_fold1.csv,250516/7_ic50_etc/plots/e3_s100/pred-deepneo_fold1.csv,0.73904,0.42007,dataset/full/test_beta.csv,DP,0.9587717494064242,0.9900321965063994,0.9511025886864812,0.9187997550520516,0.715512707515733
deepneo,e3,s100,1,plots,plots,,250516/7_ic50_etc,250516/7_ic50_etc/plots/e3_s100/pred-deepneo_fold1.csv,250516/7_ic50_etc/plots/e3_s100/pred-deepneo_fold1.csv,0.73904,0.42007,dataset/full/test_beta.csv,DQ,0.8544455425796317,0.8860622001367111,0.7674277631844817,0.7704885343968095,0.5544970570267674
deepneo,e3,s100,1,plots,plots,,250516/7_ic50_etc,250516/7_ic50_etc/plots/e3_s100/pred-deepneo_fold1.csv,250516/7_ic50_etc/plots/e3_s100/pred-deepneo_fold1.csv,0.73904,0.42007,dataset/full/test_beta.csv,H2,0.835730025670733,0.9173766871739356,0.8528072837632777,0.7902702702702703,0.4881844959125289
deepneo,e3,s100,2,plots,plots,,250516/7_ic50_etc,250516/7_ic50_etc/plots/e3_s100/pred-deepneo_fold2.csv,250516/7_ic50_etc/plots/e3_s100/pred-deepneo_fold2.csv,0.74315,0.40838,dataset/full/test_beta.csv,DR,0.874383207827214,0.8924082425335473,0.8001938758054399,0.7911861982658442,0.5819513564005361
deepneo,e3,s100,2,plots,plots,,250516/7_ic50_etc,250516/7_ic50_etc/plots/e3_s100/pred-deepneo_fold2.csv,250516/7_ic50_etc/plots/e3_s100/pred-deepneo_fold2.csv,0.74315,0.40838,dataset/full/test_beta.csv,DP,0.9593940917470328,0.9901803134019,0.9507104795737122,0.91843233312921,0.7165944194040811
deepneo,e3,s100,2,plots,plots,,250516/7_ic50_etc,250516/7_ic50_etc/plots/e3_s100/pred-deepneo_fold2.csv,250516/7_ic50_etc/plots/e3_s100/pred-deepneo_fold2.csv,0.74315,0.40838,dataset/full/test_beta.csv,DQ,0.8528305154800244,0.8836186773885324,0.7897306092930754,0.7680957128614158,0.5320207087820027
deepneo,e3,s100,2,plots,plots,,250516/7_ic50_etc,250516/7_ic50_etc/plots/e3_s100/pred-deepneo_fold2.csv,250516/7_ic50_etc/plots/e3_s100/pred-deepneo_fold2.csv,0.74315,0.40838,dataset/full/test_beta.csv,H2,0.8467707126468116,0.9265903977420836,0.866617538688283,0.8043243243243243,0.5044160828462035
deepneo,e3,s100,3,plots,plots,,250516/7_ic50_etc,250516/7_ic50_etc/plots/e3_s100/pred-deepneo_fold3.csv,250516/7_ic50_etc/plots/e3_s100/pred-deepneo_fold3.csv,0.74258,0.40775,dataset/full/test_beta.csv,DR,0.873738481730037,0.8919664924690466,0.7981483598125501,0.7895175948273293,0.57882226713756
deepneo,e3,s100,3,plots,plots,,250516/7_ic50_etc,250516/7_ic50_etc/plots/e3_s100/pred-deepneo_fold3.csv,250516/7_ic50_etc/plots/e3_s100/pred-deepneo_fold3.csv,0.74258,0.40775,dataset/full/test_beta.csv,DP,0.9599528366943229,0.9903427792993428,0.951192333407622,0.9195345988977344,0.7232795988045438
deepneo,e3,s100,3,plots,plots,,250516/7_ic50_etc,250516/7_ic50_etc/plots/e3_s100/pred-deepneo_fold3.csv,250516/7_ic50_etc/plots/e3_s100/pred-deepneo_fold3.csv,0.74258,0.40775,dataset/full/test_beta.csv,DQ,0.858450854608502,0.88944099306007,0.7922687861271677,0.7706879361914257,0.537238951892185
deepneo,e3,s100,3,plots,plots,,250516/7_ic50_etc,250516/7_ic50_etc/plots/e3_s100/pred-deepneo_fold3.csv,250516/7_ic50_etc/plots/e3_s100/pred-deepneo_fold3.csv,0.74258,0.40775,dataset/full/test_beta.csv,H2,0.8376155750925737,0.9203859993194994,0.8641063515509602,0.8010810810810811,0.4973573632013882
deepneo,e3,s100,4,plots,plots,,250516/7_ic50_etc,250516/7_ic50_etc/plots/e3_s100/pred-deepneo_fold4.csv,250516/7_ic50_etc/plots/e3_s100/pred-deepneo_fold4.csv,0.7525,0.41292,dataset/full/test_beta.csv,DR,0.8779921025990371,0.8955415456252174,0.7983394355233949,0.7915735526354996,0.5839196941733061
deepneo,e3,s100,4,plots,plots,,250516/7_ic50_etc,250516/7_ic50_etc/plots/e3_s100/pred-deepneo_fold4.csv,250516/7_ic50_etc/plots/e3_s100/pred-deepneo_fold4.csv,0.7525,0.41292,dataset/full/test_beta.csv,DP,0.9647384277802232,0.9915509643320128,0.955794504181601,0.9274954072259644,0.7545045855451673
deepneo,e3,s100,4,plots,plots,,250516/7_ic50_etc,250516/7_ic50_etc/plots/e3_s100/pred-deepneo_fold4.csv,250516/7_ic50_etc/plots/e3_s100/pred-deepneo_fold4.csv,0.7525,0.41292,dataset/full/test_beta.csv,DQ,0.859124462898238,0.8910563099362464,0.7886849007118771,0.7750747756729811,0.5486725955643513
deepneo,e3,s100,4,plots,plots,,250516/7_ic50_etc,250516/7_ic50_etc/plots/e3_s100/pred-deepneo_fold4.csv,250516/7_ic50_etc/plots/e3_s100/pred-deepneo_fold4.csv,0.7525,0.41292,dataset/full/test_beta.csv,H2,0.8373372861718804,0.9232521660102696,0.8661302121433797,0.8021621621621622,0.4948607281917774
deepneo,e3,s128,0,plots,plots,,250516/7_ic50_etc,250516/7_ic50_etc/plots/e3_s128/pred-deepneo_fold0.csv,250516/7_ic50_etc/plots/e3_s128/pred-deepneo_fold0.csv,0.73829,0.40823,dataset/full/test_beta.csv,DR,0.8708119504180399,0.8882932982906983,0.8020166763622261,0.7870444861595304,0.5719545679769032
deepneo,e3,s128,0,plots,plots,,250516/7_ic50_etc,250516/7_ic50_etc/plots/e3_s128/pred-deepneo_fold0.csv,250516/7_ic50_etc/plots/e3_s128/pred-deepneo_fold0.csv,0.73829,0.40823,dataset/full/test_beta.csv,DP,0.9586504182092418,0.9899423562951384,0.9500037034293756,0.917330067360686,0.7133360659904242
deepneo,e3,s128,0,plots,plots,,250516/7_ic50_etc,250516/7_ic50_etc/plots/e3_s128/pred-deepneo_fold0.csv,250516/7_ic50_etc/plots/e3_s128/pred-deepneo_fold0.csv,0.73829,0.40823,dataset/full/test_beta.csv,DQ,0.8520350077813923,0.8837274369898231,0.7761922643634999,0.7623130608175473,0.5233068987185284
deepneo,e3,s128,0,plots,plots,,250516/7_ic50_etc,250516/7_ic50_etc/plots/e3_s128/pred-deepneo_fold0.csv,250516/7_ic50_etc/plots/e3_s128/pred-deepneo_fold0.csv,0.73829,0.40823,dataset/full/test_beta.csv,H2,0.8519900497512438,0.9220377677576126,0.8758364312267658,0.8194594594594594,0.5477364205173822
deepneo,e3,s128,1,plots,plots,,250516/7_ic50_etc,250516/7_ic50_etc/plots/e3_s128/pred-deepneo_fold1.csv,250516/7_ic50_etc/plots/e3_s128/pred-deepneo_fold1.csv,0.74219,0.41873,dataset/full/test_beta.csv,DR,0.8741907200594281,0.8916741196603025,0.8081111323380912,0.7905008789964543,0.5789083667587094
deepneo,e3,s128,1,plots,plots,,250516/7_ic50_etc,250516/7_ic50_etc/plots/e3_s128/pred-deepneo_fold1.csv,250516/7_ic50_etc/plots/e3_s128/pred-deepneo_fold1.csv,0.74219,0.41873,dataset/full/test_beta.csv,DP,0.960100528985978,0.9904311116732076,0.9511993382961124,0.920514390691978,0.7371805154933296
deepneo,e3,s128,1,plots,plots,,250516/7_ic50_etc,250516/7_ic50_etc/plots/e3_s128/pred-deepneo_fold1.csv,250516/7_ic50_etc/plots/e3_s128/pred-deepneo_fold1.csv,0.74219,0.41873,dataset/full/test_beta.csv,DQ,0.8511303268761063,0.8830441756267549,0.787257019438445,0.7643070787637088,0.5242411290526517
deepneo,e3,s128,1,plots,plots,,250516/7_ic50_etc,250516/7_ic50_etc/plots/e3_s128/pred-deepneo_fold1.csv,250516/7_ic50_etc/plots/e3_s128/pred-deepneo_fold1.csv,0.74219,0.41873,dataset/full/test_beta.csv,H2,0.8464015538744634,0.9241695474009484,0.8701492537313433,0.8118918918918919,0.5307519029648667
deepneo,e3,s128,2,plots,plots,,250516/7_ic50_etc,250516/7_ic50_etc/plots/e3_s128/pred-deepneo_fold2.csv,250516/7_ic50_etc/plots/e3_s128/pred-deepneo_fold2.csv,0.75006,0.41273,dataset/full/test_beta.csv,DR,0.8773106517329634,0.8942377426385756,0.8081702692978329,0.7934805279938023,0.5848872320368144
deepneo,e3,s128,2,plots,plots,,250516/7_ic50_etc,250516/7_ic50_etc/plots/e3_s128/pred-deepneo_fold2.csv,250516/7_ic50_etc/plots/e3_s128/pred-deepneo_fold2.csv,0.75006,0.41273,dataset/full/test_beta.csv,DP,0.9627036118909184,0.9910640401176593,0.9521581648053123,0.922351500306185,0.7466687970781738
deepneo,e3,s128,2,plots,plots,,250516/7_ic50_etc,250516/7_ic50_etc/plots/e3_s128/pred-deepneo_fold2.csv,250516/7_ic50_etc/plots/e3_s128/pred-deepneo_fold2.csv,0.75006,0.41273,dataset/full/test_beta.csv,DQ,0.8491035791203201,0.8801092549966569,0.7848011363636364,0.7583250249252244,0.5120460805217029
deepneo,e3,s128,2,plots,plots,,250516/7_ic50_etc,250516/7_ic50_etc/plots/e3_s128/pred-deepneo_fold2.csv,250516/7_ic50_etc/plots/e3_s128/pred-deepneo_fold2.csv,0.75006,0.41273,dataset/full/test_beta.csv,H2,0.8473272904881983,0.9221087800594684,0.875945537065053,0.8227027027027027,0.5655064331327818
deepneo,e3,s128,3,plots,plots,,250516/7_ic50_etc,250516/7_ic50_etc/plots/e3_s128/pred-deepneo_fold3.csv,250516/7_ic50_etc/plots/e3_s128/pred-deepneo_fold3.csv,0.7492,0.41128,dataset/full/test_beta.csv,DR,0.8757775370067105,0.8928562729115033,0.8068671885729982,0.7905008789964543,0.5788324675734304
deepneo,e3,s128,3,plots,plots,,250516/7_ic50_etc,250516/7_ic50_etc/plots/e3_s128/pred-deepneo_fold3.csv,250516/7_ic50_etc/plots/e3_s128/pred-deepneo_fold3.csv,0.7492,0.41128,dataset/full/test_beta.csv,DP,0.9613923228474311,0.9907479904690192,0.953449834287436,0.9243110838946724,0.7513501174702656
deepneo,e3,s128,3,plots,plots,,250516/7_ic50_etc,250516/7_ic50_etc/plots/e3_s128/pred-deepneo_fold3.csv,250516/7_ic50_etc/plots/e3_s128/pred-deepneo_fold3.csv,0.7492,0.41128,dataset/full/test_beta.csv,DQ,0.8573845749464459,0.8880661134540689,0.7788351732013704,0.768295114656032,0.5371855946126881
deepneo,e3,s128,3,plots,plots,,250516/7_ic50_etc,250516/7_ic50_etc/plots/e3_s128/pred-deepneo_fold3.csv,250516/7_ic50_etc/plots/e3_s128/pred-deepneo_fold3.csv,0.7492,0.41128,dataset/full/test_beta.csv,H2,0.8384958767804811,0.9208061135268952,0.859714928732183,0.7978378378378378,0.4989243134415511
deepneo,e3,s128,4,plots,plots,,250516/7_ic50_etc,250516/7_ic50_etc/plots/e3_s128/pred-deepneo_fold4.csv,250516/7_ic50_etc/plots/e3_s128/pred-deepneo_fold4.csv,0.73863,0.42512,dataset/full/test_beta.csv,DR,0.8718508599791578,0.8894509857185005,0.7944258963565104,0.7890110544977802,0.579687639812067
deepneo,e3,s128,4,plots,plots,,250516/7_ic50_etc,250516/7_ic50_etc/plots/e3_s128/pred-deepneo_fold4.csv,250516/7_ic50_etc/plots/e3_s128/pred-deepneo_fold4.csv,0.73863,0.42512,dataset/full/test_beta.csv,DP,0.9619494139617978,0.9908999072201048,0.9519716504561562,0.9219840783833436,0.7446496998720318
deepneo,e3,s128,4,plots,plots,,250516/7_ic50_etc,250516/7_ic50_etc/plots/e3_s128/pred-deepneo_fold4.csv,250516/7_ic50_etc/plots/e3_s128/pred-deepneo_fold4.csv,0.73863,0.42512,dataset/full/test_beta.csv,DQ,0.8564108203774192,0.8876373395545459,0.7862261842335256,0.7561316051844467,0.5080949389992867
deepneo,e3,s128,4,plots,plots,,250516/7_ic50_etc,250516/7_ic50_etc/plots/e3_s128/pred-deepneo_fold4.csv,250516/7_ic50_etc/plots/e3_s128/pred-deepneo_fold4.csv,0.73863,0.42512,dataset/full/test_beta.csv,H2,0.8450555441968242,0.922682255469224,0.8662704309063893,0.8054054054054054,0.5118140781283875
deepneo,e3,s42,0,plots,plots,,250516/7_ic50_etc,250516/7_ic50_etc/plots/e3_s42/pred-deepneo_fold0.csv,250516/7_ic50_etc/plots/e3_s42/pred-deepneo_fold0.csv,0.75738,0.40579,dataset/full/test_beta.csv,DR,0.8790851065113122,0.896772790838905,0.8023629272768984,0.7946425911027681,0.5894619128452666
deepneo,e3,s42,0,plots,plots,,250516/7_ic50_etc,250516/7_ic50_etc/plots/e3_s42/pred-deepneo_fold0.csv,250516/7_ic50_etc/plots/e3_s42/pred-deepneo_fold0.csv,0.75738,0.40579,dataset/full/test_beta.csv,DP,0.9660746746660058,0.9918395448760516,0.9552126458411744,0.9271279853031232,0.7600009645274377
deepneo,e3,s42,0,plots,plots,,250516/7_ic50_etc,250516/7_ic50_etc/plots/e3_s42/pred-deepneo_fold0.csv,250516/7_ic50_etc/plots/e3_s42/pred-deepneo_fold0.csv,0.75738,0.40579,dataset/full/test_beta.csv,DQ,0.8552805095091143,0.8869417421493567,0.7801445416508178,0.7694915254237288,0.5394713877320064
deepneo,e3,s42,0,plots,plots,,250516/7_ic50_etc,250516/7_ic50_etc/plots/e3_s42/pred-deepneo_fold0.csv,250516/7_ic50_etc/plots/e3_s42/pred-deepneo_fold0.csv,0.75738,0.40579,dataset/full/test_beta.csv,H2,0.8478952270610417,0.9281732171743722,0.8605518269947801,0.7978378378378378,0.4950299720269655
deepneo,e3,s42,1,plots,plots,,250516/7_ic50_etc,250516/7_ic50_etc/plots/e3_s42/pred-deepneo_fold1.csv,250516/7_ic50_etc/plots/e3_s42/pred-deepneo_fold1.csv,0.75431,0.41882,dataset/full/test_beta.csv,DR,0.8782006516603837,0.8961086042440983,0.8062800850778014,0.7937486964035637,0.5857799321566394
deepneo,e3,s42,1,plots,plots,,250516/7_ic50_etc,250516/7_ic50_etc/plots/e3_s42/pred-deepneo_fold1.csv,250516/7_ic50_etc/plots/e3_s42/pred-deepneo_fold1.csv,0.75431,0.41882,dataset/full/test_beta.csv,DP,0.9667831165509184,0.9921141366280284,0.9547890406823156,0.9266380894060012,0.7609003808844764
deepneo,e3,s42,1,plots,plots,,250516/7_ic50_etc,250516/7_ic50_etc/plots/e3_s42/pred-deepneo_fold1.csv,250516/7_ic50_etc/plots/e3_s42/pred-deepneo_fold1.csv,0.75431,0.41882,dataset/full/test_beta.csv,DQ,0.8474258014385891,0.8807872170325021,0.77889634601044,0.7635094715852443,0.5248954346520216
deepneo,e3,s42,1,plots,plots,,250516/7_ic50_etc,250516/7_ic50_etc/plots/e3_s42/pred-deepneo_fold1.csv,250516/7_ic50_etc/plots/e3_s42/pred-deepneo_fold1.csv,0.75431,0.41882,dataset/full/test_beta.csv,H2,0.8333106158704195,0.919063241421638,0.8554307116104869,0.7913513513513514,0.4817751212694353
deepneo,e3,s42,2,plots,plots,,250516/7_ic50_etc,250516/7_ic50_etc/plots/e3_s42/pred-deepneo_fold2.csv,250516/7_ic50_etc/plots/e3_s42/pred-deepneo_fold2.csv,0.74623,0.41189,dataset/full/test_beta.csv,DR,0.8777197700075521,0.8959629517587412,0.8099896169189573,0.7927952087244122,0.5835162750793317
deepneo,e3,s42,2,plots,plots,,250516/7_ic50_etc,250516/7_ic50_etc/plots/e3_s42/pred-deepneo_fold2.csv,250516/7_ic50_etc/plots/e3_s42/pred-deepneo_fold2.csv,0.74623,0.41189,dataset/full/test_beta.csv,DP,0.9637602607803846,0.991378975728538,0.9517520822390636,0.9212492345376608,0.7376410915010998
deepneo,e3,s42,2,plots,plots,,250516/7_ic50_etc,250516/7_ic50_etc/plots/e3_s42/pred-deepneo_fold2.csv,250516/7_ic50_etc/plots/e3_s42/pred-deepneo_fold2.csv,0.74623,0.41189,dataset/full/test_beta.csv,DQ,0.8503689958338094,0.8807574583604769,0.780223880597015,0.7651046859421735,0.5281815375451964
deepneo,e3,s42,2,plots,plots,,250516/7_ic50_etc,250516/7_ic50_etc/plots/e3_s42/pred-deepneo_fold2.csv,250516/7_ic50_etc/plots/e3_s42/pred-deepneo_fold2.csv,0.74623,0.41189,dataset/full/test_beta.csv,H2,0.8409919580181285,0.9240112731207224,0.862371888726208,0.7967567567567567,0.4811638376985193
deepneo,e3,s42,3,plots,plots,,250516/7_ic50_etc,250516/7_ic50_etc/plots/e3_s42/pred-deepneo_fold3.csv,250516/7_ic50_etc/plots/e3_s42/pred-deepneo_fold3.csv,0.75039,0.40839,dataset/full/test_beta.csv,DR,0.8756743604403955,0.8935042063927282,0.8094389782662318,0.7928250052143857,0.5835324988305562
deepneo,e3,s42,3,plots,plots,,250516/7_ic50_etc,250516/7_ic50_etc/plots/e3_s42/pred-deepneo_fold3.csv,250516/7_ic50_etc/plots/e3_s42/pred-deepneo_fold3.csv,0.75039,0.40839,dataset/full/test_beta.csv,DP,0.9660268638596812,0.991989528755266,0.9555638816035968,0.927372933251684,0.7569073305456888
deepneo,e3,s42,3,plots,plots,,250516/7_ic50_etc,250516/7_ic50_etc/plots/e3_s42/pred-deepneo_fold3.csv,250516/7_ic50_etc/plots/e3_s42/pred-deepneo_fold3.csv,0.75039,0.40839,dataset/full/test_beta.csv,DQ,0.8533823043998723,0.8859790986697635,0.7797299796560014,0.7625124626121635,0.5221124598837257
deepneo,e3,s42,3,plots,plots,,250516/7_ic50_etc,250516/7_ic50_etc/plots/e3_s42/pred-deepneo_fold3.csv,250516/7_ic50_etc/plots/e3_s42/pred-deepneo_fold3.csv,0.75039,0.40839,dataset/full/test_beta.csv,H2,0.8377689179672414,0.9217737822466278,0.8668106551475881,0.8,0.4814001749513226
deepneo,e3,s42,4,plots,plots,,250516/7_ic50_etc,250516/7_ic50_etc/plots/e3_s42/pred-deepneo_fold4.csv,250516/7_ic50_etc/plots/e3_s42/pred-deepneo_fold4.csv,0.74797,0.42084,dataset/full/test_beta.csv,DR,0.875930116621924,0.8933841274383294,0.7923727564763785,0.7900837281368255,0.5841580836248976
deepneo,e3,s42,4,plots,plots,,250516/7_ic50_etc,250516/7_ic50_etc/plots/e3_s42/pred-deepneo_fold4.csv,250516/7_ic50_etc/plots/e3_s42/pred-deepneo_fold4.csv,0.74797,0.42084,dataset/full/test_beta.csv,DP,0.9649208004471164,0.9916533800094136,0.9547410595043776,0.925290875688916,0.7423008487014136
deepneo,e3,s42,4,plots,plots,,250516/7_ic50_etc,250516/7_ic50_etc/plots/e3_s42/pred-deepneo_fold4.csv,250516/7_ic50_etc/plots/e3_s42/pred-deepneo_fold4.csv,0.74797,0.42084,dataset/full/test_beta.csv,DQ,0.8518446750208182,0.8851163674606991,0.7871485943775101,0.7674975074775673,0.5312198336864415
deepneo,e3,s42,4,plots,plots,,250516/7_ic50_etc,250516/7_ic50_etc/plots/e3_s42/pred-deepneo_fold4.csv,250516/7_ic50_etc/plots/e3_s42/pred-deepneo_fold4.csv,0.74797,0.42084,dataset/full/test_beta.csv,H2,0.839941275358368,0.9241211321396624,0.859375,0.7859459459459459,0.4365473789737206
esm3_large,e5,s100,0,plots,plots,,250524/0_bulk,250524/0_bulk/plots/e5_s100/pred-esm3_large_fold0.csv,250524/0_bulk/plots/e5_s100/pred-esm3_large_fold0.csv,-0.09398,0.33683,dataset/full/test.csv,DR,0.9167297912993624,0.9291144713874016,0.8402693835261613,0.8346294806471798,0.669996875799881
esm3_large,e5,s100,0,plots,plots,,250524/0_bulk,250524/0_bulk/plots/e5_s100/pred-esm3_large_fold0.csv,250524/0_bulk/plots/e5_s100/pred-esm3_large_fold0.csv,-0.09398,0.33683,dataset/full/test.csv,DP,0.9880886154489148,0.997382743997901,0.9731789316398954,0.9561553492916464,0.853191883756865
esm3_large,e5,s100,0,plots,plots,,250524/0_bulk,250524/0_bulk/plots/e5_s100/pred-esm3_large_fold0.csv,250524/0_bulk/plots/e5_s100/pred-esm3_large_fold0.csv,-0.09398,0.33683,dataset/full/test.csv,DQ,0.9033673052309362,0.92102193705677,0.823782709506459,0.8126100739697076,0.6243214839614363
esm3_large,e5,s100,0,plots,plots,,250524/0_bulk,250524/0_bulk/plots/e5_s100/pred-esm3_large_fold0.csv,250524/0_bulk/plots/e5_s100/pred-esm3_large_fold0.csv,-0.09398,0.33683,dataset/full/test.csv,H2,0.9012642268111498,0.9584390968347284,0.8844444444444445,0.8313513513513513,0.5760638696090651
esm3_large,e5,s100,1,plots,plots,,250524/0_bulk,250524/0_bulk/plots/e5_s100/pred-esm3_large_fold1.csv,250524/0_bulk/plots/e5_s100/pred-esm3_large_fold1.csv,-0.13026,0.36126,dataset/full/test.csv,DR,0.9158633993880576,0.9289579158898356,0.8455892612954539,0.8351360209767289,0.6688179657117569
esm3_large,e5,s100,1,plots,plots,,250524/0_bulk,250524/0_bulk/plots/e5_s100/pred-esm3_large_fold1.csv,250524/0_bulk/plots/e5_s100/pred-esm3_large_fold1.csv,-0.13026,0.36126,dataset/full/test.csv,DP,0.9865336308621931,0.997012151269412,0.9721413100306222,0.9544455300439668,0.8473214216387188
esm3_large,e5,s100,1,plots,plots,,250524/0_bulk,250524/0_bulk/plots/e5_s100/pred-esm3_large_fold1.csv,250524/0_bulk/plots/e5_s100/pred-esm3_large_fold1.csv,-0.13026,0.36126,dataset/full/test.csv,DQ,0.8956715416737524,0.9158361275932044,0.8115891132572431,0.8110250088059175,0.6247826746053046
esm3_large,e5,s100,1,plots,plots,,250524/0_bulk,250524/0_bulk/plots/e5_s100/pred-esm3_large_fold1.csv,250524/0_bulk/plots/e5_s100/pred-esm3_large_fold1.csv,-0.13026,0.36126,dataset/full/test.csv,H2,0.8748835730025671,0.9457933225412136,0.8584758942457231,0.8032432432432433,0.5376520574937823
esm3_large,e5,s100,2,plots,plots,,250524/0_bulk,250524/0_bulk/plots/e5_s100/pred-esm3_large_fold2.csv,250524/0_bulk/plots/e5_s100/pred-esm3_large_fold2.csv,-0.13437,0.34991,dataset/full/test.csv,DR,0.9108121412784678,0.9245788857260736,0.8333285115000724,0.8283424212627752,0.65803710788162
esm3_large,e5,s100,2,plots,plots,,250524/0_bulk,250524/0_bulk/plots/e5_s100/pred-esm3_large_fold2.csv,250524/0_bulk/plots/e5_s100/pred-esm3_large_fold2.csv,-0.13437,0.34991,dataset/full/test.csv,DP,0.986446326860422,0.996924523053684,0.9707237330955566,0.9518808011724474,0.8364084632806198
esm3_large,e5,s100,2,plots,plots,,250524/0_bulk,250524/0_bulk/plots/e5_s100/pred-esm3_large_fold2.csv,250524/0_bulk/plots/e5_s100/pred-esm3_large_fold2.csv,-0.13437,0.34991,dataset/full/test.csv,DQ,0.9000964782996548,0.9173445267247268,0.8182727575858619,0.8080309968298697,0.6150854916217917
esm3_large,e5,s100,2,plots,plots,,250524/0_bulk,250524/0_bulk/plots/e5_s100/pred-esm3_large_fold2.csv,250524/0_bulk/plots/e5_s100/pred-esm3_large_fold2.csv,-0.13437,0.34991,dataset/full/test.csv,H2,0.8937447465867012,0.951529280024684,0.8777614138438881,0.8205405405405405,0.5457327702761308
esm3_large,e5,s100,3,plots,plots,,250524/0_bulk,250524/0_bulk/plots/e5_s100/pred-esm3_large_fold3.csv,250524/0_bulk/plots/e5_s100/pred-esm3_large_fold3.csv,-1.56066,0.357,dataset/full/test.csv,DR,0.9060046740342738,0.9197789736756748,0.8321055775192696,0.8241113196865409,0.647743631223466
esm3_large,e5,s100,3,plots,plots,,250524/0_bulk,250524/0_bulk/plots/e5_s100/pred-esm3_large_fold3.csv,250524/0_bulk/plots/e5_s100/pred-esm3_large_fold3.csv,-1.56066,0.357,dataset/full/test.csv,DP,0.9834795799515448,0.996271806448383,0.9664667999111703,0.9446751343429408,0.8101333476117839
esm3_large,e5,s100,3,plots,plots,,250524/0_bulk,250524/0_bulk/plots/e5_s100/pred-esm3_large_fold3.csv,250524/0_bulk/plots/e5_s100/pred-esm3_large_fold3.csv,-1.56066,0.357,dataset/full/test.csv,DQ,0.8918396339468364,0.9112694190382122,0.8030518097941802,0.8045086297992251,0.6132628588294291
esm3_large,e5,s100,3,plots,plots,,250524/0_bulk,250524/0_bulk/plots/e5_s100/pred-esm3_large_fold3.csv,250524/0_bulk/plots/e5_s100/pred-esm3_large_fold3.csv,-1.56066,0.357,dataset/full/test.csv,H2,0.896936550126082,0.9559537509234176,0.8506122448979592,0.8021621621621622,0.5755286056957944
esm3_large,e5,s100,4,plots,plots,,250524/0_bulk,250524/0_bulk/plots/e5_s100/pred-esm3_large_fold4.csv,250524/0_bulk/plots/e5_s100/pred-esm3_large_fold4.csv,-1333.91296,0.36486,dataset/full/test.csv,DR,0.9167325968121872,0.9294866281978456,0.8358560574827728,0.8339143648878162,0.6719131528260356
esm3_large,e5,s100,4,plots,plots,,250524/0_bulk,250524/0_bulk/plots/e5_s100/pred-esm3_large_fold4.csv,250524/0_bulk/plots/e5_s100/pred-esm3_large_fold4.csv,-1333.91296,0.36486,dataset/full/test.csv,DP,0.986863677731232,0.997088388298086,0.9627238490508032,0.9407669760625306,0.8262131650740231
esm3_large,e5,s100,4,plots,plots,,250524/0_bulk,250524/0_bulk/plots/e5_s100/pred-esm3_large_fold4.csv,250524/0_bulk/plots/e5_s100/pred-esm3_large_fold4.csv,-1333.91296,0.36486,dataset/full/test.csv,DQ,0.8990190067595722,0.917833652640042,0.8086940901742411,0.8124339556181754,0.6313231968598447
esm3_large,e5,s100,4,plots,plots,,250524/0_bulk,250524/0_bulk/plots/e5_s100/pred-esm3_large_fold4.csv,250524/0_bulk/plots/e5_s100/pred-esm3_large_fold4.csv,-1333.91296,0.36486,dataset/full/test.csv,H2,0.8976123946477659,0.9577391583229776,0.8628708901363272,0.8151351351351351,0.5897570612745121
esm3_large,e5,s128,0,plots,plots,,250524/0_bulk,250524/0_bulk/plots/e5_s128/pred-esm3_large_fold0.csv,250524/0_bulk/plots/e5_s128/pred-esm3_large_fold0.csv,0.08015,0.34884,dataset/full/test.csv,DR,0.9171215934639808,0.9291557060902298,0.8439357742096784,0.832603319328983,0.6636383327049853
esm3_large,e5,s128,0,plots,plots,,250524/0_bulk,250524/0_bulk/plots/e5_s128/pred-esm3_large_fold0.csv,250524/0_bulk/plots/e5_s128/pred-esm3_large_fold0.csv,0.08015,0.34884,dataset/full/test.csv,DP,0.9880030992424018,0.9973818013036148,0.9733777038269552,0.957010258915486,0.8631424749476893
esm3_large,e5,s128,0,plots,plots,,250524/0_bulk,250524/0_bulk/plots/e5_s128/pred-esm3_large_fold0.csv,250524/0_bulk/plots/e5_s128/pred-esm3_large_fold0.csv,0.08015,0.34884,dataset/full/test.csv,DQ,0.8967925844598459,0.9148947670229032,0.8118638118638118,0.8112011271574499,0.6250640898915626
esm3_large,e5,s128,0,plots,plots,,250524/0_bulk,250524/0_bulk/plots/e5_s128/pred-esm3_large_fold0.csv,250524/0_bulk/plots/e5_s128/pred-esm3_large_fold0.csv,0.08015,0.34884,dataset/full/test.csv,H2,0.887690542720189,0.9524102022600908,0.8695652173913043,0.8054054054054054,0.4988102305430759
esm3_large,e5,s128,1,plots,plots,,250524/0_bulk,250524/0_bulk/plots/e5_s128/pred-esm3_large_fold1.csv,250524/0_bulk/plots/e5_s128/pred-esm3_large_fold1.csv,-0.45993,0.35313,dataset/full/test.csv,DR,0.9180583281730196,0.930510636184167,0.8440241540389655,0.8368344209052173,0.6733741638315436
esm3_large,e5,s128,1,plots,plots,,250524/0_bulk,250524/0_bulk/plots/e5_s128/pred-esm3_large_fold1.csv,250524/0_bulk/plots/e5_s128/pred-esm3_large_fold1.csv,-0.45993,0.35313,dataset/full/test.csv,DP,0.9865315451010588,0.9969883462528334,0.9677566193763752,0.9480947728383,0.8369370719788114
esm3_large,e5,s128,1,plots,plots,,250524/0_bulk,250524/0_bulk/plots/e5_s128/pred-esm3_large_fold1.csv,250524/0_bulk/plots/e5_s128/pred-esm3_large_fold1.csv,-0.45993,0.35313,dataset/full/test.csv,DQ,0.901251396020236,0.9188530130823862,0.8134893324156917,0.8090877069390631,0.6186388789083672
esm3_large,e5,s128,1,plots,plots,,250524/0_bulk,250524/0_bulk/plots/e5_s128/pred-esm3_large_fold1.csv,250524/0_bulk/plots/e5_s128/pred-esm3_large_fold1.csv,-0.45993,0.35313,dataset/full/test.csv,H2,0.8819771007973829,0.9525410253063084,0.8719135802469136,0.8205405405405405,0.5730836739860554
esm3_large,e5,s128,2,plots,plots,,250524/0_bulk,250524/0_bulk/plots/e5_s128/pred-esm3_large_fold2.csv,250524/0_bulk/plots/e5_s128/pred-esm3_large_fold2.csv,-1.45956,0.34583,dataset/full/test.csv,DR,0.9095981741337535,0.92321925243964,0.831203223949338,0.8252733827955067,0.6512683519294943
esm3_large,e5,s128,2,plots,plots,,250524/0_bulk,250524/0_bulk/plots/e5_s128/pred-esm3_large_fold2.csv,250524/0_bulk/plots/e5_s128/pred-esm3_large_fold2.csv,-1.45956,0.34583,dataset/full/test.csv,DP,0.9818291469624316,0.995825772761486,0.9631153787532388,0.9408891060087934,0.8180889944122532
esm3_large,e5,s128,2,plots,plots,,250524/0_bulk,250524/0_bulk/plots/e5_s128/pred-esm3_large_fold2.csv,250524/0_bulk/plots/e5_s128/pred-esm3_large_fold2.csv,-1.45956,0.34583,dataset/full/test.csv,DQ,0.8941308226350697,0.9131554002705814,0.8135194215570876,0.8046847481507573,0.6085088479391482
esm3_large,e5,s128,2,plots,plots,,250524/0_bulk,250524/0_bulk/plots/e5_s128/pred-esm3_large_fold2.csv,250524/0_bulk/plots/e5_s128/pred-esm3_large_fold2.csv,-1.45956,0.34583,dataset/full/test.csv,H2,0.8835332470069743,0.949428471451145,0.8730512249443207,0.8151351351351351,0.5360136005909163
esm3_large,e5,s128,3,plots,plots,,250524/0_bulk,250524/0_bulk/plots/e5_s128/pred-esm3_large_fold3.csv,250524/0_bulk/plots/e5_s128/pred-esm3_large_fold3.csv,-0.6372,0.35442,dataset/full/test.csv,DR,0.9112181100351648,0.9246304972431068,0.8403758418422768,0.824856231935878,0.6485061822969751
esm3_large,e5,s128,3,plots,plots,,250524/0_bulk,250524/0_bulk/plots/e5_s128/pred-esm3_large_fold3.csv,250524/0_bulk/plots/e5_s128/pred-esm3_large_fold3.csv,-0.6372,0.35442,dataset/full/test.csv,DP,0.9860571834259064,0.9968876258404112,0.9712479301520396,0.9533463605276014,0.8480344414459386
esm3_large,e5,s128,3,plots,plots,,250524/0_bulk,250524/0_bulk/plots/e5_s128/pred-esm3_large_fold3.csv,250524/0_bulk/plots/e5_s128/pred-esm3_large_fold3.csv,-0.6372,0.35442,dataset/full/test.csv,DQ,0.8951586316565179,0.9128506327599716,0.8046709129511678,0.8055653399084185,0.6149384472461961
esm3_large,e5,s128,3,plots,plots,,250524/0_bulk,250524/0_bulk/plots/e5_s128/pred-esm3_large_fold3.csv,250524/0_bulk/plots/e5_s128/pred-esm3_large_fold3.csv,-0.6372,0.35442,dataset/full/test.csv,H2,0.8873611395079398,0.9525837563707444,0.8626842513576416,0.8086486486486486,0.5486887217019931
esm3_large,e5,s128,4,plots,plots,,250524/0_bulk,250524/0_bulk/plots/e5_s128/pred-esm3_large_fold4.csv,250524/0_bulk/plots/e5_s128/pred-esm3_large_fold4.csv,-0.07085,0.3593,dataset/full/test.csv,DR,0.911255310707444,0.9254006516764764,0.8415382479522421,0.8299514317213432,0.6582996607797325
esm3_large,e5,s128,4,plots,plots,,250524/0_bulk,250524/0_bulk/plots/e5_s128/pred-esm3_large_fold4.csv,250524/0_bulk/plots/e5_s128/pred-esm3_large_fold4.csv,-0.07085,0.3593,dataset/full/test.csv,DP,0.9877734668736932,0.9972931164177432,0.9721846338896406,0.9548119198827552,0.8520793197697145
esm3_large,e5,s128,4,plots,plots,,250524/0_bulk,250524/0_bulk/plots/e5_s128/pred-esm3_large_fold4.csv,250524/0_bulk/plots/e5_s128/pred-esm3_large_fold4.csv,-0.07085,0.3593,dataset/full/test.csv,DQ,0.8942250508932044,0.9148403560219388,0.8061960922372822,0.8060936949630152,0.6152439016892882
esm3_large,e5,s128,4,plots,plots,,250524/0_bulk,250524/0_bulk/plots/e5_s128/pred-esm3_large_fold4.csv,250524/0_bulk/plots/e5_s128/pred-esm3_large_fold4.csv,-0.07085,0.3593,dataset/full/test.csv,H2,0.8956757309343693,0.9572558775412972,0.8794117647058823,0.8227027027027027,0.5506385869089201
esm3_large,e5,s42,0,plots,plots,,250524/0_bulk,250524/0_bulk/plots/e5_s42/pred-esm3_large_fold0.csv,250524/0_bulk/plots/e5_s42/pred-esm3_large_fold0.csv,0.07596,0.33918,dataset/full/test.csv,DR,0.913705902988632,0.9259132117734706,0.8391446626043783,0.8301004141712106,0.6591701324036124
esm3_large,e5,s42,0,plots,plots,,250524/0_bulk,250524/0_bulk/plots/e5_s42/pred-esm3_large_fold0.csv,250524/0_bulk/plots/e5_s42/pred-esm3_large_fold0.csv,0.07596,0.33918,dataset/full/test.csv,DP,0.9869250587017606,0.9971356783564888,0.9728069518315978,0.955666829506595,0.8528986906826558
esm3_large,e5,s42,0,plots,plots,,250524/0_bulk,250524/0_bulk/plots/e5_s42/pred-esm3_large_fold0.csv,250524/0_bulk/plots/e5_s42/pred-esm3_large_fold0.csv,0.07596,0.33918,dataset/full/test.csv,DQ,0.9000537772354473,0.917990958413688,0.818815331010453,0.7985206058471293,0.5994788076068126
esm3_large,e5,s42,0,plots,plots,,250524/0_bulk,250524/0_bulk/plots/e5_s42/pred-esm3_large_fold0.csv,250524/0_bulk/plots/e5_s42/pred-esm3_large_fold0.csv,0.07596,0.33918,dataset/full/test.csv,H2,0.903172493695904,0.959951293896202,0.8839285714285714,0.8313513513513513,0.5781123313944997
esm3_large,e5,s42,1,plots,plots,,250524/0_bulk,250524/0_bulk/plots/e5_s42/pred-esm3_large_fold1.csv,250524/0_bulk/plots/e5_s42/pred-esm3_large_fold1.csv,54.83508,0.36818,dataset/full/test.csv,DR,0.9019000519194548,0.9155899467000348,0.8269828151272478,0.8191055093709961,0.6378803969868767
esm3_large,e5,s42,1,plots,plots,,250524/0_bulk,250524/0_bulk/plots/e5_s42/pred-esm3_large_fold1.csv,250524/0_bulk/plots/e5_s42/pred-esm3_large_fold1.csv,54.83508,0.36818,dataset/full/test.csv,DP,0.981767368704068,0.9958523450981104,0.9655855032739454,0.9447972642892036,0.8295649383592575
esm3_large,e5,s42,1,plots,plots,,250524/0_bulk,250524/0_bulk/plots/e5_s42/pred-esm3_large_fold1.csv,250524/0_bulk/plots/e5_s42/pred-esm3_large_fold1.csv,54.83508,0.36818,dataset/full/test.csv,DQ,0.8891584794990138,0.908081151299996,0.7950332913442505,0.7994011976047904,0.6054798719038287
esm3_large,e5,s42,1,plots,plots,,250524/0_bulk,250524/0_bulk/plots/e5_s42/pred-esm3_large_fold1.csv,250524/0_bulk/plots/e5_s42/pred-esm3_large_fold1.csv,54.83508,0.36818,dataset/full/test.csv,H2,0.8730320997750971,0.9405973604789992,0.8703563305534496,0.8151351351351351,0.5483863784441083
esm3_large,e5,s42,2,plots,plots,,250524/0_bulk,250524/0_bulk/plots/e5_s42/pred-esm3_large_fold2.csv,250524/0_bulk/plots/e5_s42/pred-esm3_large_fold2.csv,-0.72338,0.34935,dataset/full/test.csv,DR,0.9107515946042952,0.9242395024898444,0.8333381398702235,0.8278060844432525,0.656565085468416
esm3_large,e5,s42,2,plots,plots,,250524/0_bulk,250524/0_bulk/plots/e5_s42/pred-esm3_large_fold2.csv,250524/0_bulk/plots/e5_s42/pred-esm3_large_fold2.csv,-0.72338,0.34935,dataset/full/test.csv,DP,0.9868027933704976,0.997063973225555,0.9712316451902908,0.9531021006350756,0.8444296042446209
esm3_large,e5,s42,2,plots,plots,,250524/0_bulk,250524/0_bulk/plots/e5_s42/pred-esm3_large_fold2.csv,250524/0_bulk/plots/e5_s42/pred-esm3_large_fold2.csv,-0.72338,0.34935,dataset/full/test.csv,DQ,0.901093271555398,0.919858590688506,0.8185443668993021,0.8076787601268052,0.6143815436365776
esm3_large,e5,s42,2,plots,plots,,250524/0_bulk,250524/0_bulk/plots/e5_s42/pred-esm3_large_fold2.csv,250524/0_bulk/plots/e5_s42/pred-esm3_large_fold2.csv,-0.72338,0.34935,dataset/full/test.csv,H2,0.8940741497989506,0.9527771525324304,0.8830022075055187,0.8281081081081081,0.5648939768049255
esm3_large,e5,s42,3,plots,plots,,250524/0_bulk,250524/0_bulk/plots/e5_s42/pred-esm3_large_fold3.csv,250524/0_bulk/plots/e5_s42/pred-esm3_large_fold3.csv,-0.15643,0.35837,dataset/full/test.csv,DR,0.9054446034845024,0.918511283904468,0.8350890846929983,0.8232174249873365,0.6447746019559488
esm3_large,e5,s42,3,plots,plots,,250524/0_bulk,250524/0_bulk/plots/e5_s42/pred-esm3_large_fold3.csv,250524/0_bulk/plots/e5_s42/pred-esm3_large_fold3.csv,-0.15643,0.35837,dataset/full/test.csv,DP,0.9852285403237718,0.9967069965603388,0.9693854748603352,0.9498045920859794,0.8304092361452596
esm3_large,e5,s42,3,plots,plots,,250524/0_bulk,250524/0_bulk/plots/e5_s42/pred-esm3_large_fold3.csv,250524/0_bulk/plots/e5_s42/pred-esm3_large_fold3.csv,-0.15643,0.35837,dataset/full/test.csv,DQ,0.8901532216119348,0.9088963718088576,0.8160613128957014,0.8055653399084185,0.6101354004604607
esm3_large,e5,s42,3,plots,plots,,250524/0_bulk,250524/0_bulk/plots/e5_s42/pred-esm3_large_fold3.csv,250524/0_bulk/plots/e5_s42/pred-esm3_large_fold3.csv,-0.15643,0.35837,dataset/full/test.csv,H2,0.8926770258297554,0.9537080974119004,0.8801775147928994,0.8248648648648649,0.5588705136473264
esm3_large,e5,s42,4,plots,plots,,250524/0_bulk,250524/0_bulk/plots/e5_s42/pred-esm3_large_fold4.csv,250524/0_bulk/plots/e5_s42/pred-esm3_large_fold4.csv,-0.41699,0.34608,dataset/full/test.csv,DR,0.9118010025583853,0.9247468327517244,0.8409265561532551,0.8272995441137034,0.6530213153235772
esm3_large,e5,s42,4,plots,plots,,250524/0_bulk,250524/0_bulk/plots/e5_s42/pred-esm3_large_fold4.csv,250524/0_bulk/plots/e5_s42/pred-esm3_large_fold4.csv,-0.41699,0.34608,dataset/full/test.csv,DP,0.9847266664660363,0.9965790521567386,0.969769890209054,0.9509037616023448,0.8394568758022828
esm3_large,e5,s42,4,plots,plots,,250524/0_bulk,250524/0_bulk/plots/e5_s42/pred-esm3_large_fold4.csv,250524/0_bulk/plots/e5_s42/pred-esm3_large_fold4.csv,-0.41699,0.34608,dataset/full/test.csv,DQ,0.8912513910477684,0.9125233198225148,0.8058455114822547,0.8034519196900317,0.6084609760417443
esm3_large,e5,s42,4,plots,plots,,250524/0_bulk,250524/0_bulk/plots/e5_s42/pred-esm3_large_fold4.csv,250524/0_bulk/plots/e5_s42/pred-esm3_large_fold4.csv,-0.41699,0.34608,dataset/full/test.csv,H2,0.8624684795202071,0.941323791822064,0.8466353677621283,0.7881081081081082,0.5069567173572729
esm3_medium,e5,s100,0,plots,plots,,250513/1_bulk,250513/1_bulk/3/plots/e5_s100/pred-esm3_medium_fold0.csv,250513/1_bulk/3/plots/e5_s100/pred-esm3_medium_fold0.csv,0.0204,0.37206,dataset/full/test.csv,DR,0.9060062978094856,0.9194918098887528,0.8295405998120248,0.8216680075087155,0.6429619718398374
esm3_medium,e5,s100,0,plots,plots,,250513/1_bulk,250513/1_bulk/3/plots/e5_s100/pred-esm3_medium_fold0.csv,250513/1_bulk/3/plots/e5_s100/pred-esm3_medium_fold0.csv,0.0204,0.37206,dataset/full/test.csv,DP,0.985910186926906,0.9968788822040002,0.9715140186915888,0.9534684904738642,0.8445688716030193
esm3_medium,e5,s100,0,plots,plots,,250513/1_bulk,250513/1_bulk/3/plots/e5_s100/pred-esm3_medium_fold0.csv,250513/1_bulk/3/plots/e5_s100/pred-esm3_medium_fold0.csv,0.0204,0.37206,dataset/full/test.csv,DQ,0.8877119887184658,0.9077472545026212,0.8071643789755608,0.7971116590348715,0.59322262259488
esm3_medium,e5,s100,0,plots,plots,,250513/1_bulk,250513/1_bulk/3/plots/e5_s100/pred-esm3_medium_fold0.csv,250513/1_bulk/3/plots/e5_s100/pred-esm3_medium_fold0.csv,0.0204,0.37206,dataset/full/test.csv,H2,0.873696585565324,0.9428769991325496,0.8675595238095238,0.8075675675675675,0.5181446180269222
esm3_medium,e5,s100,1,plots,plots,,250513/1_bulk,250513/1_bulk/3/plots/e5_s100/pred-esm3_medium_fold1.csv,250513/1_bulk/3/plots/e5_s100/pred-esm3_medium_fold1.csv,-2.01229,0.39191,dataset/full/test.csv,DR,0.8932064539029432,0.9072266340957302,0.8210663863875238,0.8123119096570424,0.623982190830799
esm3_medium,e5,s100,1,plots,plots,,250513/1_bulk,250513/1_bulk/3/plots/e5_s100/pred-esm3_medium_fold1.csv,250513/1_bulk/3/plots/e5_s100/pred-esm3_medium_fold1.csv,-2.01229,0.39191,dataset/full/test.csv,DP,0.9755677913587312,0.9944129359554938,0.9611470173092638,0.9361260381045432,0.7824525197456655
esm3_medium,e5,s100,1,plots,plots,,250513/1_bulk,250513/1_bulk/3/plots/e5_s100/pred-esm3_medium_fold1.csv,250513/1_bulk/3/plots/e5_s100/pred-esm3_medium_fold1.csv,-2.01229,0.39191,dataset/full/test.csv,DQ,0.8724586961991454,0.8930489619505484,0.7621212121212121,0.7787953504755195,0.5761110558842573
esm3_medium,e5,s100,1,plots,plots,,250513/1_bulk,250513/1_bulk/3/plots/e5_s100/pred-esm3_medium_fold1.csv,250513/1_bulk/3/plots/e5_s100/pred-esm3_medium_fold1.csv,-2.01229,0.39191,dataset/full/test.csv,H2,0.8427554010768077,0.9315359067896852,0.836078431372549,0.774054054054054,0.475993205647495
esm3_medium,e5,s100,2,plots,plots,,250513/1_bulk,250513/1_bulk/3/plots/e5_s100/pred-esm3_medium_fold2.csv,250513/1_bulk/3/plots/e5_s100/pred-esm3_medium_fold2.csv,-0.44692,0.36954,dataset/full/test.csv,DR,0.9077468689799558,0.9220237517979996,0.8346090223455855,0.8242305056464349,0.6470737455492933
esm3_medium,e5,s100,2,plots,plots,,250513/1_bulk,250513/1_bulk/3/plots/e5_s100/pred-esm3_medium_fold2.csv,250513/1_bulk/3/plots/e5_s100/pred-esm3_medium_fold2.csv,-0.44692,0.36954,dataset/full/test.csv,DP,0.9852608199603764,0.9967335760946672,0.967176909603229,0.947361993160723,0.8378644661450442
esm3_medium,e5,s100,2,plots,plots,,250513/1_bulk,250513/1_bulk/3/plots/e5_s100/pred-esm3_medium_fold2.csv,250513/1_bulk/3/plots/e5_s100/pred-esm3_medium_fold2.csv,-0.44692,0.36954,dataset/full/test.csv,DQ,0.8940420640911275,0.9138672390851472,0.805609799396414,0.8071504050722085,0.6186463004713928
esm3_medium,e5,s100,2,plots,plots,,250513/1_bulk,250513/1_bulk/3/plots/e5_s100/pred-esm3_medium_fold2.csv,250513/1_bulk/3/plots/e5_s100/pred-esm3_medium_fold2.csv,-0.44692,0.36954,dataset/full/test.csv,H2,0.8684034167064222,0.939617158673443,0.8750946252838758,0.8216216216216217,0.5633127100058988
esm3_medium,e5,s100,3,plots,plots,,250513/1_bulk,250513/1_bulk/3/plots/e5_s100/pred-esm3_medium_fold3.csv,250513/1_bulk/3/plots/e5_s100/pred-esm3_medium_fold3.csv,-0.17188,0.37303,dataset/full/test.csv,DR,0.9124465806473856,0.9245819111046676,0.8387827959426531,0.8304579720508924,0.6601726345723794
esm3_medium,e5,s100,3,plots,plots,,250513/1_bulk,250513/1_bulk/3/plots/e5_s100/pred-esm3_medium_fold3.csv,250513/1_bulk/3/plots/e5_s100/pred-esm3_medium_fold3.csv,-0.17188,0.37303,dataset/full/test.csv,DP,0.986331411354109,0.9969147174453868,0.9720503838413952,0.9542012701514412,0.8455477544055888
esm3_medium,e5,s100,3,plots,plots,,250513/1_bulk,250513/1_bulk/3/plots/e5_s100/pred-esm3_medium_fold3.csv,250513/1_bulk/3/plots/e5_s100/pred-esm3_medium_fold3.csv,-0.17188,0.37303,dataset/full/test.csv,DQ,0.8961168261336976,0.9143014155413104,0.8156016019502003,0.8134906657273688,0.628661797434558
esm3_medium,e5,s100,3,plots,plots,,250513/1_bulk,250513/1_bulk/3/plots/e5_s100/pred-esm3_medium_fold3.csv,250513/1_bulk/3/plots/e5_s100/pred-esm3_medium_fold3.csv,-0.17188,0.37303,dataset/full/test.csv,H2,0.8696074422408505,0.9455092899685644,0.8605877920120573,0.8,0.5072838836017963
esm3_medium,e5,s100,4,plots,plots,,250513/1_bulk,250513/1_bulk/3/plots/e5_s100/pred-esm3_medium_fold4.csv,250513/1_bulk/3/plots/e5_s100/pred-esm3_medium_fold4.csv,0.14386,0.37788,dataset/full/test.csv,DR,0.9043047079385574,0.9176850093384674,0.8363823896639705,0.8203867584398558,0.6394965674933789
esm3_medium,e5,s100,4,plots,plots,,250513/1_bulk,250513/1_bulk/3/plots/e5_s100/pred-esm3_medium_fold4.csv,250513/1_bulk/3/plots/e5_s100/pred-esm3_medium_fold4.csv,0.14386,0.37788,dataset/full/test.csv,DP,0.9852099671174792,0.9966954701557024,0.9704553868937432,0.9512701514411334,0.8330875082334599
esm3_medium,e5,s100,4,plots,plots,,250513/1_bulk,250513/1_bulk/3/plots/e5_s100/pred-esm3_medium_fold4.csv,250513/1_bulk/3/plots/e5_s100/pred-esm3_medium_fold4.csv,0.14386,0.37788,dataset/full/test.csv,DQ,0.8839000951730269,0.9025309616165272,0.8021283671433322,0.7904191616766467,0.57972996940468
esm3_medium,e5,s100,4,plots,plots,,250513/1_bulk,250513/1_bulk/3/plots/e5_s100/pred-esm3_medium_fold4.csv,250513/1_bulk/3/plots/e5_s100/pred-esm3_medium_fold4.csv,0.14386,0.37788,dataset/full/test.csv,H2,0.8943354006224584,0.9536119775184386,0.8868458274398868,0.827027027027027,0.5521588866640941
esm3_medium,e5,s128,0,plots,plots,,250513/1_bulk,250513/1_bulk/4/plots/e5_s128/pred-esm3_medium_fold0.csv,250513/1_bulk/4/plots/e5_s128/pred-esm3_medium_fold0.csv,-3.85931,0.35334,dataset/full/test.csv,DR,0.9023887761748464,0.9171713425991496,0.8272750345449931,0.8174964989124281,0.6338590816830806
esm3_medium,e5,s128,0,plots,plots,,250513/1_bulk,250513/1_bulk/4/plots/e5_s128/pred-esm3_medium_fold0.csv,250513/1_bulk/4/plots/e5_s128/pred-esm3_medium_fold0.csv,-3.85931,0.35334,dataset/full/test.csv,DP,0.9841248747177642,0.996462651916205,0.9658269274678438,0.9451636541279922,0.8303796329610138
esm3_medium,e5,s128,0,plots,plots,,250513/1_bulk,250513/1_bulk/4/plots/e5_s128/pred-esm3_medium_fold0.csv,250513/1_bulk/4/plots/e5_s128/pred-esm3_medium_fold0.csv,-3.85931,0.35334,dataset/full/test.csv,DQ,0.8756098731324655,0.8987791121453116,0.7670064874884152,0.7786192321239873,0.5700303481194853
esm3_medium,e5,s128,0,plots,plots,,250513/1_bulk,250513/1_bulk/4/plots/e5_s128/pred-esm3_medium_fold0.csv,250513/1_bulk/4/plots/e5_s128/pred-esm3_medium_fold0.csv,-3.85931,0.35334,dataset/full/test.csv,H2,0.8756048524500784,0.9489340137923338,0.8250211327134404,0.7762162162162162,0.5504655534128206
esm3_medium,e5,s128,1,plots,plots,,250513/1_bulk,250513/1_bulk/4/plots/e5_s128/pred-esm3_medium_fold1.csv,250513/1_bulk/4/plots/e5_s128/pred-esm3_medium_fold1.csv,-1.89184,0.38324,dataset/full/test.csv,DR,0.8928408620725623,0.9079828866787522,0.8166714082503557,0.8079914186108876,0.6154463036407307
esm3_medium,e5,s128,1,plots,plots,,250513/1_bulk,250513/1_bulk/4/plots/e5_s128/pred-esm3_medium_fold1.csv,250513/1_bulk/4/plots/e5_s128/pred-esm3_medium_fold1.csv,-1.89184,0.38324,dataset/full/test.csv,DP,0.979576127649376,0.995269764570358,0.9662802950474184,0.945285784074255,0.8216991855053709
esm3_medium,e5,s128,1,plots,plots,,250513/1_bulk,250513/1_bulk/4/plots/e5_s128/pred-esm3_medium_fold1.csv,250513/1_bulk/4/plots/e5_s128/pred-esm3_medium_fold1.csv,-1.89184,0.38324,dataset/full/test.csv,DQ,0.8757133004553785,0.8959118020185581,0.7902693310165074,0.7874251497005988,0.5762358283246591
esm3_medium,e5,s128,1,plots,plots,,250513/1_bulk,250513/1_bulk/4/plots/e5_s128/pred-esm3_medium_fold1.csv,250513/1_bulk/4/plots/e5_s128/pred-esm3_medium_fold1.csv,-1.89184,0.38324,dataset/full/test.csv,H2,0.8613382857402485,0.9362364003883328,0.8676140613313388,0.8086486486486486,0.5239604239506112
esm3_medium,e5,s128,2,plots,plots,,250513/1_bulk,250513/1_bulk/4/plots/e5_s128/pred-esm3_medium_fold2.csv,250513/1_bulk/4/plots/e5_s128/pred-esm3_medium_fold2.csv,-2.45653,0.37225,dataset/full/test.csv,DR,0.8995015808619167,0.9136200136877424,0.82066763425254,0.8159172849438336,0.6335843548086941
esm3_medium,e5,s128,2,plots,plots,,250513/1_bulk,250513/1_bulk/4/plots/e5_s128/pred-esm3_medium_fold2.csv,250513/1_bulk/4/plots/e5_s128/pred-esm3_medium_fold2.csv,-2.45653,0.37225,dataset/full/test.csv,DP,0.980835927374592,0.9956244169949136,0.9649453448925744,0.943209574987787,0.8161223337586702
esm3_medium,e5,s128,2,plots,plots,,250513/1_bulk,250513/1_bulk/4/plots/e5_s128/pred-esm3_medium_fold2.csv,250513/1_bulk/4/plots/e5_s128/pred-esm3_medium_fold2.csv,-2.45653,0.37225,dataset/full/test.csv,DQ,0.8753036934493708,0.897131529078677,0.7726343186465886,0.7846072560760832,0.5828864674504352
esm3_medium,e5,s128,2,plots,plots,,250513/1_bulk,250513/1_bulk/4/plots/e5_s128/pred-esm3_medium_fold2.csv,250513/1_bulk/4/plots/e5_s128/pred-esm3_medium_fold2.csv,-2.45653,0.37225,dataset/full/test.csv,H2,0.8763431699947749,0.9469459196392792,0.8455941794664511,0.7935135135135135,0.5472178360649704
esm3_medium,e5,s128,3,plots,plots,,250513/1_bulk,250513/1_bulk/4/plots/e5_s128/pred-esm3_medium_fold3.csv,250513/1_bulk/4/plots/e5_s128/pred-esm3_medium_fold3.csv,-0.14703,0.3797,dataset/full/test.csv,DR,0.898081524381204,0.9114428165103384,0.8239615067050081,0.8157683024939663,0.6311045244867464
esm3_medium,e5,s128,3,plots,plots,,250513/1_bulk,250513/1_bulk/4/plots/e5_s128/pred-esm3_medium_fold3.csv,250513/1_bulk/4/plots/e5_s128/pred-esm3_medium_fold3.csv,-0.14703,0.3797,dataset/full/test.csv,DP,0.9806110624599048,0.995591288032113,0.9648914013686404,0.9423546653639472,0.8044093297190601
esm3_medium,e5,s128,3,plots,plots,,250513/1_bulk,250513/1_bulk/4/plots/e5_s128/pred-esm3_medium_fold3.csv,250513/1_bulk/4/plots/e5_s128/pred-esm3_medium_fold3.csv,-0.14703,0.3797,dataset/full/test.csv,DQ,0.8802028170022586,0.8995749364654729,0.800675105485232,0.7920042268404368,0.5832201999891347
esm3_medium,e5,s128,3,plots,plots,,250513/1_bulk,250513/1_bulk/4/plots/e5_s128/pred-esm3_medium_fold3.csv,250513/1_bulk/4/plots/e5_s128/pred-esm3_medium_fold3.csv,-0.14703,0.3797,dataset/full/test.csv,H2,0.8831470501374405,0.9508132083055332,0.8725341426403642,0.8183783783783783,0.5567857902851483
esm3_medium,e5,s128,4,plots,plots,,250513/1_bulk,250513/1_bulk/4/plots/e5_s128/pred-esm3_medium_fold4.csv,250513/1_bulk/4/plots/e5_s128/pred-esm3_medium_fold4.csv,-0.74831,0.37993,dataset/full/test.csv,DR,0.8973478007866587,0.9124698537565284,0.8266038520160731,0.8135633622359286,0.6253128404181997
esm3_medium,e5,s128,4,plots,plots,,250513/1_bulk,250513/1_bulk/4/plots/e5_s128/pred-esm3_medium_fold4.csv,250513/1_bulk/4/plots/e5_s128/pred-esm3_medium_fold4.csv,-0.74831,0.37993,dataset/full/test.csv,DP,0.98247533562628,0.9960484218083973,0.9669402816477144,0.9463849535906204,0.8256704083913452
esm3_medium,e5,s128,4,plots,plots,,250513/1_bulk,250513/1_bulk/4/plots/e5_s128/pred-esm3_medium_fold4.csv,250513/1_bulk/4/plots/e5_s128/pred-esm3_medium_fold4.csv,-0.74831,0.37993,dataset/full/test.csv,DQ,0.8725092910554261,0.8949104365751348,0.7860596965149241,0.7740401549841494,0.5468790307975725
esm3_medium,e5,s128,4,plots,plots,,250513/1_bulk,250513/1_bulk/4/plots/e5_s128/pred-esm3_medium_fold4.csv,250513/1_bulk/4/plots/e5_s128/pred-esm3_medium_fold4.csv,-0.74831,0.37993,dataset/full/test.csv,H2,0.8790011131556827,0.9447714305419808,0.8735806207418623,0.8194594594594594,0.5580174491701896
esm3_medium,e5,s42,0,plots,plots,,250513/1_bulk,250513/1_bulk/2/plots/e5_s42/pred-esm3_medium_fold0.csv,250513/1_bulk/2/plots/e5_s42/pred-esm3_medium_fold0.csv,-0.64043,0.359,dataset/full/test.csv,DR,0.904509554935014,0.9183555650412242,0.8336404757915898,0.8224725127379995,0.6433896635999695
esm3_medium,e5,s42,0,plots,plots,,250513/1_bulk,250513/1_bulk/2/plots/e5_s42/pred-esm3_medium_fold0.csv,250513/1_bulk/2/plots/e5_s42/pred-esm3_medium_fold0.csv,-0.64043,0.359,dataset/full/test.csv,DP,0.985299555524302,0.9967043102157088,0.9669427768067482,0.9468734733756716,0.8344592124229538
esm3_medium,e5,s42,0,plots,plots,,250513/1_bulk,250513/1_bulk/2/plots/e5_s42/pred-esm3_medium_fold0.csv,250513/1_bulk/2/plots/e5_s42/pred-esm3_medium_fold0.csv,-0.64043,0.359,dataset/full/test.csv,DQ,0.8822242493314518,0.9006259458899989,0.804045945482599,0.7986967241986614,0.597540992507495
esm3_medium,e5,s42,0,plots,plots,,250513/1_bulk,250513/1_bulk/2/plots/e5_s42/pred-esm3_medium_fold0.csv,250513/1_bulk/2/plots/e5_s42/pred-esm3_medium_fold0.csv,-0.64043,0.359,dataset/full/test.csv,H2,0.8767180081328517,0.94297620285619,0.8744326777609682,0.8205405405405405,0.56020498942499
esm3_medium,e5,s42,1,plots,plots,,250513/1_bulk,250513/1_bulk/2/plots/e5_s42/pred-esm3_medium_fold1.csv,250513/1_bulk/2/plots/e5_s42/pred-esm3_medium_fold1.csv,-0.53248,0.38279,dataset/full/test.csv,DR,0.9040257305238126,0.91855970977877,0.8276610944420631,0.8202973689699353,0.6405191866276104
esm3_medium,e5,s42,1,plots,plots,,250513/1_bulk,250513/1_bulk/2/plots/e5_s42/pred-esm3_medium_fold1.csv,250513/1_bulk/2/plots/e5_s42/pred-esm3_medium_fold1.csv,-0.53248,0.38279,dataset/full/test.csv,DP,0.9808289748374772,0.995636342970007,0.9655640117549544,0.9441866145578895,0.818954045207353
esm3_medium,e5,s42,1,plots,plots,,250513/1_bulk,250513/1_bulk/2/plots/e5_s42/pred-esm3_medium_fold1.csv,250513/1_bulk/2/plots/e5_s42/pred-esm3_medium_fold1.csv,-0.53248,0.38279,dataset/full/test.csv,DQ,0.8868035189157634,0.9065187661841876,0.7871205151793929,0.7962310672772103,0.6038444704961303
esm3_medium,e5,s42,1,plots,plots,,250513/1_bulk,250513/1_bulk/2/plots/e5_s42/pred-esm3_medium_fold1.csv,250513/1_bulk/2/plots/e5_s42/pred-esm3_medium_fold1.csv,-0.53248,0.38279,dataset/full/test.csv,H2,0.8682159976373838,0.9395738056360168,0.8618012422360248,0.8075675675675675,0.5467058009340077
esm3_medium,e5,s42,2,plots,plots,,250513/1_bulk,250513/1_bulk/2/plots/e5_s42/pred-esm3_medium_fold2.csv,250513/1_bulk/2/plots/e5_s42/pred-esm3_medium_fold2.csv,15.84138,0.37355,dataset/full/test.csv,DR,0.9030363630395482,0.917775071886054,0.824828064497486,0.8193736777807574,0.6399141760256856
esm3_medium,e5,s42,2,plots,plots,,250513/1_bulk,250513/1_bulk/2/plots/e5_s42/pred-esm3_medium_fold2.csv,250513/1_bulk/2/plots/e5_s42/pred-esm3_medium_fold2.csv,15.84138,0.37355,dataset/full/test.csv,DP,0.9823111564284102,0.9959719753954032,0.963013803096164,0.9407669760625306,0.818359970263012
esm3_medium,e5,s42,2,plots,plots,,250513/1_bulk,250513/1_bulk/2/plots/e5_s42/pred-esm3_medium_fold2.csv,250513/1_bulk/2/plots/e5_s42/pred-esm3_medium_fold2.csv,15.84138,0.37355,dataset/full/test.csv,DQ,0.8798227961775649,0.9000623396043139,0.7755326965466569,0.7847833744276154,0.580351423650587
esm3_medium,e5,s42,2,plots,plots,,250513/1_bulk,250513/1_bulk/2/plots/e5_s42/pred-esm3_medium_fold2.csv,250513/1_bulk/2/plots/e5_s42/pred-esm3_medium_fold2.csv,15.84138,0.37355,dataset/full/test.csv,H2,0.8579193075717303,0.9373649549434094,0.8333333333333334,0.7772972972972974,0.5109955666883191
esm3_medium,e5,s42,3,plots,plots,,250513/1_bulk,250513/1_bulk/2/plots/e5_s42/pred-esm3_medium_fold3.csv,250513/1_bulk/2/plots/e5_s42/pred-esm3_medium_fold3.csv,-0.60713,0.36846,dataset/full/test.csv,DR,0.9033683938782014,0.9168739002363456,0.8280396174863388,0.8199696075802271,0.6394953387389091
esm3_medium,e5,s42,3,plots,plots,,250513/1_bulk,250513/1_bulk/2/plots/e5_s42/pred-esm3_medium_fold3.csv,250513/1_bulk/2/plots/e5_s42/pred-esm3_medium_fold3.csv,-0.60713,0.36846,dataset/full/test.csv,DP,0.9849452740973198,0.9965307349913028,0.9699242481062028,0.9510258915486076,0.8382071731332248
esm3_medium,e5,s42,3,plots,plots,,250513/1_bulk,250513/1_bulk/2/plots/e5_s42/pred-esm3_medium_fold3.csv,250513/1_bulk/2/plots/e5_s42/pred-esm3_medium_fold3.csv,-0.60713,0.36846,dataset/full/test.csv,DQ,0.8824814502101862,0.901951350824596,0.8039583688790308,0.7976400140894682,0.5950816877907487
esm3_medium,e5,s42,3,plots,plots,,250513/1_bulk,250513/1_bulk/2/plots/e5_s42/pred-esm3_medium_fold3.csv,250513/1_bulk/2/plots/e5_s42/pred-esm3_medium_fold3.csv,-0.60713,0.36846,dataset/full/test.csv,H2,0.8672334673663644,0.94371791906638,0.8664206642066421,0.8043243243243243,0.5052369664437212
esm3_medium,e5,s42,4,plots,plots,,250513/1_bulk,250513/1_bulk/2/plots/e5_s42/pred-esm3_medium_fold4.csv,250513/1_bulk/2/plots/e5_s42/pred-esm3_medium_fold4.csv,-0.22893,0.36386,dataset/full/test.csv,DR,0.909238708445418,0.9228333667828535,0.8392778023925564,0.8270611721939155,0.6524625102527344
esm3_medium,e5,s42,4,plots,plots,,250513/1_bulk,250513/1_bulk/2/plots/e5_s42/pred-esm3_medium_fold4.csv,250513/1_bulk/2/plots/e5_s42/pred-esm3_medium_fold4.csv,-0.22893,0.36386,dataset/full/test.csv,DP,0.9865189312122932,0.9969574699803352,0.9717471558803586,0.9542012701514412,0.8514581213698675
esm3_medium,e5,s42,4,plots,plots,,250513/1_bulk,250513/1_bulk/2/plots/e5_s42/pred-esm3_medium_fold4.csv,250513/1_bulk/2/plots/e5_s42/pred-esm3_medium_fold4.csv,-0.22893,0.36386,dataset/full/test.csv,DQ,0.8896393171012106,0.9087952787318044,0.8093148835639554,0.8009862627685805,0.6012119521377796
esm3_medium,e5,s42,4,plots,plots,,250513/1_bulk,250513/1_bulk/2/plots/e5_s42/pred-esm3_medium_fold4.csv,250513/1_bulk/2/plots/e5_s42/pred-esm3_medium_fold4.csv,-0.22893,0.36386,dataset/full/test.csv,H2,0.8734069379131739,0.9423933196746888,0.8619892058596762,0.8064864864864865,0.5390041984441339
esm3_small,e5,s100,0,plots,plots,,250513/1_bulk,250513/1_bulk/3/plots/e5_s100/pred-esm3_small_fold0.csv,250513/1_bulk/3/plots/e5_s100/pred-esm3_small_fold0.csv,-0.24396,0.36002,dataset/full/test.csv,DR,0.9039839561883132,0.9178413908581438,0.82866416125726,0.8206847233395906,0.640958472575494
esm3_small,e5,s100,0,plots,plots,,250513/1_bulk,250513/1_bulk/3/plots/e5_s100/pred-esm3_small_fold0.csv,250513/1_bulk/3/plots/e5_s100/pred-esm3_small_fold0.csv,-0.24396,0.36002,dataset/full/test.csv,DP,0.9834561399692718,0.996307229540362,0.9659863945578232,0.9450415241817294,0.8241329822812378
esm3_small,e5,s100,0,plots,plots,,250513/1_bulk,250513/1_bulk/3/plots/e5_s100/pred-esm3_small_fold0.csv,250513/1_bulk/3/plots/e5_s100/pred-esm3_small_fold0.csv,-0.24396,0.36002,dataset/full/test.csv,DQ,0.887677430069704,0.9070979499269662,0.810130828581013,0.800634026065516,0.6003256521812548
esm3_small,e5,s100,0,plots,plots,,250513/1_bulk,250513/1_bulk/3/plots/e5_s100/pred-esm3_small_fold0.csv,250513/1_bulk/3/plots/e5_s100/pred-esm3_small_fold0.csv,-0.24396,0.36002,dataset/full/test.csv,H2,0.8838910470478656,0.950092761334134,0.8804185351270553,0.827027027027027,0.569476851808685
esm3_small,e5,s100,1,plots,plots,,250513/1_bulk,250513/1_bulk/3/plots/e5_s100/pred-esm3_small_fold1.csv,250513/1_bulk/3/plots/e5_s100/pred-esm3_small_fold1.csv,-0.46111,0.39025,dataset/full/test.csv,DR,0.9011477894819035,0.9150936765549972,0.8298951828724354,0.8181818181818182,0.6347197579989909
esm3_small,e5,s100,1,plots,plots,,250513/1_bulk,250513/1_bulk/3/plots/e5_s100/pred-esm3_small_fold1.csv,250513/1_bulk/3/plots/e5_s100/pred-esm3_small_fold1.csv,-0.46111,0.39025,dataset/full/test.csv,DP,0.9814577821585382,0.9958402265175864,0.96543359611886,0.9443087445041524,0.824149432944369
esm3_small,e5,s100,1,plots,plots,,250513/1_bulk,250513/1_bulk/3/plots/e5_s100/pred-esm3_small_fold1.csv,250513/1_bulk/3/plots/e5_s100/pred-esm3_small_fold1.csv,-0.46111,0.39025,dataset/full/test.csv,DQ,0.887349247218153,0.905657292304493,0.8107250515627479,0.78989080662205,0.5816746262056804
esm3_small,e5,s100,1,plots,plots,,250513/1_bulk,250513/1_bulk/3/plots/e5_s100/pred-esm3_small_fold1.csv,250513/1_bulk/3/plots/e5_s100/pred-esm3_small_fold1.csv,-0.46111,0.39025,dataset/full/test.csv,H2,0.8703060042254481,0.9414925273509598,0.8782234957020058,0.8162162162162162,0.5238892573021027
esm3_small,e5,s100,2,plots,plots,,250513/1_bulk,250513/1_bulk/3/plots/e5_s100/pred-esm3_small_fold2.csv,250513/1_bulk/3/plots/e5_s100/pred-esm3_small_fold2.csv,-0.37278,0.36862,dataset/full/test.csv,DR,0.906291317593021,0.9195104235501492,0.8342269883824843,0.8231280355174161,0.6447119728338804
esm3_small,e5,s100,2,plots,plots,,250513/1_bulk,250513/1_bulk/3/plots/e5_s100/pred-esm3_small_fold2.csv,250513/1_bulk/3/plots/e5_s100/pred-esm3_small_fold2.csv,-0.37278,0.36862,dataset/full/test.csv,DP,0.98350609891454,0.9962519461144538,0.9694184995480566,0.9504152418172936,0.8389709664076468
esm3_small,e5,s100,2,plots,plots,,250513/1_bulk,250513/1_bulk/3/plots/e5_s100/pred-esm3_small_fold2.csv,250513/1_bulk/3/plots/e5_s100/pred-esm3_small_fold2.csv,-0.37278,0.36862,dataset/full/test.csv,DQ,0.8838042508629717,0.901578452550814,0.7731711811313802,0.7831983092638253,0.5778739658495373
esm3_small,e5,s100,2,plots,plots,,250513/1_bulk,250513/1_bulk/3/plots/e5_s100/pred-esm3_small_fold2.csv,250513/1_bulk/3/plots/e5_s100/pred-esm3_small_fold2.csv,-0.37278,0.36862,dataset/full/test.csv,H2,0.8699482041845567,0.9421097208295144,0.8546603475513428,0.8010810810810811,0.5449424249049042
esm3_small,e5,s100,3,plots,plots,,250513/1_bulk,250513/1_bulk/3/plots/e5_s100/pred-esm3_small_fold3.csv,250513/1_bulk/3/plots/e5_s100/pred-esm3_small_fold3.csv,-0.48389,0.37188,dataset/full/test.csv,DR,0.9040767680423814,0.918811401933156,0.8291685859051129,0.823187628497363,0.64710213206052
esm3_small,e5,s100,3,plots,plots,,250513/1_bulk,250513/1_bulk/3/plots/e5_s100/pred-esm3_small_fold3.csv,250513/1_bulk/3/plots/e5_s100/pred-esm3_small_fold3.csv,-0.48389,0.37188,dataset/full/test.csv,DP,0.9846477055088032,0.9965816342178482,0.9699428914938384,0.9511480214948704,0.8397732168981507
esm3_small,e5,s100,3,plots,plots,,250513/1_bulk,250513/1_bulk/3/plots/e5_s100/pred-esm3_small_fold3.csv,250513/1_bulk/3/plots/e5_s100/pred-esm3_small_fold3.csv,-0.48389,0.37188,dataset/full/test.csv,DQ,0.8995799010876776,0.9169354154440638,0.8031723143475126,0.8076787601268052,0.6224293188436985
esm3_small,e5,s100,3,plots,plots,,250513/1_bulk,250513/1_bulk/3/plots/e5_s100/pred-esm3_small_fold3.csv,250513/1_bulk/3/plots/e5_s100/pred-esm3_small_fold3.csv,-0.48389,0.37188,dataset/full/test.csv,H2,0.8606737999500216,0.9380068476181548,0.8689859363434493,0.8086486486486486,0.5179266991516593
esm3_small,e5,s100,4,plots,plots,,250513/1_bulk,250513/1_bulk/3/plots/e5_s100/pred-esm3_small_fold4.csv,250513/1_bulk/3/plots/e5_s100/pred-esm3_small_fold4.csv,0.05858,0.36374,dataset/full/test.csv,DR,0.9121422359781788,0.9253222668088278,0.8433728345055967,0.8294746878817675,0.6574869083657593
esm3_small,e5,s100,4,plots,plots,,250513/1_bulk,250513/1_bulk/3/plots/e5_s100/pred-esm3_small_fold4.csv,250513/1_bulk/3/plots/e5_s100/pred-esm3_small_fold4.csv,0.05858,0.36374,dataset/full/test.csv,DP,0.9849222314028818,0.9966461801375828,0.9712961578711315,0.9531021006350756,0.8432297622601774
esm3_small,e5,s100,4,plots,plots,,250513/1_bulk,250513/1_bulk/3/plots/e5_s100/pred-esm3_small_fold4.csv,250513/1_bulk/3/plots/e5_s100/pred-esm3_small_fold4.csv,0.05858,0.36374,dataset/full/test.csv,DQ,0.8954263990285788,0.9150175988596284,0.8123620309050773,0.8053892215568862,0.610316365184521
esm3_small,e5,s100,4,plots,plots,,250513/1_bulk,250513/1_bulk/3/plots/e5_s100/pred-esm3_small_fold4.csv,250513/1_bulk/3/plots/e5_s100/pred-esm3_small_fold4.csv,0.05858,0.36374,dataset/full/test.csv,H2,0.8605488539039959,0.9338768137049632,0.8601823708206687,0.8010810810810811,0.5156229862977003
esm3_small,e5,s128,0,plots,plots,,250513/1_bulk,250513/1_bulk/4/plots/e5_s128/pred-esm3_small_fold0.csv,250513/1_bulk/4/plots/e5_s128/pred-esm3_small_fold0.csv,-0.70572,0.3656,dataset/full/test.csv,DR,0.9031178138143624,0.9176608732880662,0.8292876363121371,0.8204165549298292,0.6400113577686639
esm3_small,e5,s128,0,plots,plots,,250513/1_bulk,250513/1_bulk/4/plots/e5_s128/pred-esm3_small_fold0.csv,250513/1_bulk/4/plots/e5_s128/pred-esm3_small_fold0.csv,-0.70572,0.3656,dataset/full/test.csv,DP,0.9820723864394936,0.9960305119679635,0.9666011787819252,0.946018563751832,0.8270457006391659
esm3_small,e5,s128,0,plots,plots,,250513/1_bulk,250513/1_bulk/4/plots/e5_s128/pred-esm3_small_fold0.csv,250513/1_bulk/4/plots/e5_s128/pred-esm3_small_fold0.csv,-0.70572,0.3656,dataset/full/test.csv,DQ,0.875215183528801,0.8970112045443468,0.7809421457997492,0.7846072560760832,0.5749110887341303
esm3_small,e5,s128,0,plots,plots,,250513/1_bulk,250513/1_bulk/4/plots/e5_s128/pred-esm3_small_fold0.csv,250513/1_bulk/4/plots/e5_s128/pred-esm3_small_fold0.csv,-0.70572,0.3656,dataset/full/test.csv,H2,0.8769565414934462,0.9460702639109212,0.8680396643783371,0.812972972972973,0.5470975580609548
esm3_small,e5,s128,1,plots,plots,,250513/1_bulk,250513/1_bulk/4/plots/e5_s128/pred-esm3_small_fold1.csv,250513/1_bulk/4/plots/e5_s128/pred-esm3_small_fold1.csv,9.40619,0.38726,dataset/full/test.csv,DR,0.8952333442336002,0.9112781058280418,0.8139602128151746,0.8082893835106224,0.6177842467133827
esm3_small,e5,s128,1,plots,plots,,250513/1_bulk,250513/1_bulk/4/plots/e5_s128/pred-esm3_small_fold1.csv,250513/1_bulk/4/plots/e5_s128/pred-esm3_small_fold1.csv,9.40619,0.38726,dataset/full/test.csv,DP,0.979801389851898,0.9953444629874452,0.958237371411024,0.933561309233024,0.8027501798335527
esm3_small,e5,s128,1,plots,plots,,250513/1_bulk,250513/1_bulk/4/plots/e5_s128/pred-esm3_small_fold1.csv,250513/1_bulk/4/plots/e5_s128/pred-esm3_small_fold1.csv,9.40619,0.38726,dataset/full/test.csv,DQ,0.8792995682903761,0.899716889437495,0.7752225519287834,0.7865445579429376,0.5862011125009216
esm3_small,e5,s128,1,plots,plots,,250513/1_bulk,250513/1_bulk/4/plots/e5_s128/pred-esm3_small_fold1.csv,250513/1_bulk/4/plots/e5_s128/pred-esm3_small_fold1.csv,9.40619,0.38726,dataset/full/test.csv,H2,0.8619232604102773,0.9363408527479596,0.8636363636363636,0.8118918918918919,0.5639587928230032
esm3_small,e5,s128,2,plots,plots,,250513/1_bulk,250513/1_bulk/4/plots/e5_s128/pred-esm3_small_fold2.csv,250513/1_bulk/4/plots/e5_s128/pred-esm3_small_fold2.csv,-3.11421,0.36876,dataset/full/test.csv,DR,0.9082528736971244,0.9220134650143684,0.8232492503086964,0.8208635022794315,0.6454591396107281
esm3_small,e5,s128,2,plots,plots,,250513/1_bulk,250513/1_bulk/4/plots/e5_s128/pred-esm3_small_fold2.csv,250513/1_bulk/4/plots/e5_s128/pred-esm3_small_fold2.csv,-3.11421,0.36876,dataset/full/test.csv,DP,0.9822368636032396,0.9959723589173316,0.968009032743696,0.9480947728383,0.8309292746879582
esm3_small,e5,s128,2,plots,plots,,250513/1_bulk,250513/1_bulk/4/plots/e5_s128/pred-esm3_small_fold2.csv,250513/1_bulk/4/plots/e5_s128/pred-esm3_small_fold2.csv,-3.11421,0.36876,dataset/full/test.csv,DQ,0.8829260509558574,0.9018653392757572,0.7869502523431867,0.7918281084889045,0.59056846052755
esm3_small,e5,s128,2,plots,plots,,250513/1_bulk,250513/1_bulk/4/plots/e5_s128/pred-esm3_small_fold2.csv,250513/1_bulk/4/plots/e5_s128/pred-esm3_small_fold2.csv,-3.11421,0.36876,dataset/full/test.csv,H2,0.8757809127876598,0.9464606742287482,0.8648233486943164,0.8097297297297297,0.5440108352830019
esm3_small,e5,s128,3,plots,plots,,250513/1_bulk,250513/1_bulk/4/plots/e5_s128/pred-esm3_small_fold3.csv,250513/1_bulk/4/plots/e5_s128/pred-esm3_small_fold3.csv,-4.16525,0.37305,dataset/full/test.csv,DR,0.902437853042775,0.9165864958410764,0.8245563493892601,0.8185393760615,0.6378687200413888
esm3_small,e5,s128,3,plots,plots,,250513/1_bulk,250513/1_bulk/4/plots/e5_s128/pred-esm3_small_fold3.csv,250513/1_bulk/4/plots/e5_s128/pred-esm3_small_fold3.csv,-4.16525,0.37305,dataset/full/test.csv,DP,0.9814161662578078,0.9957471349587568,0.9616059842760096,0.9385686370297998,0.8123504218960307
esm3_small,e5,s128,3,plots,plots,,250513/1_bulk,250513/1_bulk/4/plots/e5_s128/pred-esm3_small_fold3.csv,250513/1_bulk/4/plots/e5_s128/pred-esm3_small_fold3.csv,-4.16525,0.37305,dataset/full/test.csv,DQ,0.8913626500069118,0.9082538063102744,0.8115744680851064,0.8050369848538218,0.609744576860028
esm3_small,e5,s128,3,plots,plots,,250513/1_bulk,250513/1_bulk/4/plots/e5_s128/pred-esm3_small_fold3.csv,250513/1_bulk/4/plots/e5_s128/pred-esm3_small_fold3.csv,-4.16525,0.37305,dataset/full/test.csv,H2,0.86420068606738,0.9416336849794704,0.8625377643504532,0.8032432432432433,0.5167818877568727
esm3_small,e5,s128,4,plots,plots,,250513/1_bulk,250513/1_bulk/4/plots/e5_s128/pred-esm3_small_fold4.csv,250513/1_bulk/4/plots/e5_s128/pred-esm3_small_fold4.csv,-0.09539,0.36251,dataset/full/test.csv,DR,0.9108562042279872,0.9239603300569744,0.8371642046426738,0.8298620422514228,0.6595021422770407
esm3_small,e5,s128,4,plots,plots,,250513/1_bulk,250513/1_bulk/4/plots/e5_s128/pred-esm3_small_fold4.csv,250513/1_bulk/4/plots/e5_s128/pred-esm3_small_fold4.csv,-0.09539,0.36251,dataset/full/test.csv,DP,0.9853238894042043,0.9967401446151062,0.9695040710584752,0.9496824621397166,0.8274690384883676
esm3_small,e5,s128,4,plots,plots,,250513/1_bulk,250513/1_bulk/4/plots/e5_s128/pred-esm3_small_fold4.csv,250513/1_bulk/4/plots/e5_s128/pred-esm3_small_fold4.csv,-0.09539,0.36251,dataset/full/test.csv,DQ,0.8914395989406656,0.9105029666413356,0.8021353538832443,0.7976400140894682,0.5957963705812258
esm3_small,e5,s128,4,plots,plots,,250513/1_bulk,250513/1_bulk/4/plots/e5_s128/pred-esm3_small_fold4.csv,250513/1_bulk/4/plots/e5_s128/pred-esm3_small_fold4.csv,-0.09539,0.36251,dataset/full/test.csv,H2,0.8849928439991823,0.951092791596058,0.8691588785046729,0.8183783783783783,0.5745417318024234
esm3_small,e5,s42,0,plots,plots,,250513/1_bulk,250513/1_bulk/2/plots/e5_s42/pred-esm3_small_fold0.csv,250513/1_bulk/2/plots/e5_s42/pred-esm3_small_fold0.csv,-0.30767,0.3649,dataset/full/test.csv,DR,0.9043553854103724,0.9189145616701696,0.8296028677072455,0.8201185900300945,0.6391759566718451
esm3_small,e5,s42,0,plots,plots,,250513/1_bulk,250513/1_bulk/2/plots/e5_s42/pred-esm3_small_fold0.csv,250513/1_bulk/2/plots/e5_s42/pred-esm3_small_fold0.csv,-0.30767,0.3649,dataset/full/test.csv,DP,0.9821894870289,0.996088677277812,0.9657155831378188,0.9446751343429408,0.8239954382064539
esm3_small,e5,s42,0,plots,plots,,250513/1_bulk,250513/1_bulk/2/plots/e5_s42/pred-esm3_small_fold0.csv,250513/1_bulk/2/plots/e5_s42/pred-esm3_small_fold0.csv,-0.30767,0.3649,dataset/full/test.csv,DQ,0.882199262682527,0.901477089170466,0.7981253254643291,0.7951743571680169,0.5916385242412923
esm3_small,e5,s42,0,plots,plots,,250513/1_bulk,250513/1_bulk/2/plots/e5_s42/pred-esm3_small_fold0.csv,250513/1_bulk/2/plots/e5_s42/pred-esm3_small_fold0.csv,-0.30767,0.3649,dataset/full/test.csv,H2,0.871322610690838,0.9426557386428888,0.8758465011286681,0.8216216216216217,0.5597404711106747
esm3_small,e5,s42,1,plots,plots,,250513/1_bulk,250513/1_bulk/2/plots/e5_s42/pred-esm3_small_fold1.csv,250513/1_bulk/2/plots/e5_s42/pred-esm3_small_fold1.csv,-1.83304,0.38281,dataset/full/test.csv,DR,0.9000409665474358,0.9153805565276644,0.8180758017492712,0.8140699025654777,0.6305069134475334
esm3_small,e5,s42,1,plots,plots,,250513/1_bulk,250513/1_bulk/2/plots/e5_s42/pred-esm3_small_fold1.csv,250513/1_bulk/2/plots/e5_s42/pred-esm3_small_fold1.csv,-1.83304,0.38281,dataset/full/test.csv,DP,0.9829589342435994,0.9960609581424336,0.9695208286757584,0.9500488519785052,0.8314488350061954
esm3_small,e5,s42,1,plots,plots,,250513/1_bulk,250513/1_bulk/2/plots/e5_s42/pred-esm3_small_fold1.csv,250513/1_bulk/2/plots/e5_s42/pred-esm3_small_fold1.csv,-1.83304,0.38281,dataset/full/test.csv,DQ,0.8853585198754497,0.9036343723954682,0.8099309437684972,0.7964071856287425,0.5919239311242073
esm3_small,e5,s42,1,plots,plots,,250513/1_bulk,250513/1_bulk/2/plots/e5_s42/pred-esm3_small_fold1.csv,250513/1_bulk/2/plots/e5_s42/pred-esm3_small_fold1.csv,-1.83304,0.38281,dataset/full/test.csv,H2,0.8664326767986551,0.9413692802504462,0.8725418790968682,0.8108108108108109,0.5154110170956466
esm3_small,e5,s42,2,plots,plots,,250513/1_bulk,250513/1_bulk/2/plots/e5_s42/pred-esm3_small_fold2.csv,250513/1_bulk/2/plots/e5_s42/pred-esm3_small_fold2.csv,-0.09366,0.36813,dataset/full/test.csv,DR,0.9043905006633346,0.918083074878308,0.8328486359230024,0.8201781830100414,0.6386151520728445
esm3_small,e5,s42,2,plots,plots,,250513/1_bulk,250513/1_bulk/2/plots/e5_s42/pred-esm3_small_fold2.csv,250513/1_bulk/2/plots/e5_s42/pred-esm3_small_fold2.csv,-0.09366,0.36813,dataset/full/test.csv,DP,0.9816966514694137,0.995898274679608,0.9682906811907782,0.9480947728383,0.825461982625699
esm3_small,e5,s42,2,plots,plots,,250513/1_bulk,250513/1_bulk/2/plots/e5_s42/pred-esm3_small_fold2.csv,250513/1_bulk/2/plots/e5_s42/pred-esm3_small_fold2.csv,-0.09366,0.36813,dataset/full/test.csv,DQ,0.8895505585572684,0.90851540215001,0.8080326752893124,0.8013384994716449,0.6023279361343657
esm3_small,e5,s42,2,plots,plots,,250513/1_bulk,250513/1_bulk/2/plots/e5_s42/pred-esm3_small_fold2.csv,250513/1_bulk/2/plots/e5_s42/pred-esm3_small_fold2.csv,-0.09366,0.36813,dataset/full/test.csv,H2,0.8636725050546354,0.9377110646665558,0.8731563421828908,0.8140540540540541,0.5297830661866457
esm3_small,e5,s42,3,plots,plots,,250513/1_bulk,250513/1_bulk/2/plots/e5_s42/pred-esm3_small_fold3.csv,250513/1_bulk/2/plots/e5_s42/pred-esm3_small_fold3.csv,-0.84969,0.37337,dataset/full/test.csv,DR,0.9057005967265176,0.9192479873376024,0.8320960263958813,0.8241113196865409,0.647748382744734
esm3_small,e5,s42,3,plots,plots,,250513/1_bulk,250513/1_bulk/2/plots/e5_s42/pred-esm3_small_fold3.csv,250513/1_bulk/2/plots/e5_s42/pred-esm3_small_fold3.csv,-0.84969,0.37337,dataset/full/test.csv,DP,0.9812659914561264,0.9957150475709576,0.9651718643296152,0.943942354665364,0.8238246555368439
esm3_small,e5,s42,3,plots,plots,,250513/1_bulk,250513/1_bulk/2/plots/e5_s42/pred-esm3_small_fold3.csv,250513/1_bulk/2/plots/e5_s42/pred-esm3_small_fold3.csv,-0.84969,0.37337,dataset/full/test.csv,DQ,0.8850059719334049,0.9029074437819788,0.8058319039451115,0.800634026065516,0.6014597672115455
esm3_small,e5,s42,3,plots,plots,,250513/1_bulk,250513/1_bulk/2/plots/e5_s42/pred-esm3_small_fold3.csv,250513/1_bulk/2/plots/e5_s42/pred-esm3_small_fold3.csv,-0.84969,0.37337,dataset/full/test.csv,H2,0.8705899725118699,0.9429694564067655,0.8569206842923794,0.8010810810810811,0.5325432390075244
esm3_small,e5,s42,4,plots,plots,,250513/1_bulk,250513/1_bulk/2/plots/e5_s42/pred-esm3_small_fold4.csv,250513/1_bulk/2/plots/e5_s42/pred-esm3_small_fold4.csv,-0.43575,0.37289,dataset/full/test.csv,DR,0.906240395931081,0.921240741733364,0.8308963944705715,0.8232174249873365,0.6461336020147667
esm3_small,e5,s42,4,plots,plots,,250513/1_bulk,250513/1_bulk/2/plots/e5_s42/pred-esm3_small_fold4.csv,250513/1_bulk/2/plots/e5_s42/pred-esm3_small_fold4.csv,-0.43575,0.37289,dataset/full/test.csv,DP,0.9832430943676802,0.9962334782262032,0.966394187102634,0.9457743038593064,0.8275875557628914
esm3_small,e5,s42,4,plots,plots,,250513/1_bulk,250513/1_bulk/2/plots/e5_s42/pred-esm3_small_fold4.csv,250513/1_bulk/2/plots/e5_s42/pred-esm3_small_fold4.csv,-0.43575,0.37289,dataset/full/test.csv,DQ,0.882860227918018,0.9031970725506644,0.8010353753235548,0.7969355406833392,0.5945741120354872
esm3_small,e5,s42,4,plots,plots,,250513/1_bulk,250513/1_bulk/2/plots/e5_s42/pred-esm3_small_fold4.csv,250513/1_bulk/2/plots/e5_s42/pred-esm3_small_fold4.csv,-0.43575,0.37289,dataset/full/test.csv,H2,0.8837717803675685,0.9492128629445988,0.8768115942028986,0.8162162162162162,0.5276516626932681
esmc_large,e5,s100,0,plots,plots,,250513/1_bulk,250513/1_bulk/3/plots/e5_s100/pred-esmc_large_fold0.csv,250513/1_bulk/3/plots/e5_s100/pred-esmc_large_fold0.csv,-1.08205,0.38222,dataset/full/test.csv,DR,0.8931748482146266,0.9086867448587808,0.8130479102956167,0.8087363308602247,0.6196680214034487
esmc_large,e5,s100,0,plots,plots,,250513/1_bulk,250513/1_bulk/3/plots/e5_s100/pred-esmc_large_fold0.csv,250513/1_bulk/3/plots/e5_s100/pred-esmc_large_fold0.csv,-1.08205,0.38222,dataset/full/test.csv,DP,0.9836027391804368,0.9963735740279072,0.967751612419379,0.9474841231069858,0.8264534010407266
esmc_large,e5,s100,0,plots,plots,,250513/1_bulk,250513/1_bulk/3/plots/e5_s100/pred-esmc_large_fold0.csv,250513/1_bulk/3/plots/e5_s100/pred-esmc_large_fold0.csv,-1.08205,0.38222,dataset/full/test.csv,DQ,0.8842763866471348,0.9037079997096482,0.8024606971975393,0.7964071856287425,0.5927174437101917
esmc_large,e5,s100,0,plots,plots,,250513/1_bulk,250513/1_bulk/3/plots/e5_s100/pred-esmc_large_fold0.csv,250513/1_bulk/3/plots/e5_s100/pred-esmc_large_fold0.csv,-1.08205,0.38222,dataset/full/test.csv,H2,0.8786546718462481,0.9470696471793714,0.8756438557763061,0.8172972972972973,0.5370365711929708
esmc_large,e5,s100,1,plots,plots,,250513/1_bulk,250513/1_bulk/3/plots/e5_s100/pred-esmc_large_fold1.csv,250513/1_bulk/3/plots/e5_s100/pred-esmc_large_fold1.csv,-6.14502,0.40065,dataset/full/test.csv,DR,0.8889001592632949,0.9037687112170916,0.8098134630981346,0.804356246834123,0.6101285965898205
esmc_large,e5,s100,1,plots,plots,,250513/1_bulk,250513/1_bulk/3/plots/e5_s100/pred-esmc_large_fold1.csv,250513/1_bulk/3/plots/e5_s100/pred-esmc_large_fold1.csv,-6.14502,0.40065,dataset/full/test.csv,DP,0.9783097726748804,0.994882871144945,0.9617660446062812,0.9384465070835368,0.8060958314116939
esmc_large,e5,s100,1,plots,plots,,250513/1_bulk,250513/1_bulk/3/plots/e5_s100/pred-esmc_large_fold1.csv,250513/1_bulk/3/plots/e5_s100/pred-esmc_large_fold1.csv,-6.14502,0.40065,dataset/full/test.csv,DQ,0.8846790321987158,0.9042407310879608,0.7826730840429471,0.7932370553011624,0.5992765984968254
esmc_large,e5,s100,1,plots,plots,,250513/1_bulk,250513/1_bulk/3/plots/e5_s100/pred-esmc_large_fold1.csv,250513/1_bulk/3/plots/e5_s100/pred-esmc_large_fold1.csv,-6.14502,0.40065,dataset/full/test.csv,H2,0.8535916308866627,0.937651696609378,0.8264058679706602,0.7697297297297298,0.5005658082147969
esmc_large,e5,s100,2,plots,plots,,250513/1_bulk,250513/1_bulk/3/plots/e5_s100/pred-esmc_large_fold2.csv,250513/1_bulk/3/plots/e5_s100/pred-esmc_large_fold2.csv,-0.16692,0.38139,dataset/full/test.csv,DR,0.8916032601755879,0.907594594547033,0.8179224228041925,0.8079616221209142,0.6148459178025795
esmc_large,e5,s100,2,plots,plots,,250513/1_bulk,250513/1_bulk/3/plots/e5_s100/pred-esmc_large_fold2.csv,250513/1_bulk/3/plots/e5_s100/pred-esmc_large_fold2.csv,-0.16692,0.38139,dataset/full/test.csv,DP,0.9821671395881736,0.9960240386209708,0.9648495680667264,0.9423546653639472,0.8050625656971705
esmc_large,e5,s100,2,plots,plots,,250513/1_bulk,250513/1_bulk/3/plots/e5_s100/pred-esmc_large_fold2.csv,250513/1_bulk/3/plots/e5_s100/pred-esmc_large_fold2.csv,-0.16692,0.38139,dataset/full/test.csv,DQ,0.8803275016235106,0.8994081049586433,0.8077415227127319,0.7883057414582599,0.5774687635335242
esmc_large,e5,s100,2,plots,plots,,250513/1_bulk,250513/1_bulk/3/plots/e5_s100/pred-esmc_large_fold2.csv,250513/1_bulk/3/plots/e5_s100/pred-esmc_large_fold2.csv,-0.16692,0.38139,dataset/full/test.csv,H2,0.8628603557554693,0.9393348044583766,0.8601997146932953,0.7881081081081082,0.4445491811433286
esmc_large,e5,s100,3,plots,plots,,250513/1_bulk,250513/1_bulk/3/plots/e5_s100/pred-esmc_large_fold3.csv,250513/1_bulk/3/plots/e5_s100/pred-esmc_large_fold3.csv,-0.68458,0.39626,dataset/full/test.csv,DR,0.8864512870074412,0.9003089260802019,0.8090712119023544,0.8030749977652633,0.6072221924379042
esmc_large,e5,s100,3,plots,plots,,250513/1_bulk,250513/1_bulk/3/plots/e5_s100/pred-esmc_large_fold3.csv,250513/1_bulk/3/plots/e5_s100/pred-esmc_large_fold3.csv,-0.68458,0.39626,dataset/full/test.csv,DP,0.979719151270025,0.9952913506940276,0.9616528169550964,0.9385686370297998,0.8111516064023122
esmc_large,e5,s100,3,plots,plots,,250513/1_bulk,250513/1_bulk/3/plots/e5_s100/pred-esmc_large_fold3.csv,250513/1_bulk/3/plots/e5_s100/pred-esmc_large_fold3.csv,-0.68458,0.39626,dataset/full/test.csv,DQ,0.8825708303125595,0.9034990329031511,0.7988466757123474,0.7911236350827756,0.5816809247955352
esmc_large,e5,s100,3,plots,plots,,250513/1_bulk,250513/1_bulk/3/plots/e5_s100/pred-esmc_large_fold3.csv,250513/1_bulk/3/plots/e5_s100/pred-esmc_large_fold3.csv,-0.68458,0.39626,dataset/full/test.csv,H2,0.8772291510484109,0.9466111555016572,0.8778346744696416,0.8194594594594594,0.5399977846273641
esmc_large,e5,s100,4,plots,plots,,250513/1_bulk,250513/1_bulk/3/plots/e5_s100/pred-esmc_large_fold4.csv,250513/1_bulk/3/plots/e5_s100/pred-esmc_large_fold4.csv,2.62808,0.40659,dataset/full/test.csv,DR,0.8824405551045426,0.8982042223583825,0.7965130164795796,0.7969071243407526,0.6002586085023566
esmc_large,e5,s100,4,plots,plots,,250513/1_bulk,250513/1_bulk/3/plots/e5_s100/pred-esmc_large_fold4.csv,250513/1_bulk/3/plots/e5_s100/pred-esmc_large_fold4.csv,2.62808,0.40659,dataset/full/test.csv,DP,0.97693436218964,0.9946110335284772,0.9597259231062047,0.9353932584269664,0.7997984510420515
esmc_large,e5,s100,4,plots,plots,,250513/1_bulk,250513/1_bulk/3/plots/e5_s100/pred-esmc_large_fold4.csv,250513/1_bulk/3/plots/e5_s100/pred-esmc_large_fold4.csv,2.62808,0.40659,dataset/full/test.csv,DQ,0.8760980451241476,0.9000954336337944,0.7768565248738284,0.7819654808030997,0.5707439264641687
esmc_large,e5,s100,4,plots,plots,,250513/1_bulk,250513/1_bulk/3/plots/e5_s100/pred-esmc_large_fold4.csv,250513/1_bulk/3/plots/e5_s100/pred-esmc_large_fold4.csv,2.62808,0.40659,dataset/full/test.csv,H2,0.8368545400849632,0.9303364380547386,0.8268156424581006,0.7654054054054054,0.4713286749858058
esmc_large,e5,s128,0,plots,plots,,250513/1_bulk,250513/1_bulk/4/plots/e5_s128/pred-esmc_large_fold0.csv,250513/1_bulk/4/plots/e5_s128/pred-esmc_large_fold0.csv,8.40801,0.38605,dataset/full/test.csv,DR,0.8917445090125121,0.9074596239638852,0.8089009083159411,0.8062930186823992,0.6162207268103604
esmc_large,e5,s128,0,plots,plots,,250513/1_bulk,250513/1_bulk/4/plots/e5_s128/pred-esmc_large_fold0.csv,250513/1_bulk/4/plots/e5_s128/pred-esmc_large_fold0.csv,8.40801,0.38605,dataset/full/test.csv,DP,0.9803081304856138,0.9956112989588664,0.9574517196276064,0.9324621397166584,0.8018335741214782
esmc_large,e5,s128,0,plots,plots,,250513/1_bulk,250513/1_bulk/4/plots/e5_s128/pred-esmc_large_fold0.csv,250513/1_bulk/4/plots/e5_s128/pred-esmc_large_fold0.csv,8.40801,0.38605,dataset/full/test.csv,DQ,0.8809644747035663,0.9036886753210566,0.7870571221981201,0.7925325818950335,0.5925458491935905
esmc_large,e5,s128,0,plots,plots,,250513/1_bulk,250513/1_bulk/4/plots/e5_s128/pred-esmc_large_fold0.csv,250513/1_bulk/4/plots/e5_s128/pred-esmc_large_fold0.csv,8.40801,0.38605,dataset/full/test.csv,H2,0.8561189486358163,0.939125517092284,0.8373590982286635,0.7816216216216216,0.5164839757634949
esmc_large,e5,s128,1,plots,plots,,250513/1_bulk,250513/1_bulk/4/plots/e5_s128/pred-esmc_large_fold1.csv,250513/1_bulk/4/plots/e5_s128/pred-esmc_large_fold1.csv,-308.73718,0.39289,dataset/full/test.csv,DR,0.8877483875217006,0.9028255943732502,0.8101214807991248,0.8034623521349185,0.6075685348736494
esmc_large,e5,s128,1,plots,plots,,250513/1_bulk,250513/1_bulk/4/plots/e5_s128/pred-esmc_large_fold1.csv,250513/1_bulk/4/plots/e5_s128/pred-esmc_large_fold1.csv,-308.73718,0.39289,dataset/full/test.csv,DP,0.978300734376631,0.9948913872088648,0.964918898528857,0.943209574987787,0.816711655725218
esmc_large,e5,s128,1,plots,plots,,250513/1_bulk,250513/1_bulk/4/plots/e5_s128/pred-esmc_large_fold1.csv,250513/1_bulk/4/plots/e5_s128/pred-esmc_large_fold1.csv,-308.73718,0.39289,dataset/full/test.csv,DQ,0.8817359530280835,0.9016918347822216,0.8048546790162887,0.7847833744276154,0.5704997851327674
esmc_large,e5,s128,1,plots,plots,,250513/1_bulk,250513/1_bulk/4/plots/e5_s128/pred-esmc_large_fold1.csv,250513/1_bulk/4/plots/e5_s128/pred-esmc_large_fold1.csv,-308.73718,0.39289,dataset/full/test.csv,H2,0.8588109679910947,0.9376559480087234,0.867816091954023,0.8010810810810811,0.4834229901051675
esmc_large,e5,s128,2,plots,plots,,250513/1_bulk,250513/1_bulk/4/plots/e5_s128/pred-esmc_large_fold2.csv,250513/1_bulk/4/plots/e5_s128/pred-esmc_large_fold2.csv,7.1798,0.38487,dataset/full/test.csv,DR,0.8890309097072469,0.9050320466893276,0.8030483448440104,0.8028664223354489,0.6116522683937713
esmc_large,e5,s128,2,plots,plots,,250513/1_bulk,250513/1_bulk/4/plots/e5_s128/pred-esmc_large_fold2.csv,250513/1_bulk/4/plots/e5_s128/pred-esmc_large_fold2.csv,7.1798,0.38487,dataset/full/test.csv,DP,0.9777415517486774,0.9949995078746948,0.9596358118361152,0.935026868588178,0.7953304291845851
esmc_large,e5,s128,2,plots,plots,,250513/1_bulk,250513/1_bulk/4/plots/e5_s128/pred-esmc_large_fold2.csv,250513/1_bulk/4/plots/e5_s128/pred-esmc_large_fold2.csv,7.1798,0.38487,dataset/full/test.csv,DQ,0.8834508948949665,0.9038116222562907,0.78995756718529,0.7907713983797112,0.5851742858777188
esmc_large,e5,s128,2,plots,plots,,250513/1_bulk,250513/1_bulk/4/plots/e5_s128/pred-esmc_large_fold2.csv,250513/1_bulk/4/plots/e5_s128/pred-esmc_large_fold2.csv,7.1798,0.38487,dataset/full/test.csv,H2,0.8610713555510121,0.9356685107640228,0.8684790595150624,0.8064864864864865,0.5084006404271931
esmc_large,e5,s128,3,plots,plots,,250513/1_bulk,250513/1_bulk/4/plots/e5_s128/pred-esmc_large_fold3.csv,250513/1_bulk/4/plots/e5_s128/pred-esmc_large_fold3.csv,-0.69858,0.40913,dataset/full/test.csv,DR,0.8879116223819379,0.903986316603856,0.8143239092098526,0.8054885134531152,0.6104085555346702
esmc_large,e5,s128,3,plots,plots,,250513/1_bulk,250513/1_bulk/4/plots/e5_s128/pred-esmc_large_fold3.csv,250513/1_bulk/4/plots/e5_s128/pred-esmc_large_fold3.csv,-0.69858,0.40913,dataset/full/test.csv,DP,0.9784563718860456,0.9948852630515402,0.9639976097998209,0.941133365901319,0.8027344981151822
esmc_large,e5,s128,3,plots,plots,,250513/1_bulk,250513/1_bulk/4/plots/e5_s128/pred-esmc_large_fold3.csv,250513/1_bulk/4/plots/e5_s128/pred-esmc_large_fold3.csv,-0.69858,0.40913,dataset/full/test.csv,DQ,0.8801061646662429,0.8959037254936932,0.7674637544718509,0.7824938358576964,0.5819798029092901
esmc_large,e5,s128,3,plots,plots,,250513/1_bulk,250513/1_bulk/4/plots/e5_s128/pred-esmc_large_fold3.csv,250513/1_bulk/4/plots/e5_s128/pred-esmc_large_fold3.csv,-0.69858,0.40913,dataset/full/test.csv,H2,0.8352756764124583,0.9247772139175572,0.7811158798283262,0.7243243243243244,0.451089705790725
esmc_large,e5,s128,4,plots,plots,,250513/1_bulk,250513/1_bulk/4/plots/e5_s128/pred-esmc_large_fold4.csv,250513/1_bulk/4/plots/e5_s128/pred-esmc_large_fold4.csv,4.74795,0.39596,dataset/full/test.csv,DR,0.8853038001787001,0.9002490688787009,0.8105387292547531,0.8037305205446799,0.6080093255269671
esmc_large,e5,s128,4,plots,plots,,250513/1_bulk,250513/1_bulk/4/plots/e5_s128/pred-esmc_large_fold4.csv,250513/1_bulk/4/plots/e5_s128/pred-esmc_large_fold4.csv,4.74795,0.39596,dataset/full/test.csv,DP,0.9792878456640056,0.9953656467049706,0.9563211319593972,0.930630190522716,0.7955943384753644
esmc_large,e5,s128,4,plots,plots,,250513/1_bulk,250513/1_bulk/4/plots/e5_s128/pred-esmc_large_fold4.csv,250513/1_bulk/4/plots/e5_s128/pred-esmc_large_fold4.csv,4.74795,0.39596,dataset/full/test.csv,DQ,0.8780522248311102,0.9001674870632522,0.769516039310217,0.7810848890454385,0.5751092008563924
esmc_large,e5,s128,4,plots,plots,,250513/1_bulk,250513/1_bulk/4/plots/e5_s128/pred-esmc_large_fold4.csv,250513/1_bulk/4/plots/e5_s128/pred-esmc_large_fold4.csv,4.74795,0.39596,dataset/full/test.csv,H2,0.8563745200935959,0.9367591405244884,0.8482003129890454,0.7902702702702703,0.5120302336462272
esmc_large,e5,s42,0,plots,plots,,250513/1_bulk,250513/1_bulk/2/plots/e5_s42/pred-esmc_large_fold0.csv,250513/1_bulk/2/plots/e5_s42/pred-esmc_large_fold0.csv,-1.00539,0.3806,dataset/full/test.csv,DR,0.892452589079096,0.908169408246302,0.8092112973163014,0.805965257292691,0.6150202196446819
esmc_large,e5,s42,0,plots,plots,,250513/1_bulk,250513/1_bulk/2/plots/e5_s42/pred-esmc_large_fold0.csv,250513/1_bulk/2/plots/e5_s42/pred-esmc_large_fold0.csv,-1.00539,0.3806,dataset/full/test.csv,DP,0.9826103141682676,0.99601005289795,0.9692771084337348,0.950170981924768,0.8379676410106109
esmc_large,e5,s42,0,plots,plots,,250513/1_bulk,250513/1_bulk/2/plots/e5_s42/pred-esmc_large_fold0.csv,250513/1_bulk/2/plots/e5_s42/pred-esmc_large_fold0.csv,-1.00539,0.3806,dataset/full/test.csv,DQ,0.8852974828375285,0.9046764356620188,0.800211044671122,0.7999295526593871,0.6027697829557864
esmc_large,e5,s42,0,plots,plots,,250513/1_bulk,250513/1_bulk/2/plots/e5_s42/pred-esmc_large_fold0.csv,250513/1_bulk/2/plots/e5_s42/pred-esmc_large_fold0.csv,-1.00539,0.3806,dataset/full/test.csv,H2,0.8818464753856289,0.9475819526090518,0.8702993092862624,0.8172972972972973,0.5616447099360533
esmc_large,e5,s42,1,plots,plots,,250513/1_bulk,250513/1_bulk/2/plots/e5_s42/pred-esmc_large_fold1.csv,250513/1_bulk/2/plots/e5_s42/pred-esmc_large_fold1.csv,-0.91731,0.39955,dataset/full/test.csv,DR,0.8876838161664871,0.9035976213911968,0.8151944358403965,0.8044456363040434,0.607582031235368
esmc_large,e5,s42,1,plots,plots,,250513/1_bulk,250513/1_bulk/2/plots/e5_s42/pred-esmc_large_fold1.csv,250513/1_bulk/2/plots/e5_s42/pred-esmc_large_fold1.csv,-0.91731,0.39955,dataset/full/test.csv,DP,0.9777995557726072,0.994841582388774,0.9644321825367236,0.9417440156326332,0.8037307935426413
esmc_large,e5,s42,1,plots,plots,,250513/1_bulk,250513/1_bulk/2/plots/e5_s42/pred-esmc_large_fold1.csv,250513/1_bulk/2/plots/e5_s42/pred-esmc_large_fold1.csv,-0.91731,0.39955,dataset/full/test.csv,DQ,0.8817099718856691,0.902289500100948,0.8016359918200409,0.7949982388164847,0.5897147265728312
esmc_large,e5,s42,1,plots,plots,,250513/1_bulk,250513/1_bulk/2/plots/e5_s42/pred-esmc_large_fold1.csv,250513/1_bulk/2/plots/e5_s42/pred-esmc_large_fold1.csv,-0.91731,0.39955,dataset/full/test.csv,H2,0.8587655330652673,0.937316303623824,0.8617410387710315,0.7956756756756757,0.4779343320284323
esmc_large,e5,s42,2,plots,plots,,250513/1_bulk,250513/1_bulk/2/plots/e5_s42/pred-esmc_large_fold2.csv,250513/1_bulk/2/plots/e5_s42/pred-esmc_large_fold2.csv,-0.17568,0.39282,dataset/full/test.csv,DR,0.8885864925914998,0.9058325953670986,0.8150269155881342,0.8075146747713119,0.6151020444980216
esmc_large,e5,s42,2,plots,plots,,250513/1_bulk,250513/1_bulk/2/plots/e5_s42/pred-esmc_large_fold2.csv,250513/1_bulk/2/plots/e5_s42/pred-esmc_large_fold2.csv,-0.17568,0.39282,dataset/full/test.csv,DP,0.9819985902241172,0.9959461427589216,0.96512751877463,0.9427210552027356,0.8054602004674618
esmc_large,e5,s42,2,plots,plots,,250513/1_bulk,250513/1_bulk/2/plots/e5_s42/pred-esmc_large_fold2.csv,250513/1_bulk/2/plots/e5_s42/pred-esmc_large_fold2.csv,-0.17568,0.39282,dataset/full/test.csv,DQ,0.8806282115924129,0.9013331199929728,0.7993863985000852,0.7927087002465657,0.5851408455486303
esmc_large,e5,s42,2,plots,plots,,250513/1_bulk,250513/1_bulk/2/plots/e5_s42/pred-esmc_large_fold2.csv,250513/1_bulk/2/plots/e5_s42/pred-esmc_large_fold2.csv,-0.17568,0.39282,dataset/full/test.csv,H2,0.8721404393557328,0.9432159348918756,0.8717201166180758,0.8097297297297297,0.5128935800168798
esmc_large,e5,s42,3,plots,plots,,250513/1_bulk,250513/1_bulk/2/plots/e5_s42/pred-esmc_large_fold3.csv,250513/1_bulk/2/plots/e5_s42/pred-esmc_large_fold3.csv,-0.68527,0.40465,dataset/full/test.csv,DR,0.8845620735647242,0.900040670655968,0.8079455034632778,0.8000655522779416,0.6001312539291843
esmc_large,e5,s42,3,plots,plots,,250513/1_bulk,250513/1_bulk/2/plots/e5_s42/pred-esmc_large_fold3.csv,250513/1_bulk/2/plots/e5_s42/pred-esmc_large_fold3.csv,-0.68527,0.40465,dataset/full/test.csv,DP,0.975320579003318,0.9940611302303431,0.9646970267218667,0.9427210552027356,0.8133766514122951
esmc_large,e5,s42,3,plots,plots,,250513/1_bulk,250513/1_bulk/2/plots/e5_s42/pred-esmc_large_fold3.csv,250513/1_bulk/2/plots/e5_s42/pred-esmc_large_fold3.csv,-0.68527,0.40465,dataset/full/test.csv,DQ,0.8837611147078626,0.9056597173434926,0.7930008748906386,0.7916519901373723,0.585517655305291
esmc_large,e5,s42,3,plots,plots,,250513/1_bulk,250513/1_bulk/2/plots/e5_s42/pred-esmc_large_fold3.csv,250513/1_bulk/2/plots/e5_s42/pred-esmc_large_fold3.csv,-0.68527,0.40465,dataset/full/test.csv,H2,0.87792203366728,0.947632252462184,0.8758465011286681,0.8216216216216217,0.5597404711106747
esmc_large,e5,s42,4,plots,plots,,250513/1_bulk,250513/1_bulk/2/plots/e5_s42/pred-esmc_large_fold4.csv,250513/1_bulk/2/plots/e5_s42/pred-esmc_large_fold4.csv,-0.73549,0.38693,dataset/full/test.csv,DR,0.8928131135187776,0.9079760886353284,0.8243626062322946,0.8078722326509937,0.6140437445594545
esmc_large,e5,s42,4,plots,plots,,250513/1_bulk,250513/1_bulk/2/plots/e5_s42/pred-esmc_large_fold4.csv,250513/1_bulk/2/plots/e5_s42/pred-esmc_large_fold4.csv,-0.73549,0.38693,dataset/full/test.csv,DP,0.982041298666394,0.9958342082395631,0.9668148148148148,0.945285784074255,0.8125117105942147
esmc_large,e5,s42,4,plots,plots,,250513/1_bulk,250513/1_bulk/2/plots/e5_s42/pred-esmc_large_fold4.csv,250513/1_bulk/2/plots/e5_s42/pred-esmc_large_fold4.csv,-0.73549,0.38693,dataset/full/test.csv,DQ,0.8772578731563334,0.9010844060888458,0.7691726482810729,0.7847833744276154,0.5875414987381599
esmc_large,e5,s42,4,plots,plots,,250513/1_bulk,250513/1_bulk/2/plots/e5_s42/pred-esmc_large_fold4.csv,250513/1_bulk/2/plots/e5_s42/pred-esmc_large_fold4.csv,-0.73549,0.38693,dataset/full/test.csv,H2,0.8560678343442605,0.937112229789168,0.8261224489795919,0.7697297297297298,0.5020984187144967
esmc_medium,e5,s100,0,plots,plots,,250513/1_bulk,250513/1_bulk/2/plots/e5_s100/pred-esmc_medium_fold0.csv,250513/1_bulk/2/plots/e5_s100/pred-esmc_medium_fold0.csv,-0.60212,0.3603,dataset/full/test.csv,DR,0.9022230691123933,0.9165202140462704,0.8248713550600343,0.8174667024224547,0.6348872706800479
esmc_medium,e5,s100,0,plots,plots,,250513/1_bulk,250513/1_bulk/2/plots/e5_s100/pred-esmc_medium_fold0.csv,250513/1_bulk/2/plots/e5_s100/pred-esmc_medium_fold0.csv,-0.60212,0.3603,dataset/full/test.csv,DP,0.984917165982984,0.996680332457682,0.970756707868556,0.9526135808500245,0.8465403599315309
esmc_medium,e5,s100,0,plots,plots,,250513/1_bulk,250513/1_bulk/2/plots/e5_s100/pred-esmc_medium_fold0.csv,250513/1_bulk/2/plots/e5_s100/pred-esmc_medium_fold0.csv,-0.60212,0.3603,dataset/full/test.csv,DQ,0.8947813456889205,0.9148194341943764,0.7973433853886196,0.8011623811201127,0.6085463241888517
esmc_medium,e5,s100,0,plots,plots,,250513/1_bulk,250513/1_bulk/2/plots/e5_s100/pred-esmc_medium_fold0.csv,250513/1_bulk/2/plots/e5_s100/pred-esmc_medium_fold0.csv,-0.60212,0.3603,dataset/full/test.csv,H2,0.8819941388945683,0.9492146058660804,0.8717557251908397,0.8183783783783783,0.5606852283386305
esmc_medium,e5,s100,1,plots,plots,,250513/1_bulk,250513/1_bulk/2/plots/e5_s100/pred-esmc_medium_fold1.csv,250513/1_bulk/2/plots/e5_s100/pred-esmc_medium_fold1.csv,-0.44606,0.38209,dataset/full/test.csv,DR,0.89967589161586,0.9133745690306748,0.8282364651882984,0.8149042042847353,0.6279905547064165
esmc_medium,e5,s100,1,plots,plots,,250513/1_bulk,250513/1_bulk/2/plots/e5_s100/pred-esmc_medium_fold1.csv,250513/1_bulk/2/plots/e5_s100/pred-esmc_medium_fold1.csv,-0.44606,0.38209,dataset/full/test.csv,DP,0.9839284158832896,0.9963858734436783,0.9689997759019944,0.9493160723009282,0.8302034605158917
esmc_medium,e5,s100,1,plots,plots,,250513/1_bulk,250513/1_bulk/2/plots/e5_s100/pred-esmc_medium_fold1.csv,250513/1_bulk/2/plots/e5_s100/pred-esmc_medium_fold1.csv,-0.44606,0.38209,dataset/full/test.csv,DQ,0.8888762919713546,0.9089042002713356,0.8079668049792531,0.7962310672772103,0.5914018368297168
esmc_medium,e5,s100,1,plots,plots,,250513/1_bulk,250513/1_bulk/2/plots/e5_s100/pred-esmc_medium_fold1.csv,250513/1_bulk/2/plots/e5_s100/pred-esmc_medium_fold1.csv,-0.44606,0.38209,dataset/full/test.csv,H2,0.8652797655557826,0.9394682583166176,0.869753979739508,0.8054054054054054,0.4981716222339414
esmc_medium,e5,s100,2,plots,plots,,250513/1_bulk,250513/1_bulk/2/plots/e5_s100/pred-esmc_medium_fold2.csv,250513/1_bulk/2/plots/e5_s100/pred-esmc_medium_fold2.csv,-0.28874,0.36529,dataset/full/test.csv,DR,0.9036397728805112,0.9178377356352044,0.83295380611581,0.8163940287834093,0.6314912744774944
esmc_medium,e5,s100,2,plots,plots,,250513/1_bulk,250513/1_bulk/2/plots/e5_s100/pred-esmc_medium_fold2.csv,250513/1_bulk/2/plots/e5_s100/pred-esmc_medium_fold2.csv,-0.28874,0.36529,dataset/full/test.csv,DP,0.9846466129672564,0.9965878984484376,0.9700075357950264,0.9513922813873962,0.8424636910488614
esmc_medium,e5,s100,2,plots,plots,,250513/1_bulk,250513/1_bulk/2/plots/e5_s100/pred-esmc_medium_fold2.csv,250513/1_bulk/2/plots/e5_s100/pred-esmc_medium_fold2.csv,-0.28874,0.36529,dataset/full/test.csv,DQ,0.8923838705089917,0.911518488880494,0.8065517241379311,0.8023952095808383,0.6054244073256233
esmc_medium,e5,s100,2,plots,plots,,250513/1_bulk,250513/1_bulk/2/plots/e5_s100/pred-esmc_medium_fold2.csv,250513/1_bulk/2/plots/e5_s100/pred-esmc_medium_fold2.csv,-0.28874,0.36529,dataset/full/test.csv,H2,0.8777686907926122,0.9446694470497848,0.8705701078582434,0.8183783783783783,0.5668608027637877
esmc_medium,e5,s100,3,plots,plots,,250513/1_bulk,250513/1_bulk/2/plots/e5_s100/pred-esmc_medium_fold3.csv,250513/1_bulk/2/plots/e5_s100/pred-esmc_medium_fold3.csv,-2.90871,0.36771,dataset/full/test.csv,DR,0.8984356018450992,0.9129600165244294,0.8145989698307579,0.8123119096570424,0.628508826349568
esmc_medium,e5,s100,3,plots,plots,,250513/1_bulk,250513/1_bulk/2/plots/e5_s100/pred-esmc_medium_fold3.csv,250513/1_bulk/2/plots/e5_s100/pred-esmc_medium_fold3.csv,-2.90871,0.36771,dataset/full/test.csv,DP,0.9828947722582247,0.9962612936005116,0.9664145234493192,0.9457743038593064,0.8270986955430425
esmc_medium,e5,s100,3,plots,plots,,250513/1_bulk,250513/1_bulk/2/plots/e5_s100/pred-esmc_medium_fold3.csv,250513/1_bulk/2/plots/e5_s100/pred-esmc_medium_fold3.csv,-2.90871,0.36771,dataset/full/test.csv,DQ,0.8948064566495314,0.9130457081890028,0.7927631578947368,0.8002817893624515,0.610448163951891
esmc_medium,e5,s100,3,plots,plots,,250513/1_bulk,250513/1_bulk/2/plots/e5_s100/pred-esmc_medium_fold3.csv,250513/1_bulk/2/plots/e5_s100/pred-esmc_medium_fold3.csv,-2.90871,0.36771,dataset/full/test.csv,H2,0.8721006837956338,0.9445169989083018,0.8584615384615385,0.8010810810810811,0.5243905219845946
esmc_medium,e5,s100,4,plots,plots,,250513/1_bulk,250513/1_bulk/2/plots/e5_s100/pred-esmc_medium_fold4.csv,250513/1_bulk/2/plots/e5_s100/pred-esmc_medium_fold4.csv,-1.4456,0.36537,dataset/full/test.csv,DR,0.9009687428654596,0.914376276033072,0.8243539455468389,0.8185393760615,0.6380067442766589
esmc_medium,e5,s100,4,plots,plots,,250513/1_bulk,250513/1_bulk/2/plots/e5_s100/pred-esmc_medium_fold4.csv,250513/1_bulk/2/plots/e5_s100/pred-esmc_medium_fold4.csv,-1.4456,0.36537,dataset/full/test.csv,DP,0.9841426533483868,0.9964673975188152,0.968822778153407,0.9493160723009282,0.8336083844622038
esmc_medium,e5,s100,4,plots,plots,,250513/1_bulk,250513/1_bulk/2/plots/e5_s100/pred-esmc_medium_fold4.csv,250513/1_bulk/2/plots/e5_s100/pred-esmc_medium_fold4.csv,-1.4456,0.36537,dataset/full/test.csv,DQ,0.8885586756131301,0.907851516802054,0.8047034764826176,0.7981683691440649,0.5960628058526856
esmc_medium,e5,s100,4,plots,plots,,250513/1_bulk,250513/1_bulk/2/plots/e5_s100/pred-esmc_medium_fold4.csv,250513/1_bulk/2/plots/e5_s100/pred-esmc_medium_fold4.csv,-1.4456,0.36537,dataset/full/test.csv,H2,0.8663986006042844,0.9412408329036882,0.8583941605839416,0.7902702702702703,0.4625389054551716
esmc_medium,e5,s128,0,plots,plots,,250513/1_bulk,250513/1_bulk/4/plots/e5_s128/pred-esmc_medium_fold0.csv,250513/1_bulk/4/plots/e5_s128/pred-esmc_medium_fold0.csv,-0.27608,0.36097,dataset/full/test.csv,DR,0.9041853969998852,0.9180660412442228,0.8318335208098988,0.8218169899585829,0.6423715648574095
esmc_medium,e5,s128,0,plots,plots,,250513/1_bulk,250513/1_bulk/4/plots/e5_s128/pred-esmc_medium_fold0.csv,250513/1_bulk/4/plots/e5_s128/pred-esmc_medium_fold0.csv,-0.27608,0.36097,dataset/full/test.csv,DP,0.9836213123867296,0.9963757965186276,0.9633587786259542,0.9413776257938448,0.8212324331893399
esmc_medium,e5,s128,0,plots,plots,,250513/1_bulk,250513/1_bulk/4/plots/e5_s128/pred-esmc_medium_fold0.csv,250513/1_bulk/4/plots/e5_s128/pred-esmc_medium_fold0.csv,-0.27608,0.36097,dataset/full/test.csv,DQ,0.8885145449645314,0.9089984453308192,0.8075936377629553,0.8018668545262416,0.6037092206255843
esmc_medium,e5,s128,0,plots,plots,,250513/1_bulk,250513/1_bulk/4/plots/e5_s128/pred-esmc_medium_fold0.csv,250513/1_bulk/4/plots/e5_s128/pred-esmc_medium_fold0.csv,-0.27608,0.36097,dataset/full/test.csv,H2,0.8762579795088483,0.945347835980826,0.8815028901734104,0.8227027027027027,0.544030402715877
esmc_medium,e5,s128,1,plots,plots,,250513/1_bulk,250513/1_bulk/4/plots/e5_s128/pred-esmc_medium_fold1.csv,250513/1_bulk/4/plots/e5_s128/pred-esmc_medium_fold1.csv,-0.34998,0.37936,dataset/full/test.csv,DR,0.9063231407353176,0.9192650124722824,0.8354234572675543,0.8224725127379995,0.6432220639687549
esmc_medium,e5,s128,1,plots,plots,,250513/1_bulk,250513/1_bulk/4/plots/e5_s128/pred-esmc_medium_fold1.csv,250513/1_bulk/4/plots/e5_s128/pred-esmc_medium_fold1.csv,-0.34998,0.37936,dataset/full/test.csv,DP,0.9807233955952896,0.99560397363947,0.9638389811234932,0.9417440156326332,0.8160158652189338
esmc_medium,e5,s128,1,plots,plots,,250513/1_bulk,250513/1_bulk/4/plots/e5_s128/pred-esmc_medium_fold1.csv,250513/1_bulk/4/plots/e5_s128/pred-esmc_medium_fold1.csv,-0.34998,0.37936,dataset/full/test.csv,DQ,0.8951812563834052,0.9133849619822064,0.7959183673469388,0.8027474462839028,0.6147685814256495
esmc_medium,e5,s128,1,plots,plots,,250513/1_bulk,250513/1_bulk/4/plots/e5_s128/pred-esmc_medium_fold1.csv,250513/1_bulk/4/plots/e5_s128/pred-esmc_medium_fold1.csv,-0.34998,0.37936,dataset/full/test.csv,H2,0.8543072309684454,0.9372368752466562,0.8140703517587939,0.76,0.5050768751590735
esmc_medium,e5,s128,2,plots,plots,,250513/1_bulk,250513/1_bulk/4/plots/e5_s128/pred-esmc_medium_fold2.csv,250513/1_bulk/4/plots/e5_s128/pred-esmc_medium_fold2.csv,-0.37312,0.36268,dataset/full/test.csv,DR,0.9031903650176804,0.9176823824312424,0.8283001112156728,0.8205953338696702,0.6409235794746045
esmc_medium,e5,s128,2,plots,plots,,250513/1_bulk,250513/1_bulk/4/plots/e5_s128/pred-esmc_medium_fold2.csv,250513/1_bulk/4/plots/e5_s128/pred-esmc_medium_fold2.csv,-0.37312,0.36268,dataset/full/test.csv,DP,0.9831335422471412,0.99626964028636,0.9672265770810003,0.9463849535906204,0.8200405682040022
esmc_medium,e5,s128,2,plots,plots,,250513/1_bulk,250513/1_bulk/4/plots/e5_s128/pred-esmc_medium_fold2.csv,250513/1_bulk/4/plots/e5_s128/pred-esmc_medium_fold2.csv,-0.37312,0.36268,dataset/full/test.csv,DQ,0.8910991092321814,0.9097014409528354,0.8143635780698942,0.7960549489256781,0.5929333431118364
esmc_medium,e5,s128,2,plots,plots,,250513/1_bulk,250513/1_bulk/4/plots/e5_s128/pred-esmc_medium_fold2.csv,250513/1_bulk/4/plots/e5_s128/pred-esmc_medium_fold2.csv,-0.37312,0.36268,dataset/full/test.csv,H2,0.8782116813194302,0.9452318422042204,0.8802308802308803,0.8205405405405405,0.5377641852738609
esmc_medium,e5,s128,3,plots,plots,,250513/1_bulk,250513/1_bulk/4/plots/e5_s128/pred-esmc_medium_fold3.csv,250513/1_bulk/4/plots/e5_s128/pred-esmc_medium_fold3.csv,-2.3862,0.37487,dataset/full/test.csv,DR,0.9031483054966334,0.916760687037534,0.8255871195667912,0.8205357408897231,0.6425148928991345
esmc_medium,e5,s128,3,plots,plots,,250513/1_bulk,250513/1_bulk/4/plots/e5_s128/pred-esmc_medium_fold3.csv,250513/1_bulk/4/plots/e5_s128/pred-esmc_medium_fold3.csv,-2.3862,0.37487,dataset/full/test.csv,DP,0.9829518823845256,0.9962426458109328,0.9605899976953216,0.9373473375671716,0.8151841619990271
esmc_medium,e5,s128,3,plots,plots,,250513/1_bulk,250513/1_bulk/4/plots/e5_s128/pred-esmc_medium_fold3.csv,250513/1_bulk/4/plots/e5_s128/pred-esmc_medium_fold3.csv,-2.3862,0.37487,dataset/full/test.csv,DQ,0.8955880663764735,0.9134225558024583,0.7967123287671233,0.8039802747446284,0.6177794597631754
esmc_medium,e5,s128,3,plots,plots,,250513/1_bulk,250513/1_bulk/4/plots/e5_s128/pred-esmc_medium_fold3.csv,250513/1_bulk/4/plots/e5_s128/pred-esmc_medium_fold3.csv,-2.3862,0.37487,dataset/full/test.csv,H2,0.8593902632953951,0.9385184172931468,0.8382470119521912,0.7805405405405406,0.5047753640012761
esmc_medium,e5,s128,4,plots,plots,,250513/1_bulk,250513/1_bulk/4/plots/e5_s128/pred-esmc_medium_fold4.csv,250513/1_bulk/4/plots/e5_s128/pred-esmc_medium_fold4.csv,-3.5081,0.36631,dataset/full/test.csv,DR,0.9101649590207618,0.923231281618014,0.8295838675836344,0.8257501266350824,0.6538458902692875
esmc_medium,e5,s128,4,plots,plots,,250513/1_bulk,250513/1_bulk/4/plots/e5_s128/pred-esmc_medium_fold4.csv,250513/1_bulk/4/plots/e5_s128/pred-esmc_medium_fold4.csv,-3.5081,0.36631,dataset/full/test.csv,DP,0.9855344519568264,0.9968171772513864,0.9653696200596285,0.9446751343429408,0.8329465107573902
esmc_medium,e5,s128,4,plots,plots,,250513/1_bulk,250513/1_bulk/4/plots/e5_s128/pred-esmc_medium_fold4.csv,250513/1_bulk/4/plots/e5_s128/pred-esmc_medium_fold4.csv,-3.5081,0.36631,dataset/full/test.csv,DQ,0.8954073793405912,0.9155408658271048,0.8036951501154734,0.8053892215568862,0.6152290908553796
esmc_medium,e5,s128,4,plots,plots,,250513/1_bulk,250513/1_bulk/4/plots/e5_s128/pred-esmc_medium_fold4.csv,250513/1_bulk/4/plots/e5_s128/pred-esmc_medium_fold4.csv,-3.5081,0.36631,dataset/full/test.csv,H2,0.8719473409209659,0.9421926560729464,0.8649068322981367,0.8118918918918919,0.5569418722210281
esmc_medium,e5,s42,0,plots,plots,,250513/1_bulk,250513/1_bulk/2/plots/e5_s42/pred-esmc_medium_fold0.csv,250513/1_bulk/2/plots/e5_s42/pred-esmc_medium_fold0.csv,0.00034,0.35973,dataset/full/test.csv,DR,0.9058295077236872,0.9189022546132332,0.8361975923619759,0.8236345758469652,0.6455645258967586
esmc_medium,e5,s42,0,plots,plots,,250513/1_bulk,250513/1_bulk/2/plots/e5_s42/pred-esmc_medium_fold0.csv,250513/1_bulk/2/plots/e5_s42/pred-esmc_medium_fold0.csv,0.00034,0.35973,dataset/full/test.csv,DP,0.9853716632663791,0.9968056578835924,0.9705375215533398,0.9520029311187104,0.8411719359337875
esmc_medium,e5,s42,0,plots,plots,,250513/1_bulk,250513/1_bulk/2/plots/e5_s42/pred-esmc_medium_fold0.csv,250513/1_bulk/2/plots/e5_s42/pred-esmc_medium_fold0.csv,0.00034,0.35973,dataset/full/test.csv,DQ,0.8970420780140363,0.9159643000600582,0.8146152550934501,0.8060936949630152,0.6113722945113631
esmc_medium,e5,s42,0,plots,plots,,250513/1_bulk,250513/1_bulk/2/plots/e5_s42/pred-esmc_medium_fold0.csv,250513/1_bulk/2/plots/e5_s42/pred-esmc_medium_fold0.csv,0.00034,0.35973,dataset/full/test.csv,H2,0.8782060019537019,0.9470619225481196,0.8805213613323678,0.8216216216216217,0.5418286528185547
esmc_medium,e5,s42,1,plots,plots,,250513/1_bulk,250513/1_bulk/2/plots/e5_s42/pred-esmc_medium_fold1.csv,250513/1_bulk/2/plots/e5_s42/pred-esmc_medium_fold1.csv,-1.089,0.3722,dataset/full/test.csv,DR,0.9073342696592764,0.9207131905747832,0.8294474978304889,0.8243198951163553,0.6499581030568998
esmc_medium,e5,s42,1,plots,plots,,250513/1_bulk,250513/1_bulk/2/plots/e5_s42/pred-esmc_medium_fold1.csv,250513/1_bulk/2/plots/e5_s42/pred-esmc_medium_fold1.csv,-1.089,0.3722,dataset/full/test.csv,DP,0.9837767512522266,0.996347235931564,0.9690950863410658,0.9490718124084024,0.8257870550552645
esmc_medium,e5,s42,1,plots,plots,,250513/1_bulk,250513/1_bulk/2/plots/e5_s42/pred-esmc_medium_fold1.csv,250513/1_bulk/2/plots/e5_s42/pred-esmc_medium_fold1.csv,-1.089,0.3722,dataset/full/test.csv,DQ,0.8960173767847428,0.9141566815589146,0.8160669456066946,0.8064459316660796,0.6119407957193408
esmc_medium,e5,s42,1,plots,plots,,250513/1_bulk,250513/1_bulk/2/plots/e5_s42/pred-esmc_medium_fold1.csv,250513/1_bulk/2/plots/e5_s42/pred-esmc_medium_fold1.csv,-1.089,0.3722,dataset/full/test.csv,H2,0.8792964401735615,0.9474876580425026,0.8745467730239304,0.812972972972973,0.5192884845872783
esmc_medium,e5,s42,2,plots,plots,,250513/1_bulk,250513/1_bulk/2/plots/e5_s42/pred-esmc_medium_fold2.csv,250513/1_bulk/2/plots/e5_s42/pred-esmc_medium_fold2.csv,-0.2711,0.36973,dataset/full/test.csv,DR,0.9043189119612396,0.918991854691808,0.8311383273215335,0.8200589970501475,0.6385895488624752
esmc_medium,e5,s42,2,plots,plots,,250513/1_bulk,250513/1_bulk/2/plots/e5_s42/pred-esmc_medium_fold2.csv,250513/1_bulk/2/plots/e5_s42/pred-esmc_medium_fold2.csv,-0.2711,0.36973,dataset/full/test.csv,DP,0.984895911083804,0.996672340632573,0.9687335191742636,0.9493160723009282,0.8355468301431404
esmc_medium,e5,s42,2,plots,plots,,250513/1_bulk,250513/1_bulk/2/plots/e5_s42/pred-esmc_medium_fold2.csv,250513/1_bulk/2/plots/e5_s42/pred-esmc_medium_fold2.csv,-0.2711,0.36973,dataset/full/test.csv,DQ,0.8991233042642888,0.9174409874090268,0.8136895407717828,0.8120817189151109,0.6261735460307315
esmc_medium,e5,s42,2,plots,plots,,250513/1_bulk,250513/1_bulk/2/plots/e5_s42/pred-esmc_medium_fold2.csv,250513/1_bulk/2/plots/e5_s42/pred-esmc_medium_fold2.csv,-0.2711,0.36973,dataset/full/test.csv,H2,0.880165383130012,0.9458276437130226,0.8752834467120182,0.8216216216216217,0.562401673021167
esmc_medium,e5,s42,3,plots,plots,,250513/1_bulk,250513/1_bulk/2/plots/e5_s42/pred-esmc_medium_fold3.csv,250513/1_bulk/2/plots/e5_s42/pred-esmc_medium_fold3.csv,-3.5277,0.36823,dataset/full/test.csv,DR,0.9072797956548588,0.9201069708776168,0.8271802791456627,0.8232770179672835,0.6488766743907276
esmc_medium,e5,s42,3,plots,plots,,250513/1_bulk,250513/1_bulk/2/plots/e5_s42/pred-esmc_medium_fold3.csv,250513/1_bulk/2/plots/e5_s42/pred-esmc_medium_fold3.csv,-3.5277,0.36823,dataset/full/test.csv,DP,0.9852300301531536,0.9967072082257622,0.9689723021038292,0.9499267220322424,0.8408059683767982
esmc_medium,e5,s42,3,plots,plots,,250513/1_bulk,250513/1_bulk/2/plots/e5_s42/pred-esmc_medium_fold3.csv,250513/1_bulk/2/plots/e5_s42/pred-esmc_medium_fold3.csv,-3.5277,0.36823,dataset/full/test.csv,DQ,0.8967163813962091,0.9124739080962634,0.8012287676183593,0.8062698133145474,0.6201000217270279
esmc_medium,e5,s42,3,plots,plots,,250513/1_bulk,250513/1_bulk/2/plots/e5_s42/pred-esmc_medium_fold3.csv,250513/1_bulk/2/plots/e5_s42/pred-esmc_medium_fold3.csv,-3.5277,0.36823,dataset/full/test.csv,H2,0.8722710647674868,0.9433231348063535,0.8465266558966075,0.7945945945945946,0.5489694412641722
esmc_medium,e5,s42,4,plots,plots,,250513/1_bulk,250513/1_bulk/2/plots/e5_s42/pred-esmc_medium_fold4.csv,250513/1_bulk/2/plots/e5_s42/pred-esmc_medium_fold4.csv,-6.43968,0.37426,dataset/full/test.csv,DR,0.899245960143523,0.913676150109206,0.824427915989855,0.8164238252733828,0.6324993848940035
esmc_medium,e5,s42,4,plots,plots,,250513/1_bulk,250513/1_bulk/2/plots/e5_s42/pred-esmc_medium_fold4.csv,250513/1_bulk/2/plots/e5_s42/pred-esmc_medium_fold4.csv,-6.43968,0.37426,dataset/full/test.csv,DP,0.9819523061913236,0.9959290760911684,0.963030718804787,0.9407669760625306,0.8179221983358
esmc_medium,e5,s42,4,plots,plots,,250513/1_bulk,250513/1_bulk/2/plots/e5_s42/pred-esmc_medium_fold4.csv,250513/1_bulk/2/plots/e5_s42/pred-esmc_medium_fold4.csv,-6.43968,0.37426,dataset/full/test.csv,DQ,0.8819106109471855,0.9012047776098387,0.7976956963741104,0.7897146882705178,0.5788069980245193
esmc_medium,e5,s42,4,plots,plots,,250513/1_bulk,250513/1_bulk/2/plots/e5_s42/pred-esmc_medium_fold4.csv,250513/1_bulk/2/plots/e5_s42/pred-esmc_medium_fold4.csv,-6.43968,0.37426,dataset/full/test.csv,H2,0.8674436038983167,0.9400939231532702,0.871977240398293,0.8054054054054054,0.4918356444993939
esmc_small,e5,s100,0,plots,plots,,250513/1_bulk,250513/1_bulk/2/plots/e5_s100/pred-esmc_small_fold0.csv,250513/1_bulk/2/plots/e5_s100/pred-esmc_small_fold0.csv,-0.45003,0.35582,dataset/full/test.csv,DR,0.9023964102354748,0.9163938825426988,0.825846897107034,0.8195524567205983,0.6396920614095354
esmc_small,e5,s100,0,plots,plots,,250513/1_bulk,250513/1_bulk/2/plots/e5_s100/pred-esmc_small_fold0.csv,250513/1_bulk/2/plots/e5_s100/pred-esmc_small_fold0.csv,-0.45003,0.35582,dataset/full/test.csv,DP,0.9834914985865988,0.9963205194159308,0.9667096382801244,0.9463849535906204,0.8311025777132683
esmc_small,e5,s100,0,plots,plots,,250513/1_bulk,250513/1_bulk/2/plots/e5_s100/pred-esmc_small_fold0.csv,250513/1_bulk/2/plots/e5_s100/pred-esmc_small_fold0.csv,-0.45003,0.35582,dataset/full/test.csv,DQ,0.8942194568673256,0.912667726360546,0.8043362360049761,0.8060936949630152,0.6167000495286702
esmc_small,e5,s100,0,plots,plots,,250513/1_bulk,250513/1_bulk/2/plots/e5_s100/pred-esmc_small_fold0.csv,250513/1_bulk/2/plots/e5_s100/pred-esmc_small_fold0.csv,-0.45003,0.35582,dataset/full/test.csv,H2,0.871322610690838,0.9442324512882484,0.857365549493375,0.8021621621621622,0.5368948177572892
esmc_small,e5,s100,1,plots,plots,,250513/1_bulk,250513/1_bulk/2/plots/e5_s100/pred-esmc_small_fold1.csv,250513/1_bulk/2/plots/e5_s100/pred-esmc_small_fold1.csv,-0.55807,0.37908,dataset/full/test.csv,DR,0.9056934920415622,0.9189344060235648,0.8343599507223654,0.8237239653168856,0.6460002267225775
esmc_small,e5,s100,1,plots,plots,,250513/1_bulk,250513/1_bulk/2/plots/e5_s100/pred-esmc_small_fold1.csv,250513/1_bulk/2/plots/e5_s100/pred-esmc_small_fold1.csv,-0.55807,0.37908,dataset/full/test.csv,DP,0.9837892658190333,0.9963223006202442,0.9680826982569984,0.9483390327308256,0.8334590441649948
esmc_small,e5,s100,1,plots,plots,,250513/1_bulk,250513/1_bulk/2/plots/e5_s100/pred-esmc_small_fold1.csv,250513/1_bulk/2/plots/e5_s100/pred-esmc_small_fold1.csv,-0.55807,0.37908,dataset/full/test.csv,DQ,0.8976109904459009,0.914508196830691,0.8123474014649459,0.8104966537513209,0.6228512493272
esmc_small,e5,s100,1,plots,plots,,250513/1_bulk,250513/1_bulk/2/plots/e5_s100/pred-esmc_small_fold1.csv,250513/1_bulk/2/plots/e5_s100/pred-esmc_small_fold1.csv,-0.55807,0.37908,dataset/full/test.csv,H2,0.8742418046752538,0.9457780298052536,0.8489208633093526,0.7956756756756757,0.5423842008153417
esmc_small,e5,s100,2,plots,plots,,250513/1_bulk,250513/1_bulk/2/plots/e5_s100/pred-esmc_small_fold2.csv,250513/1_bulk/2/plots/e5_s100/pred-esmc_small_fold2.csv,-1.24504,0.36947,dataset/full/test.csv,DR,0.8987255446441506,0.9149667637499632,0.8227801102447663,0.8151127797145497,0.6300777466383629
esmc_small,e5,s100,2,plots,plots,,250513/1_bulk,250513/1_bulk/2/plots/e5_s100/pred-esmc_small_fold2.csv,250513/1_bulk/2/plots/e5_s100/pred-esmc_small_fold2.csv,-1.24504,0.36947,dataset/full/test.csv,DP,0.9808994934282136,0.9956985728808532,0.9651171439196728,0.9427210552027356,0.8056167369483099
esmc_small,e5,s100,2,plots,plots,,250513/1_bulk,250513/1_bulk/2/plots/e5_s100/pred-esmc_small_fold2.csv,250513/1_bulk/2/plots/e5_s100/pred-esmc_small_fold2.csv,-1.24504,0.36947,dataset/full/test.csv,DQ,0.8950717377878684,0.9130913442581716,0.81330436236002,0.8032758013384995,0.6055644673779043
esmc_small,e5,s100,2,plots,plots,,250513/1_bulk,250513/1_bulk/2/plots/e5_s100/pred-esmc_small_fold2.csv,250513/1_bulk/2/plots/e5_s100/pred-esmc_small_fold2.csv,-1.24504,0.36947,dataset/full/test.csv,H2,0.8696812739953202,0.9436840683672904,0.8780131482834186,0.8194594594594594,0.5393840416211697
esmc_small,e5,s100,3,plots,plots,,250513/1_bulk,250513/1_bulk/2/plots/e5_s100/pred-esmc_small_fold3.csv,250513/1_bulk/2/plots/e5_s100/pred-esmc_small_fold3.csv,-2.94616,0.3675,dataset/full/test.csv,DR,0.8996316539901928,0.9152161357567116,0.8238651102464332,0.8179136497720568,0.6366730866715756
esmc_small,e5,s100,3,plots,plots,,250513/1_bulk,250513/1_bulk/2/plots/e5_s100/pred-esmc_small_fold3.csv,250513/1_bulk/2/plots/e5_s100/pred-esmc_small_fold3.csv,-2.94616,0.3675,dataset/full/test.csv,DP,0.9823327092934664,0.9960001731919672,0.964465456763764,0.9430874450415242,0.8255827125115559
esmc_small,e5,s100,3,plots,plots,,250513/1_bulk,250513/1_bulk/2/plots/e5_s100/pred-esmc_small_fold3.csv,250513/1_bulk/2/plots/e5_s100/pred-esmc_small_fold3.csv,-2.94616,0.3675,dataset/full/test.csv,DQ,0.8977910559233525,0.9154258241386491,0.8173913043478261,0.811377245508982,0.6225449983860448
esmc_small,e5,s100,3,plots,plots,,250513/1_bulk,250513/1_bulk/2/plots/e5_s100/pred-esmc_small_fold3.csv,250513/1_bulk/2/plots/e5_s100/pred-esmc_small_fold3.csv,-2.94616,0.3675,dataset/full/test.csv,H2,0.8692553215656875,0.943549986832716,0.862144420131291,0.7956756756756757,0.476313143325367
esmc_small,e5,s100,4,plots,plots,,250513/1_bulk,250513/1_bulk/2/plots/e5_s100/pred-esmc_small_fold4.csv,250513/1_bulk/2/plots/e5_s100/pred-esmc_small_fold4.csv,-0.76731,0.37026,dataset/full/test.csv,DR,0.9007727045376056,0.915658653263443,0.827090873383273,0.8163642322934358,0.631309980296226
esmc_small,e5,s100,4,plots,plots,,250513/1_bulk,250513/1_bulk/2/plots/e5_s100/pred-esmc_small_fold4.csv,250513/1_bulk/2/plots/e5_s100/pred-esmc_small_fold4.csv,-0.76731,0.37026,dataset/full/test.csv,DP,0.9823859458633744,0.9959994688207896,0.9665281450698904,0.9458964338055692,0.8265922138085217
esmc_small,e5,s100,4,plots,plots,,250513/1_bulk,250513/1_bulk/2/plots/e5_s100/pred-esmc_small_fold4.csv,250513/1_bulk/2/plots/e5_s100/pred-esmc_small_fold4.csv,-0.76731,0.37026,dataset/full/test.csv,DQ,0.8921890740967265,0.9126875819807988,0.8083478260869565,0.8059175766114829,0.6133587279090826
esmc_small,e5,s100,4,plots,plots,,250513/1_bulk,250513/1_bulk/2/plots/e5_s100/pred-esmc_small_fold4.csv,250513/1_bulk/2/plots/e5_s100/pred-esmc_small_fold4.csv,-0.76731,0.37026,dataset/full/test.csv,H2,0.8689486358163522,0.941390608034345,0.8617265087853323,0.8043243243243243,0.5272225552815122
esmc_small,e5,s128,0,plots,plots,,250513/1_bulk,250513/1_bulk/4/plots/e5_s128/pred-esmc_small_fold0.csv,250513/1_bulk/4/plots/e5_s128/pred-esmc_small_fold0.csv,-0.24471,0.36503,dataset/full/test.csv,DR,0.9024292618281524,0.9165139739910724,0.8281218766955082,0.8206549268496172,0.6411702813196686
esmc_small,e5,s128,0,plots,plots,,250513/1_bulk,250513/1_bulk/4/plots/e5_s128/pred-esmc_small_fold0.csv,250513/1_bulk/4/plots/e5_s128/pred-esmc_small_fold0.csv,-0.24471,0.36503,dataset/full/test.csv,DP,0.981408717110899,0.99589116986169,0.9675329566854992,0.947361993160723,0.829073547326114
esmc_small,e5,s128,0,plots,plots,,250513/1_bulk,250513/1_bulk/4/plots/e5_s128/pred-esmc_small_fold0.csv,250513/1_bulk/4/plots/e5_s128/pred-esmc_small_fold0.csv,-0.24471,0.36503,dataset/full/test.csv,DQ,0.8915692560293653,0.9105281548803126,0.8092427053466015,0.8008101444170482,0.6008403228882598
esmc_small,e5,s128,0,plots,plots,,250513/1_bulk,250513/1_bulk/4/plots/e5_s128/pred-esmc_small_fold0.csv,250513/1_bulk/4/plots/e5_s128/pred-esmc_small_fold0.csv,-0.24471,0.36503,dataset/full/test.csv,H2,0.8737647379540652,0.9452705030295712,0.871039056742815,0.8108108108108109,0.5210798284402299
esmc_small,e5,s128,1,plots,plots,,250513/1_bulk,250513/1_bulk/4/plots/e5_s128/pred-esmc_small_fold1.csv,250513/1_bulk/4/plots/e5_s128/pred-esmc_small_fold1.csv,-0.69278,0.37791,dataset/full/test.csv,DR,0.9052549925259286,0.9172228587106872,0.8281074220440188,0.822442716248026,0.6458458271454486
esmc_small,e5,s128,1,plots,plots,,250513/1_bulk,250513/1_bulk/4/plots/e5_s128/pred-esmc_small_fold1.csv,250513/1_bulk/4/plots/e5_s128/pred-esmc_small_fold1.csv,-0.69278,0.37791,dataset/full/test.csv,DP,0.9811036000535148,0.995631582180472,0.9661659839174632,0.9455300439667806,0.8286928345299526
esmc_small,e5,s128,1,plots,plots,,250513/1_bulk,250513/1_bulk/4/plots/e5_s128/pred-esmc_small_fold1.csv,250513/1_bulk/4/plots/e5_s128/pred-esmc_small_fold1.csv,-0.69278,0.37791,dataset/full/test.csv,DQ,0.8960590211996178,0.9147818717815924,0.8094820017559262,0.8089115885875309,0.6205486663616167
esmc_small,e5,s128,1,plots,plots,,250513/1_bulk,250513/1_bulk/4/plots/e5_s128/pred-esmc_small_fold1.csv,250513/1_bulk/4/plots/e5_s128/pred-esmc_small_fold1.csv,-0.69278,0.37791,dataset/full/test.csv,H2,0.8740657443376723,0.9456083431143848,0.8689759036144579,0.8118918918918919,0.5361479560939397
esmc_small,e5,s128,2,plots,plots,,250513/1_bulk,250513/1_bulk/4/plots/e5_s128/pred-esmc_small_fold2.csv,250513/1_bulk/4/plots/e5_s128/pred-esmc_small_fold2.csv,-2.38816,0.36399,dataset/full/test.csv,DR,0.9022475469444288,0.9164191224652032,0.8235259947720012,0.8189565269211286,0.6397550527733383
esmc_small,e5,s128,2,plots,plots,,250513/1_bulk,250513/1_bulk/4/plots/e5_s128/pred-esmc_small_fold2.csv,250513/1_bulk/4/plots/e5_s128/pred-esmc_small_fold2.csv,-2.38816,0.36399,dataset/full/test.csv,DP,0.9823009262666554,0.9960487930948176,0.9638370765131328,0.9419882755251588,0.8206253787237224
esmc_small,e5,s128,2,plots,plots,,250513/1_bulk,250513/1_bulk/4/plots/e5_s128/pred-esmc_small_fold2.csv,250513/1_bulk/4/plots/e5_s128/pred-esmc_small_fold2.csv,-2.38816,0.36399,dataset/full/test.csv,DQ,0.8922696280693797,0.9111645247993224,0.7863342566943675,0.7962310672772103,0.6047347847283435
esmc_small,e5,s128,2,plots,plots,,250513/1_bulk,250513/1_bulk/4/plots/e5_s128/pred-esmc_small_fold2.csv,250513/1_bulk/4/plots/e5_s128/pred-esmc_small_fold2.csv,-2.38816,0.36399,dataset/full/test.csv,H2,0.8680569753969877,0.9416358641335943,0.8514694201747418,0.7978378378378378,0.5419893100933209
esmc_small,e5,s128,3,plots,plots,,250513/1_bulk,250513/1_bulk/4/plots/e5_s128/pred-esmc_small_fold3.csv,250513/1_bulk/4/plots/e5_s128/pred-esmc_small_fold3.csv,-0.31326,0.37609,dataset/full/test.csv,DR,0.8948049848465947,0.90738409980841,0.8254066180594504,0.8144870534251065,0.6275187825592002
esmc_small,e5,s128,3,plots,plots,,250513/1_bulk,250513/1_bulk/4/plots/e5_s128/pred-esmc_small_fold3.csv,250513/1_bulk/4/plots/e5_s128/pred-esmc_small_fold3.csv,-0.31326,0.37609,dataset/full/test.csv,DP,0.9824250787151354,0.9959811355310432,0.9667422524565382,0.9462628236443577,0.8280711436193761
esmc_small,e5,s128,3,plots,plots,,250513/1_bulk,250513/1_bulk/4/plots/e5_s128/pred-esmc_small_fold3.csv,250513/1_bulk/4/plots/e5_s128/pred-esmc_small_fold3.csv,-0.31326,0.37609,dataset/full/test.csv,DQ,0.8951535348773839,0.9130784507087966,0.8198013018156903,0.8147234941880944,0.6295625094686544
esmc_small,e5,s128,3,plots,plots,,250513/1_bulk,250513/1_bulk/4/plots/e5_s128/pred-esmc_small_fold3.csv,250513/1_bulk/4/plots/e5_s128/pred-esmc_small_fold3.csv,-0.31326,0.37609,dataset/full/test.csv,H2,0.8743042776982666,0.946162569268942,0.865488086087625,0.8108108108108109,0.5471440394873098
esmc_small,e5,s128,4,plots,plots,,250513/1_bulk,250513/1_bulk/4/plots/e5_s128/pred-esmc_small_fold4.csv,250513/1_bulk/4/plots/e5_s128/pred-esmc_small_fold4.csv,-0.87525,0.37896,dataset/full/test.csv,DR,0.9064745867379794,0.9183234583870834,0.8315662095194192,0.8258097196150294,0.6524509890528057
esmc_small,e5,s128,4,plots,plots,,250513/1_bulk,250513/1_bulk/4/plots/e5_s128/pred-esmc_small_fold4.csv,250513/1_bulk/4/plots/e5_s128/pred-esmc_small_fold4.csv,-0.87525,0.37896,dataset/full/test.csv,DP,0.9845204740796007,0.9965203119925226,0.9701021634615384,0.9513922813873962,0.8403857244099299
esmc_small,e5,s128,4,plots,plots,,250513/1_bulk,250513/1_bulk/4/plots/e5_s128/pred-esmc_small_fold4.csv,250513/1_bulk/4/plots/e5_s128/pred-esmc_small_fold4.csv,-0.87525,0.37896,dataset/full/test.csv,DQ,0.8956136124279863,0.9147825674398448,0.8130360205831904,0.8080309968298697,0.6162687391576747
esmc_small,e5,s128,4,plots,plots,,250513/1_bulk,250513/1_bulk/4/plots/e5_s128/pred-esmc_small_fold4.csv,250513/1_bulk/4/plots/e5_s128/pred-esmc_small_fold4.csv,-0.87525,0.37896,dataset/full/test.csv,H2,0.8714418773711352,0.9445991654131308,0.8564668769716088,0.8032432432432433,0.5486959805855421
esmc_small,e5,s42,0,plots,plots,,250513/1_bulk,250513/1_bulk/2/plots/e5_s42/pred-esmc_small_fold0.csv,250513/1_bulk/2/plots/e5_s42/pred-esmc_small_fold0.csv,-0.07847,0.35979,dataset/full/test.csv,DR,0.9025993179702072,0.9158436238687055,0.8339998345238424,0.8206549268496172,0.6395667079769509
esmc_small,e5,s42,0,plots,plots,,250513/1_bulk,250513/1_bulk/2/plots/e5_s42/pred-esmc_small_fold0.csv,250513/1_bulk/2/plots/e5_s42/pred-esmc_small_fold0.csv,-0.07847,0.35979,dataset/full/test.csv,DP,0.982867458719559,0.9961587075341656,0.969041402461768,0.9493160723009282,0.8294953718111934
esmc_small,e5,s42,0,plots,plots,,250513/1_bulk,250513/1_bulk/2/plots/e5_s42/pred-esmc_small_fold0.csv,250513/1_bulk/2/plots/e5_s42/pred-esmc_small_fold0.csv,-0.07847,0.35979,dataset/full/test.csv,DQ,0.8924342788977432,0.91065288925417,0.8038875390489414,0.8009862627685805,0.6032562598900207
esmc_small,e5,s42,0,plots,plots,,250513/1_bulk,250513/1_bulk/2/plots/e5_s42/pred-esmc_small_fold0.csv,250513/1_bulk/2/plots/e5_s42/pred-esmc_small_fold0.csv,-0.07847,0.35979,dataset/full/test.csv,H2,0.8826472659533382,0.950975139052632,0.8652809853733642,0.8108108108108109,0.548230709911365
esmc_small,e5,s42,1,plots,plots,,250513/1_bulk,250513/1_bulk/2/plots/e5_s42/pred-esmc_small_fold1.csv,250513/1_bulk/2/plots/e5_s42/pred-esmc_small_fold1.csv,-0.55345,0.38566,dataset/full/test.csv,DR,0.8991453573767756,0.9137677802143418,0.8210198610590643,0.8149935937546557,0.6308355844412883
esmc_small,e5,s42,1,plots,plots,,250513/1_bulk,250513/1_bulk/2/plots/e5_s42/pred-esmc_small_fold1.csv,250513/1_bulk/2/plots/e5_s42/pred-esmc_small_fold1.csv,-0.55345,0.38566,dataset/full/test.csv,DP,0.9809534252518334,0.995690641090582,0.964679748241392,0.9417440156326332,0.8001008451487033
esmc_small,e5,s42,1,plots,plots,,250513/1_bulk,250513/1_bulk/2/plots/e5_s42/pred-esmc_small_fold1.csv,250513/1_bulk/2/plots/e5_s42/pred-esmc_small_fold1.csv,-0.55345,0.38566,dataset/full/test.csv,DQ,0.8918109179473259,0.910083199568548,0.8137796555086123,0.7981683691440649,0.5960396893697566
esmc_small,e5,s42,1,plots,plots,,250513/1_bulk,250513/1_bulk/2/plots/e5_s42/pred-esmc_small_fold1.csv,250513/1_bulk/2/plots/e5_s42/pred-esmc_small_fold1.csv,-0.55345,0.38566,dataset/full/test.csv,H2,0.8821020468434086,0.9508995372860028,0.8771155261221486,0.8194594594594594,0.5426080523153618
esmc_small,e5,s42,2,plots,plots,,250513/1_bulk,250513/1_bulk/2/plots/e5_s42/pred-esmc_small_fold2.csv,250513/1_bulk/2/plots/e5_s42/pred-esmc_small_fold2.csv,-0.43336,0.36848,dataset/full/test.csv,DR,0.8991297220791263,0.9143703286538964,0.8276591704419065,0.8107028991984744,0.6199440125179896
esmc_small,e5,s42,2,plots,plots,,250513/1_bulk,250513/1_bulk/2/plots/e5_s42/pred-esmc_small_fold2.csv,250513/1_bulk/2/plots/e5_s42/pred-esmc_small_fold2.csv,-0.43336,0.36848,dataset/full/test.csv,DP,0.9796631336852708,0.9953523468070122,0.964730601831007,0.9425989252564728,0.810723561616724
esmc_small,e5,s42,2,plots,plots,,250513/1_bulk,250513/1_bulk/2/plots/e5_s42/pred-esmc_small_fold2.csv,250513/1_bulk/2/plots/e5_s42/pred-esmc_small_fold2.csv,-0.43336,0.36848,dataset/full/test.csv,DQ,0.8885675017428498,0.909642556087887,0.8043888222184125,0.799048960901726,0.5982461891292603
esmc_small,e5,s42,2,plots,plots,,250513/1_bulk,250513/1_bulk/2/plots/e5_s42/pred-esmc_small_fold2.csv,250513/1_bulk/2/plots/e5_s42/pred-esmc_small_fold2.csv,-0.43336,0.36848,dataset/full/test.csv,H2,0.8592937140780118,0.9355597087744124,0.8601986249045073,0.8021621621621622,0.5219975524569279
esmc_small,e5,s42,3,plots,plots,,250513/1_bulk,250513/1_bulk/2/plots/e5_s42/pred-esmc_small_fold3.csv,250513/1_bulk/2/plots/e5_s42/pred-esmc_small_fold3.csv,-3.49647,0.38022,dataset/full/test.csv,DR,0.8952571679212857,0.9093270317011004,0.8155595171990531,0.8119543517773606,0.6266339938047468
esmc_small,e5,s42,3,plots,plots,,250513/1_bulk,250513/1_bulk/2/plots/e5_s42/pred-esmc_small_fold3.csv,250513/1_bulk/2/plots/e5_s42/pred-esmc_small_fold3.csv,-3.49647,0.38022,dataset/full/test.csv,DP,0.9785075226948192,0.9949585757287286,0.9644578313253012,0.9423546653639472,0.8124670974681716
esmc_small,e5,s42,3,plots,plots,,250513/1_bulk,250513/1_bulk/2/plots/e5_s42/pred-esmc_small_fold3.csv,250513/1_bulk/2/plots/e5_s42/pred-esmc_small_fold3.csv,-3.49647,0.38022,dataset/full/test.csv,DQ,0.8875927116555631,0.9049115471869844,0.7902173913043479,0.7960549489256781,0.6000667124775316
esmc_small,e5,s42,3,plots,plots,,250513/1_bulk,250513/1_bulk/2/plots/e5_s42/pred-esmc_small_fold3.csv,250513/1_bulk/2/plots/e5_s42/pred-esmc_small_fold3.csv,-3.49647,0.38022,dataset/full/test.csv,H2,0.8607873872645903,0.9411169632472592,0.8454258675078864,0.7881081081081082,0.5134666604771474
esmc_small,e5,s42,4,plots,plots,,250513/1_bulk,250513/1_bulk/2/plots/e5_s42/pred-esmc_small_fold4.csv,250513/1_bulk/2/plots/e5_s42/pred-esmc_small_fold4.csv,-0.85126,0.37247,dataset/full/test.csv,DR,0.8962638390386533,0.911435899330141,0.8259664641827394,0.8147552218348678,0.6279802279514313
esmc_small,e5,s42,4,plots,plots,,250513/1_bulk,250513/1_bulk/2/plots/e5_s42/pred-esmc_small_fold4.csv,250513/1_bulk/2/plots/e5_s42/pred-esmc_small_fold4.csv,-0.85126,0.37247,dataset/full/test.csv,DP,0.9819943193798892,0.9959811788551792,0.9663378266435726,0.9454079140205178,0.8224836015155563
esmc_small,e5,s42,4,plots,plots,,250513/1_bulk,250513/1_bulk/2/plots/e5_s42/pred-esmc_small_fold4.csv,250513/1_bulk/2/plots/e5_s42/pred-esmc_small_fold4.csv,-0.85126,0.37247,dataset/full/test.csv,DQ,0.8877058974458425,0.906925430641644,0.7872756353296606,0.7891863332159211,0.582787271850461
esmc_small,e5,s42,4,plots,plots,,250513/1_bulk,250513/1_bulk/2/plots/e5_s42/pred-esmc_small_fold4.csv,250513/1_bulk/2/plots/e5_s42/pred-esmc_small_fold4.csv,-0.85126,0.37247,dataset/full/test.csv,H2,0.8665462641132238,0.9431038162353972,0.8599846977811783,0.8021621621621622,0.523088134973218
