model,lr,seed,fold,dir,kind,group,root,rel,path,src_path,file_path,val_auc,val_loss,test_path,stratum,roc_auc,pr_auc,f1,accuracy,mcc
af3,e5,s100,0,plots,plots,,250513/1_bulk,250513/1_bulk/2/plots/e5_s100/pred-af3_fold0.csv,250513/1_bulk/2/plots/e5_s100/pred-af3_fold0.csv,/home/hwjang/project/250513/1_bulk/2/plots/e5_s100/pred-af3_fold0.csv,250513/1_bulk/2/plots/e5_s100/pred-af3_fold0.csv,-0.7407,0.41777,dataset/full/test.csv,Overall,0.8887596484591962,0.9222880251932266,0.8325305214482143,0.802262574454004,0.5917052171582722
af3,e5,s100,0,plots,plots,,250513/1_bulk,250513/1_bulk/2/plots/e5_s100/pred-af3_fold0.csv,250513/1_bulk/2/plots/e5_s100/pred-af3_fold0.csv,/home/hwjang/project/250513/1_bulk/2/plots/e5_s100/pred-af3_fold0.csv,250513/1_bulk/2/plots/e5_s100/pred-af3_fold0.csv,-0.7407,0.41777,dataset/full/test.csv,No 9-mer overlap,0.8560131928021135,0.9948873116252064,0.9563106796116504,0.9173680183626626,0.2427121147683242
af3,e5,s100,0,plots,plots,,250513/1_bulk,250513/1_bulk/2/plots/e5_s100/pred-af3_fold0.csv,250513/1_bulk/2/plots/e5_s100/pred-af3_fold0.csv,/home/hwjang/project/250513/1_bulk/2/plots/e5_s100/pred-af3_fold0.csv,250513/1_bulk/2/plots/e5_s100/pred-af3_fold0.csv,-0.7407,0.41777,dataset/full/test.csv,>=1 9-mer overlap,0.878179333173289,0.8997063208416077,0.8066012753426689,0.7883081346813839,0.5739210958235503
af3,e5,s100,0,plots,plots,,250513/1_bulk,250513/1_bulk/2/plots/e5_s100/pred-af3_fold0.csv,250513/1_bulk/2/plots/e5_s100/pred-af3_fold0.csv,/home/hwjang/project/250513/1_bulk/2/plots/e5_s100/pred-af3_fold0.csv,250513/1_bulk/2/plots/e5_s100/pred-af3_fold0.csv,-0.7407,0.41777,dataset/full/test.csv,Exact 15-mer match,0.8620984281988466,0.8631306044166615,0.7680911361149303,0.7713439938029104,0.5443608072310769
af3,e5,s100,0,plots,plots,,250513/1_bulk,250513/1_bulk/2/plots/e5_s100/pred-af3_fold0.csv,250513/1_bulk/2/plots/e5_s100/pred-af3_fold0.csv,/home/hwjang/project/250513/1_bulk/2/plots/e5_s100/pred-af3_fold0.csv,250513/1_bulk/2/plots/e5_s100/pred-af3_fold0.csv,-0.7407,0.41777,dataset/full/test.csv,"9-mer overlap, not exact",0.9094853373217242,0.9801047173252512,0.925285368384642,0.8761822871883062,0.5645874016875321
af3,e5,s100,1,plots,plots,,250513/1_bulk,250513/1_bulk/2/plots/e5_s100/pred-af3_fold1.csv,250513/1_bulk/2/plots/e5_s100/pred-af3_fold1.csv,/home/hwjang/project/250513/1_bulk/2/plots/e5_s100/pred-af3_fold1.csv,250513/1_bulk/2/plots/e5_s100/pred-af3_fold1.csv,3.60797,0.47401,dataset/full/test.csv,Overall,0.8561954778608681,0.8967575019986271,0.8115178769898945,0.7720259761747187,0.5266932214355496
af3,e5,s100,1,plots,plots,,250513/1_bulk,250513/1_bulk/2/plots/e5_s100/pred-af3_fold1.csv,250513/1_bulk/2/plots/e5_s100/pred-af3_fold1.csv,/home/hwjang/project/250513/1_bulk/2/plots/e5_s100/pred-af3_fold1.csv,250513/1_bulk/2/plots/e5_s100/pred-af3_fold1.csv,3.60797,0.47401,dataset/full/test.csv,No 9-mer overlap,0.7942307798818076,0.9925596935006484,0.9481496543310288,0.9024483550114768,0.171540149583891
af3,e5,s100,1,plots,plots,,250513/1_bulk,250513/1_bulk/2/plots/e5_s100/pred-af3_fold1.csv,250513/1_bulk/2/plots/e5_s100/pred-af3_fold1.csv,/home/hwjang/project/250513/1_bulk/2/plots/e5_s100/pred-af3_fold1.csv,250513/1_bulk/2/plots/e5_s100/pred-af3_fold1.csv,3.60797,0.47401,dataset/full/test.csv,>=1 9-mer overlap,0.8460670731045209,0.8710820652102496,0.7838921207885379,0.7562146368611447,0.5098939729203447
af3,e5,s100,1,plots,plots,,250513/1_bulk,250513/1_bulk/2/plots/e5_s100/pred-af3_fold1.csv,250513/1_bulk/2/plots/e5_s100/pred-af3_fold1.csv,/home/hwjang/project/250513/1_bulk/2/plots/e5_s100/pred-af3_fold1.csv,250513/1_bulk/2/plots/e5_s100/pred-af3_fold1.csv,3.60797,0.47401,dataset/full/test.csv,Exact 15-mer match,0.8297239044941714,0.8311858207120436,0.7426532212279326,0.7366513583799037,0.4805130601349682
af3,e5,s100,1,plots,plots,,250513/1_bulk,250513/1_bulk/2/plots/e5_s100/pred-af3_fold1.csv,250513/1_bulk/2/plots/e5_s100/pred-af3_fold1.csv,/home/hwjang/project/250513/1_bulk/2/plots/e5_s100/pred-af3_fold1.csv,250513/1_bulk/2/plots/e5_s100/pred-af3_fold1.csv,3.60797,0.47401,dataset/full/test.csv,"9-mer overlap, not exact",0.8571536569152882,0.965788387132789,0.9147366615199862,0.8575523072513614,0.4822140799795148
af3,e5,s100,2,plots,plots,,250513/1_bulk,250513/1_bulk/2/plots/e5_s100/pred-af3_fold2.csv,250513/1_bulk/2/plots/e5_s100/pred-af3_fold2.csv,/home/hwjang/project/250513/1_bulk/2/plots/e5_s100/pred-af3_fold2.csv,250513/1_bulk/2/plots/e5_s100/pred-af3_fold2.csv,-2.27773,0.43182,dataset/full/test.csv,Overall,0.8856335414841507,0.9193194212487432,0.8332227537800747,0.8024487094639312,0.5917590405032396
af3,e5,s100,2,plots,plots,,250513/1_bulk,250513/1_bulk/2/plots/e5_s100/pred-af3_fold2.csv,250513/1_bulk/2/plots/e5_s100/pred-af3_fold2.csv,/home/hwjang/project/250513/1_bulk/2/plots/e5_s100/pred-af3_fold2.csv,250513/1_bulk/2/plots/e5_s100/pred-af3_fold2.csv,-2.27773,0.43182,dataset/full/test.csv,No 9-mer overlap,0.8136198235421178,0.9930632104764756,0.9501627339300244,0.9062739097169088,0.2192656326718593
af3,e5,s100,2,plots,plots,,250513/1_bulk,250513/1_bulk/2/plots/e5_s100/pred-af3_fold2.csv,250513/1_bulk/2/plots/e5_s100/pred-af3_fold2.csv,/home/hwjang/project/250513/1_bulk/2/plots/e5_s100/pred-af3_fold2.csv,250513/1_bulk/2/plots/e5_s100/pred-af3_fold2.csv,-2.27773,0.43182,dataset/full/test.csv,>=1 9-mer overlap,0.8768331136208918,0.8977572674415952,0.8089878167024999,0.7898617938966701,0.5771202756365196
af3,e5,s100,2,plots,plots,,250513/1_bulk,250513/1_bulk/2/plots/e5_s100/pred-af3_fold2.csv,250513/1_bulk/2/plots/e5_s100/pred-af3_fold2.csv,/home/hwjang/project/250513/1_bulk/2/plots/e5_s100/pred-af3_fold2.csv,250513/1_bulk/2/plots/e5_s100/pred-af3_fold2.csv,-2.27773,0.43182,dataset/full/test.csv,Exact 15-mer match,0.8623583420444606,0.8627496831889832,0.7719454743121568,0.773667902395839,0.5498214608406938
af3,e5,s100,2,plots,plots,,250513/1_bulk,250513/1_bulk/2/plots/e5_s100/pred-af3_fold2.csv,250513/1_bulk/2/plots/e5_s100/pred-af3_fold2.csv,/home/hwjang/project/250513/1_bulk/2/plots/e5_s100/pred-af3_fold2.csv,250513/1_bulk/2/plots/e5_s100/pred-af3_fold2.csv,-2.27773,0.43182,dataset/full/test.csv,"9-mer overlap, not exact",0.9019563591688478,0.9779697693361268,0.9238482150574812,0.8737460590427056,0.5552043380471793
af3,e5,s100,3,plots,plots,,250513/1_bulk,250513/1_bulk/2/plots/e5_s100/pred-af3_fold3.csv,250513/1_bulk/2/plots/e5_s100/pred-af3_fold3.csv,/home/hwjang/project/250513/1_bulk/2/plots/e5_s100/pred-af3_fold3.csv,250513/1_bulk/2/plots/e5_s100/pred-af3_fold3.csv,-2.44938,0.42605,dataset/full/test.csv,Overall,0.8848178455742277,0.9192447579721588,0.8294246431386286,0.7985812375909993,0.5840833545646759
af3,e5,s100,3,plots,plots,,250513/1_bulk,250513/1_bulk/2/plots/e5_s100/pred-af3_fold3.csv,250513/1_bulk/2/plots/e5_s100/pred-af3_fold3.csv,/home/hwjang/project/250513/1_bulk/2/plots/e5_s100/pred-af3_fold3.csv,250513/1_bulk/2/plots/e5_s100/pred-af3_fold3.csv,-2.44938,0.42605,dataset/full/test.csv,No 9-mer overlap,0.824901829379739,0.993242866571416,0.9547341772151898,0.9144988523335884,0.2336748405350129
af3,e5,s100,3,plots,plots,,250513/1_bulk,250513/1_bulk/2/plots/e5_s100/pred-af3_fold3.csv,250513/1_bulk/2/plots/e5_s100/pred-af3_fold3.csv,/home/hwjang/project/250513/1_bulk/2/plots/e5_s100/pred-af3_fold3.csv,250513/1_bulk/2/plots/e5_s100/pred-af3_fold3.csv,-2.44938,0.42605,dataset/full/test.csv,>=1 9-mer overlap,0.8743487735008676,0.8966251983176787,0.8032189750105887,0.7845283368889714,0.5662886346643784
af3,e5,s100,3,plots,plots,,250513/1_bulk,250513/1_bulk/2/plots/e5_s100/pred-af3_fold3.csv,250513/1_bulk/2/plots/e5_s100/pred-af3_fold3.csv,/home/hwjang/project/250513/1_bulk/2/plots/e5_s100/pred-af3_fold3.csv,250513/1_bulk/2/plots/e5_s100/pred-af3_fold3.csv,-2.44938,0.42605,dataset/full/test.csv,Exact 15-mer match,0.8584045078617828,0.8604892246979188,0.7652091254752852,0.7676644718641067,0.5374230910890871
af3,e5,s100,3,plots,plots,,250513/1_bulk,250513/1_bulk/2/plots/e5_s100/pred-af3_fold3.csv,250513/1_bulk/2/plots/e5_s100/pred-af3_fold3.csv,/home/hwjang/project/250513/1_bulk/2/plots/e5_s100/pred-af3_fold3.csv,250513/1_bulk/2/plots/e5_s100/pred-af3_fold3.csv,-2.44938,0.42605,dataset/full/test.csv,"9-mer overlap, not exact",0.9058555751414038,0.9777154632080124,0.9219350331819768,0.8718830610490111,0.5678177704827146
af3,e5,s100,4,plots,plots,,250513/1_bulk,250513/1_bulk/2/plots/e5_s100/pred-af3_fold4.csv,250513/1_bulk/2/plots/e5_s100/pred-af3_fold4.csv,/home/hwjang/project/250513/1_bulk/2/plots/e5_s100/pred-af3_fold4.csv,250513/1_bulk/2/plots/e5_s100/pred-af3_fold4.csv,-1.304,0.4353,dataset/full/test.csv,Overall,0.8804992898882371,0.9165973888559044,0.8276185676300377,0.7948585373924554,0.5755784059240017
af3,e5,s100,4,plots,plots,,250513/1_bulk,250513/1_bulk/2/plots/e5_s100/pred-af3_fold4.csv,250513/1_bulk/2/plots/e5_s100/pred-af3_fold4.csv,/home/hwjang/project/250513/1_bulk/2/plots/e5_s100/pred-af3_fold4.csv,250513/1_bulk/2/plots/e5_s100/pred-af3_fold4.csv,-1.304,0.4353,dataset/full/test.csv,No 9-mer overlap,0.8452933487673979,0.9947450296502244,0.949383847642326,0.9049349655700076,0.2273024199877269
af3,e5,s100,4,plots,plots,,250513/1_bulk,250513/1_bulk/2/plots/e5_s100/pred-af3_fold4.csv,250513/1_bulk/2/plots/e5_s100/pred-af3_fold4.csv,/home/hwjang/project/250513/1_bulk/2/plots/e5_s100/pred-af3_fold4.csv,250513/1_bulk/2/plots/e5_s100/pred-af3_fold4.csv,-1.304,0.4353,dataset/full/test.csv,>=1 9-mer overlap,0.8709469310367141,0.8938128482229756,0.8025648547839571,0.781513774232446,0.5603721494060818
af3,e5,s100,4,plots,plots,,250513/1_bulk,250513/1_bulk/2/plots/e5_s100/pred-af3_fold4.csv,250513/1_bulk/2/plots/e5_s100/pred-af3_fold4.csv,/home/hwjang/project/250513/1_bulk/2/plots/e5_s100/pred-af3_fold4.csv,250513/1_bulk/2/plots/e5_s100/pred-af3_fold4.csv,-1.304,0.4353,dataset/full/test.csv,Exact 15-mer match,0.856146961911775,0.857862013949221,0.7653269943059318,0.76511923864328,0.5338747072403349
af3,e5,s100,4,plots,plots,,250513/1_bulk,250513/1_bulk/2/plots/e5_s100/pred-af3_fold4.csv,250513/1_bulk/2/plots/e5_s100/pred-af3_fold4.csv,/home/hwjang/project/250513/1_bulk/2/plots/e5_s100/pred-af3_fold4.csv,250513/1_bulk/2/plots/e5_s100/pred-af3_fold4.csv,-1.304,0.4353,dataset/full/test.csv,"9-mer overlap, not exact",0.8991026120399552,0.9776623038718985,0.9192654192654192,0.8664373746059043,0.5336363550680147
af3,e5,s128,0,plots,plots,,250513/1_bulk,250513/1_bulk/4/plots/e5_s128/pred-af3_fold0.csv,250513/1_bulk/4/plots/e5_s128/pred-af3_fold0.csv,/home/hwjang/project/250513/1_bulk/4/plots/e5_s128/pred-af3_fold0.csv,250513/1_bulk/4/plots/e5_s128/pred-af3_fold0.csv,-1.12754,0.40374,dataset/full/test.csv,Overall,0.8993492426852767,0.9299800811265913,0.8406656191972576,0.8154367968232958,0.6214169186643185
af3,e5,s128,0,plots,plots,,250513/1_bulk,250513/1_bulk/4/plots/e5_s128/pred-af3_fold0.csv,250513/1_bulk/4/plots/e5_s128/pred-af3_fold0.csv,/home/hwjang/project/250513/1_bulk/4/plots/e5_s128/pred-af3_fold0.csv,250513/1_bulk/4/plots/e5_s128/pred-af3_fold0.csv,-1.12754,0.40374,dataset/full/test.csv,No 9-mer overlap,0.8592933930757174,0.9951650521694126,0.954158215010142,0.9135424636572304,0.2493335506644703
af3,e5,s128,0,plots,plots,,250513/1_bulk,250513/1_bulk/4/plots/e5_s128/pred-af3_fold0.csv,250513/1_bulk/4/plots/e5_s128/pred-af3_fold0.csv,/home/hwjang/project/250513/1_bulk/4/plots/e5_s128/pred-af3_fold0.csv,250513/1_bulk/4/plots/e5_s128/pred-af3_fold0.csv,-1.12754,0.40374,dataset/full/test.csv,>=1 9-mer overlap,0.8897755192558738,0.9093501033688494,0.8164167461211753,0.8035432705685929,0.6051519777827898
af3,e5,s128,0,plots,plots,,250513/1_bulk,250513/1_bulk/4/plots/e5_s128/pred-af3_fold0.csv,250513/1_bulk/4/plots/e5_s128/pred-af3_fold0.csv,/home/hwjang/project/250513/1_bulk/4/plots/e5_s128/pred-af3_fold0.csv,250513/1_bulk/4/plots/e5_s128/pred-af3_fold0.csv,-1.12754,0.40374,dataset/full/test.csv,Exact 15-mer match,0.8754418853737488,0.8760912404926292,0.7805537965574808,0.7890776296132352,0.5776449355091994
af3,e5,s128,0,plots,plots,,250513/1_bulk,250513/1_bulk/4/plots/e5_s128/pred-af3_fold0.csv,250513/1_bulk/4/plots/e5_s128/pred-af3_fold0.csv,/home/hwjang/project/250513/1_bulk/4/plots/e5_s128/pred-af3_fold0.csv,250513/1_bulk/4/plots/e5_s128/pred-af3_fold0.csv,-1.12754,0.40374,dataset/full/test.csv,"9-mer overlap, not exact",0.9227865023829448,0.9830346504876368,0.9256531650008768,0.87847520779593,0.5976335808466278
af3,e5,s128,1,plots,plots,,250513/1_bulk,250513/1_bulk/4/plots/e5_s128/pred-af3_fold1.csv,250513/1_bulk/4/plots/e5_s128/pred-af3_fold1.csv,/home/hwjang/project/250513/1_bulk/4/plots/e5_s128/pred-af3_fold1.csv,250513/1_bulk/4/plots/e5_s128/pred-af3_fold1.csv,2.9284,0.45175,dataset/full/test.csv,Overall,0.8758037195213951,0.91318446149134,0.8170762604509755,0.7909497021839841,0.5738517765211244
af3,e5,s128,1,plots,plots,,250513/1_bulk,250513/1_bulk/4/plots/e5_s128/pred-af3_fold1.csv,250513/1_bulk/4/plots/e5_s128/pred-af3_fold1.csv,/home/hwjang/project/250513/1_bulk/4/plots/e5_s128/pred-af3_fold1.csv,250513/1_bulk/4/plots/e5_s128/pred-af3_fold1.csv,2.9284,0.45175,dataset/full/test.csv,No 9-mer overlap,0.8528202245324088,0.9950805206587392,0.941273269567006,0.8907804131599082,0.24135371063038
af3,e5,s128,1,plots,plots,,250513/1_bulk,250513/1_bulk/4/plots/e5_s128/pred-af3_fold1.csv,250513/1_bulk/4/plots/e5_s128/pred-af3_fold1.csv,/home/hwjang/project/250513/1_bulk/4/plots/e5_s128/pred-af3_fold1.csv,250513/1_bulk/4/plots/e5_s128/pred-af3_fold1.csv,2.9284,0.45175,dataset/full/test.csv,>=1 9-mer overlap,0.8650955088692384,0.8888808757308218,0.7905567146151312,0.7788470457285966,0.5565373865643741
af3,e5,s128,1,plots,plots,,250513/1_bulk,250513/1_bulk/4/plots/e5_s128/pred-af3_fold1.csv,250513/1_bulk/4/plots/e5_s128/pred-af3_fold1.csv,/home/hwjang/project/250513/1_bulk/4/plots/e5_s128/pred-af3_fold1.csv,250513/1_bulk/4/plots/e5_s128/pred-af3_fold1.csv,2.9284,0.45175,dataset/full/test.csv,Exact 15-mer match,0.8490397815489527,0.8506777611586215,0.7514474530674309,0.7648425828584076,0.5283720984834234
af3,e5,s128,1,plots,plots,,250513/1_bulk,250513/1_bulk/4/plots/e5_s128/pred-af3_fold1.csv,250513/1_bulk/4/plots/e5_s128/pred-af3_fold1.csv,/home/hwjang/project/250513/1_bulk/4/plots/e5_s128/pred-af3_fold1.csv,250513/1_bulk/4/plots/e5_s128/pred-af3_fold1.csv,2.9284,0.45175,dataset/full/test.csv,"9-mer overlap, not exact",0.895796016357151,0.9771624166756492,0.908529593366852,0.851390083118372,0.5193406627070548
af3,e5,s128,2,plots,plots,,250513/1_bulk,250513/1_bulk/4/plots/e5_s128/pred-af3_fold2.csv,250513/1_bulk/4/plots/e5_s128/pred-af3_fold2.csv,/home/hwjang/project/250513/1_bulk/4/plots/e5_s128/pred-af3_fold2.csv,250513/1_bulk/4/plots/e5_s128/pred-af3_fold2.csv,2.11525,0.4575,dataset/full/test.csv,Overall,0.8603849478820913,0.9008821619977934,0.807093303128982,0.7745698213103904,0.5360008288463943
af3,e5,s128,2,plots,plots,,250513/1_bulk,250513/1_bulk/4/plots/e5_s128/pred-af3_fold2.csv,250513/1_bulk/4/plots/e5_s128/pred-af3_fold2.csv,/home/hwjang/project/250513/1_bulk/4/plots/e5_s128/pred-af3_fold2.csv,250513/1_bulk/4/plots/e5_s128/pred-af3_fold2.csv,2.11525,0.4575,dataset/full/test.csv,No 9-mer overlap,0.8416282199686518,0.9946092920754712,0.936016511867905,0.881407804131599,0.2034364061251729
af3,e5,s128,2,plots,plots,,250513/1_bulk,250513/1_bulk/4/plots/e5_s128/pred-af3_fold2.csv,250513/1_bulk/4/plots/e5_s128/pred-af3_fold2.csv,/home/hwjang/project/250513/1_bulk/4/plots/e5_s128/pred-af3_fold2.csv,250513/1_bulk/4/plots/e5_s128/pred-af3_fold2.csv,2.11525,0.4575,dataset/full/test.csv,>=1 9-mer overlap,0.849713143907358,0.8746096787702706,0.7804075703849276,0.7616176606993785,0.5201918482237492
af3,e5,s128,2,plots,plots,,250513/1_bulk,250513/1_bulk/4/plots/e5_s128/pred-af3_fold2.csv,250513/1_bulk/4/plots/e5_s128/pred-af3_fold2.csv,/home/hwjang/project/250513/1_bulk/4/plots/e5_s128/pred-af3_fold2.csv,250513/1_bulk/4/plots/e5_s128/pred-af3_fold2.csv,2.11525,0.4575,dataset/full/test.csv,Exact 15-mer match,0.8331307696619948,0.8337575867347156,0.7399543829020359,0.7445083826702816,0.4902283089295881
af3,e5,s128,2,plots,plots,,250513/1_bulk,250513/1_bulk/4/plots/e5_s128/pred-af3_fold2.csv,250513/1_bulk/4/plots/e5_s128/pred-af3_fold2.csv,/home/hwjang/project/250513/1_bulk/4/plots/e5_s128/pred-af3_fold2.csv,250513/1_bulk/4/plots/e5_s128/pred-af3_fold2.csv,2.11525,0.4575,dataset/full/test.csv,"9-mer overlap, not exact",0.8949002605511339,0.9769402260115864,0.9075303070524732,0.85024362281456,0.5222714173004633
af3,e5,s128,3,plots,plots,,250513/1_bulk,250513/1_bulk/4/plots/e5_s128/pred-af3_fold3.csv,250513/1_bulk/4/plots/e5_s128/pred-af3_fold3.csv,/home/hwjang/project/250513/1_bulk/4/plots/e5_s128/pred-af3_fold3.csv,250513/1_bulk/4/plots/e5_s128/pred-af3_fold3.csv,-5.53419,0.43048,dataset/full/test.csv,Overall,0.8810650074405948,0.9178778983787382,0.8229769302192701,0.7949619457313037,0.5794257655108077
af3,e5,s128,3,plots,plots,,250513/1_bulk,250513/1_bulk/4/plots/e5_s128/pred-af3_fold3.csv,250513/1_bulk/4/plots/e5_s128/pred-af3_fold3.csv,/home/hwjang/project/250513/1_bulk/4/plots/e5_s128/pred-af3_fold3.csv,250513/1_bulk/4/plots/e5_s128/pred-af3_fold3.csv,-5.53419,0.43048,dataset/full/test.csv,No 9-mer overlap,0.8404720497582426,0.9943780084088404,0.9395530841313974,0.8877199693955623,0.230681745553595
af3,e5,s128,3,plots,plots,,250513/1_bulk,250513/1_bulk/4/plots/e5_s128/pred-af3_fold3.csv,250513/1_bulk/4/plots/e5_s128/pred-af3_fold3.csv,/home/hwjang/project/250513/1_bulk/4/plots/e5_s128/pred-af3_fold3.csv,250513/1_bulk/4/plots/e5_s128/pred-af3_fold3.csv,-5.53419,0.43048,dataset/full/test.csv,>=1 9-mer overlap,0.8720014762048406,0.8960073178648184,0.7985224547987817,0.7837167238660606,0.565131751182514
af3,e5,s128,3,plots,plots,,250513/1_bulk,250513/1_bulk/4/plots/e5_s128/pred-af3_fold3.csv,250513/1_bulk/4/plots/e5_s128/pred-af3_fold3.csv,/home/hwjang/project/250513/1_bulk/4/plots/e5_s128/pred-af3_fold3.csv,250513/1_bulk/4/plots/e5_s128/pred-af3_fold3.csv,-5.53419,0.43048,dataset/full/test.csv,Exact 15-mer match,0.8576646559390142,0.8608688031174323,0.7620467249534184,0.7703480329773695,0.5403940462435449
af3,e5,s128,3,plots,plots,,250513/1_bulk,250513/1_bulk/4/plots/e5_s128/pred-af3_fold3.csv,250513/1_bulk/4/plots/e5_s128/pred-af3_fold3.csv,/home/hwjang/project/250513/1_bulk/4/plots/e5_s128/pred-af3_fold3.csv,250513/1_bulk/4/plots/e5_s128/pred-af3_fold3.csv,-5.53419,0.43048,dataset/full/test.csv,"9-mer overlap, not exact",0.8902067790775658,0.9757023515295938,0.910063113604488,0.8529664660361135,0.5114759682959062
af3,e5,s128,4,plots,plots,,250513/1_bulk,250513/1_bulk/4/plots/e5_s128/pred-af3_fold4.csv,250513/1_bulk/4/plots/e5_s128/pred-af3_fold4.csv,/home/hwjang/project/250513/1_bulk/4/plots/e5_s128/pred-af3_fold4.csv,250513/1_bulk/4/plots/e5_s128/pred-af3_fold4.csv,-1.45632,0.44374,dataset/full/test.csv,Overall,0.8803303615802044,0.9147407116084368,0.8291381955096918,0.797278292521509,0.5808829750422555
af3,e5,s128,4,plots,plots,,250513/1_bulk,250513/1_bulk/4/plots/e5_s128/pred-af3_fold4.csv,250513/1_bulk/4/plots/e5_s128/pred-af3_fold4.csv,/home/hwjang/project/250513/1_bulk/4/plots/e5_s128/pred-af3_fold4.csv,250513/1_bulk/4/plots/e5_s128/pred-af3_fold4.csv,-1.45632,0.44374,dataset/full/test.csv,No 9-mer overlap,0.8386858706307844,0.9942579173776565,0.9532406937823308,0.9118209640397856,0.232274213358076
af3,e5,s128,4,plots,plots,,250513/1_bulk,250513/1_bulk/4/plots/e5_s128/pred-af3_fold4.csv,250513/1_bulk/4/plots/e5_s128/pred-af3_fold4.csv,/home/hwjang/project/250513/1_bulk/4/plots/e5_s128/pred-af3_fold4.csv,250513/1_bulk/4/plots/e5_s128/pred-af3_fold4.csv,-1.45632,0.44374,dataset/full/test.csv,>=1 9-mer overlap,0.870265634648637,0.8911135444012261,0.803384621861121,0.7833920786568964,0.5640608287230584
af3,e5,s128,4,plots,plots,,250513/1_bulk,250513/1_bulk/4/plots/e5_s128/pred-af3_fold4.csv,250513/1_bulk/4/plots/e5_s128/pred-af3_fold4.csv,/home/hwjang/project/250513/1_bulk/4/plots/e5_s128/pred-af3_fold4.csv,250513/1_bulk/4/plots/e5_s128/pred-af3_fold4.csv,-1.45632,0.44374,dataset/full/test.csv,Exact 15-mer match,0.855937070031915,0.8545842368369918,0.7667552896864961,0.7670004979804128,0.537361180169197
af3,e5,s128,4,plots,plots,,250513/1_bulk,250513/1_bulk/4/plots/e5_s128/pred-af3_fold4.csv,250513/1_bulk/4/plots/e5_s128/pred-af3_fold4.csv,/home/hwjang/project/250513/1_bulk/4/plots/e5_s128/pred-af3_fold4.csv,250513/1_bulk/4/plots/e5_s128/pred-af3_fold4.csv,-1.45632,0.44374,dataset/full/test.csv,"9-mer overlap, not exact",0.906961433684098,0.9791477190883372,0.919393035698623,0.8683003725995987,0.5642646454126843
af3,e5,s42,0,plots,plots,,250513/1_bulk,250513/1_bulk/2/plots/e5_s42/pred-af3_fold0.csv,250513/1_bulk/2/plots/e5_s42/pred-af3_fold0.csv,/home/hwjang/project/250513/1_bulk/2/plots/e5_s42/pred-af3_fold0.csv,250513/1_bulk/2/plots/e5_s42/pred-af3_fold0.csv,5.47852,0.44382,dataset/full/test.csv,Overall,0.867147407436707,0.9076888240143322,0.8156696553656486,0.7823047650562541,0.550397900838794
af3,e5,s42,0,plots,plots,,250513/1_bulk,250513/1_bulk/2/plots/e5_s42/pred-af3_fold0.csv,250513/1_bulk/2/plots/e5_s42/pred-af3_fold0.csv,/home/hwjang/project/250513/1_bulk/2/plots/e5_s42/pred-af3_fold0.csv,250513/1_bulk/2/plots/e5_s42/pred-af3_fold0.csv,5.47852,0.44382,dataset/full/test.csv,No 9-mer overlap,0.8355579802052583,0.9943957180435024,0.9417306707629288,0.8911629686304514,0.1769016508217572
af3,e5,s42,0,plots,plots,,250513/1_bulk,250513/1_bulk/2/plots/e5_s42/pred-af3_fold0.csv,250513/1_bulk/2/plots/e5_s42/pred-af3_fold0.csv,/home/hwjang/project/250513/1_bulk/2/plots/e5_s42/pred-af3_fold0.csv,250513/1_bulk/2/plots/e5_s42/pred-af3_fold0.csv,5.47852,0.44382,dataset/full/test.csv,>=1 9-mer overlap,0.8568508192624613,0.8830987784953266,0.7896660258983079,0.7691076894536685,0.5351380827601918
af3,e5,s42,0,plots,plots,,250513/1_bulk,250513/1_bulk/2/plots/e5_s42/pred-af3_fold0.csv,250513/1_bulk/2/plots/e5_s42/pred-af3_fold0.csv,/home/hwjang/project/250513/1_bulk/2/plots/e5_s42/pred-af3_fold0.csv,250513/1_bulk/2/plots/e5_s42/pred-af3_fold0.csv,5.47852,0.44382,dataset/full/test.csv,Exact 15-mer match,0.8417938244838508,0.8451997321714012,0.7521663778162911,0.7547169811320755,0.5115095827871226
af3,e5,s42,0,plots,plots,,250513/1_bulk,250513/1_bulk/2/plots/e5_s42/pred-af3_fold0.csv,250513/1_bulk/2/plots/e5_s42/pred-af3_fold0.csv,/home/hwjang/project/250513/1_bulk/2/plots/e5_s42/pred-af3_fold0.csv,250513/1_bulk/2/plots/e5_s42/pred-af3_fold0.csv,5.47852,0.44382,dataset/full/test.csv,"9-mer overlap, not exact",0.8697696882289051,0.9710268449711298,0.9056636402939904,0.8436514760676411,0.449803420096267
af3,e5,s42,1,plots,plots,,250513/1_bulk,250513/1_bulk/2/plots/e5_s42/pred-af3_fold1.csv,250513/1_bulk/2/plots/e5_s42/pred-af3_fold1.csv,/home/hwjang/project/250513/1_bulk/2/plots/e5_s42/pred-af3_fold1.csv,250513/1_bulk/2/plots/e5_s42/pred-af3_fold1.csv,3.43876,0.46366,dataset/full/test.csv,Overall,0.8612212514497092,0.9020230031258292,0.8108060819204591,0.7763691264063534,0.5380057861758808
af3,e5,s42,1,plots,plots,,250513/1_bulk,250513/1_bulk/2/plots/e5_s42/pred-af3_fold1.csv,250513/1_bulk/2/plots/e5_s42/pred-af3_fold1.csv,/home/hwjang/project/250513/1_bulk/2/plots/e5_s42/pred-af3_fold1.csv,250513/1_bulk/2/plots/e5_s42/pred-af3_fold1.csv,3.43876,0.46366,dataset/full/test.csv,No 9-mer overlap,0.809025604670097,0.9930873494527774,0.94152585765489,0.8907804131599082,0.173063336522126
af3,e5,s42,1,plots,plots,,250513/1_bulk,250513/1_bulk/2/plots/e5_s42/pred-af3_fold1.csv,250513/1_bulk/2/plots/e5_s42/pred-af3_fold1.csv,/home/hwjang/project/250513/1_bulk/2/plots/e5_s42/pred-af3_fold1.csv,250513/1_bulk/2/plots/e5_s42/pred-af3_fold1.csv,3.43876,0.46366,dataset/full/test.csv,>=1 9-mer overlap,0.8506206520374351,0.8764482874726388,0.7838693340086098,0.7624988405528245,0.5217795241363399
af3,e5,s42,1,plots,plots,,250513/1_bulk,250513/1_bulk/2/plots/e5_s42/pred-af3_fold1.csv,250513/1_bulk/2/plots/e5_s42/pred-af3_fold1.csv,/home/hwjang/project/250513/1_bulk/2/plots/e5_s42/pred-af3_fold1.csv,250513/1_bulk/2/plots/e5_s42/pred-af3_fold1.csv,3.43876,0.46366,dataset/full/test.csv,Exact 15-mer match,0.8336772108862711,0.8356477699396259,0.7430323299888517,0.7449233663475904,0.4922606107016158
af3,e5,s42,1,plots,plots,,250513/1_bulk,250513/1_bulk/2/plots/e5_s42/pred-af3_fold1.csv,250513/1_bulk/2/plots/e5_s42/pred-af3_fold1.csv,/home/hwjang/project/250513/1_bulk/2/plots/e5_s42/pred-af3_fold1.csv,250513/1_bulk/2/plots/e5_s42/pred-af3_fold1.csv,3.43876,0.46366,dataset/full/test.csv,"9-mer overlap, not exact",0.8784652113787844,0.9725565797567736,0.9111922141119222,0.8535396961880195,0.495079826439771
af3,e5,s42,2,plots,plots,,250513/1_bulk,250513/1_bulk/2/plots/e5_s42/pred-af3_fold2.csv,250513/1_bulk/2/plots/e5_s42/pred-af3_fold2.csv,/home/hwjang/project/250513/1_bulk/2/plots/e5_s42/pred-af3_fold2.csv,250513/1_bulk/2/plots/e5_s42/pred-af3_fold2.csv,-1.92691,0.45459,dataset/full/test.csv,Overall,0.8663326193182721,0.9065556673995068,0.8165770238587781,0.7799470549305096,0.5438512041115064
af3,e5,s42,2,plots,plots,,250513/1_bulk,250513/1_bulk/2/plots/e5_s42/pred-af3_fold2.csv,250513/1_bulk/2/plots/e5_s42/pred-af3_fold2.csv,/home/hwjang/project/250513/1_bulk/2/plots/e5_s42/pred-af3_fold2.csv,250513/1_bulk/2/plots/e5_s42/pred-af3_fold2.csv,-1.92691,0.45459,dataset/full/test.csv,No 9-mer overlap,0.8027629006441322,0.9929224405848208,0.94779688613005,0.901874521805662,0.1812649964056786
af3,e5,s42,2,plots,plots,,250513/1_bulk,250513/1_bulk/2/plots/e5_s42/pred-af3_fold2.csv,250513/1_bulk/2/plots/e5_s42/pred-af3_fold2.csv,/home/hwjang/project/250513/1_bulk/2/plots/e5_s42/pred-af3_fold2.csv,250513/1_bulk/2/plots/e5_s42/pred-af3_fold2.csv,-1.92691,0.45459,dataset/full/test.csv,>=1 9-mer overlap,0.8560523496283791,0.8819368623113895,0.7898134119258629,0.7651655690566738,0.5275725641901593
af3,e5,s42,2,plots,plots,,250513/1_bulk,250513/1_bulk/2/plots/e5_s42/pred-af3_fold2.csv,250513/1_bulk/2/plots/e5_s42/pred-af3_fold2.csv,/home/hwjang/project/250513/1_bulk/2/plots/e5_s42/pred-af3_fold2.csv,250513/1_bulk/2/plots/e5_s42/pred-af3_fold2.csv,-1.92691,0.45459,dataset/full/test.csv,Exact 15-mer match,0.8390125522500016,0.8420991984100998,0.7497881413848719,0.7467769601062358,0.4988490910994279
af3,e5,s42,2,plots,plots,,250513/1_bulk,250513/1_bulk/2/plots/e5_s42/pred-af3_fold2.csv,250513/1_bulk/2/plots/e5_s42/pred-af3_fold2.csv,/home/hwjang/project/250513/1_bulk/2/plots/e5_s42/pred-af3_fold2.csv,250513/1_bulk/2/plots/e5_s42/pred-af3_fold2.csv,-1.92691,0.45459,dataset/full/test.csv,"9-mer overlap, not exact",0.8847037492061797,0.9738388349225992,0.9160344827586206,0.8604184580108913,0.5027559172222255
af3,e5,s42,3,plots,plots,,250513/1_bulk,250513/1_bulk/2/plots/e5_s42/pred-af3_fold3.csv,250513/1_bulk/2/plots/e5_s42/pred-af3_fold3.csv,/home/hwjang/project/250513/1_bulk/2/plots/e5_s42/pred-af3_fold3.csv,250513/1_bulk/2/plots/e5_s42/pred-af3_fold3.csv,-1.69388,0.45107,dataset/full/test.csv,Overall,0.8692370942302768,0.9093679678829104,0.8184841346820009,0.7832561217736598,0.5511527434325376
af3,e5,s42,3,plots,plots,,250513/1_bulk,250513/1_bulk/2/plots/e5_s42/pred-af3_fold3.csv,250513/1_bulk/2/plots/e5_s42/pred-af3_fold3.csv,/home/hwjang/project/250513/1_bulk/2/plots/e5_s42/pred-af3_fold3.csv,250513/1_bulk/2/plots/e5_s42/pred-af3_fold3.csv,-1.69388,0.45107,dataset/full/test.csv,No 9-mer overlap,0.8164278632866803,0.9935816571122816,0.9465415221383392,0.899770466717674,0.2022766133741504
af3,e5,s42,3,plots,plots,,250513/1_bulk,250513/1_bulk/2/plots/e5_s42/pred-af3_fold3.csv,250513/1_bulk/2/plots/e5_s42/pred-af3_fold3.csv,/home/hwjang/project/250513/1_bulk/2/plots/e5_s42/pred-af3_fold3.csv,250513/1_bulk/2/plots/e5_s42/pred-af3_fold3.csv,-1.69388,0.45107,dataset/full/test.csv,>=1 9-mer overlap,0.8593873745589728,0.8858020923725768,0.7922977427295865,0.7691308783971802,0.5354131674221709
af3,e5,s42,3,plots,plots,,250513/1_bulk,250513/1_bulk/2/plots/e5_s42/pred-af3_fold3.csv,250513/1_bulk/2/plots/e5_s42/pred-af3_fold3.csv,/home/hwjang/project/250513/1_bulk/2/plots/e5_s42/pred-af3_fold3.csv,250513/1_bulk/2/plots/e5_s42/pred-af3_fold3.csv,-1.69388,0.45107,dataset/full/test.csv,Exact 15-mer match,0.8430104814943535,0.8476846236650943,0.7522136099081456,0.7514801084490677,0.5068393763107698
af3,e5,s42,3,plots,plots,,250513/1_bulk,250513/1_bulk/2/plots/e5_s42/pred-af3_fold3.csv,250513/1_bulk/2/plots/e5_s42/pred-af3_fold3.csv,/home/hwjang/project/250513/1_bulk/2/plots/e5_s42/pred-af3_fold3.csv,250513/1_bulk/2/plots/e5_s42/pred-af3_fold3.csv,-1.69388,0.45107,dataset/full/test.csv,"9-mer overlap, not exact",0.8837348432241867,0.9741341943388968,0.9167023371286704,0.8605617655488679,0.4891557421107921
af3,e5,s42,4,plots,plots,,250513/1_bulk,250513/1_bulk/2/plots/e5_s42/pred-af3_fold4.csv,250513/1_bulk/2/plots/e5_s42/pred-af3_fold4.csv,/home/hwjang/project/250513/1_bulk/2/plots/e5_s42/pred-af3_fold4.csv,250513/1_bulk/2/plots/e5_s42/pred-af3_fold4.csv,-2.78311,0.4366,dataset/full/test.csv,Overall,0.8837242916504335,0.9192106834187777,0.8255100943091763,0.7987260092653872,0.5878855089984677
af3,e5,s42,4,plots,plots,,250513/1_bulk,250513/1_bulk/2/plots/e5_s42/pred-af3_fold4.csv,250513/1_bulk/2/plots/e5_s42/pred-af3_fold4.csv,/home/hwjang/project/250513/1_bulk/2/plots/e5_s42/pred-af3_fold4.csv,250513/1_bulk/2/plots/e5_s42/pred-af3_fold4.csv,-2.78311,0.4366,dataset/full/test.csv,No 9-mer overlap,0.8392134165591267,0.9943373940660496,0.946109009101135,0.8991966335118592,0.2347638337866643
af3,e5,s42,4,plots,plots,,250513/1_bulk,250513/1_bulk/2/plots/e5_s42/pred-af3_fold4.csv,250513/1_bulk/2/plots/e5_s42/pred-af3_fold4.csv,/home/hwjang/project/250513/1_bulk/2/plots/e5_s42/pred-af3_fold4.csv,250513/1_bulk/2/plots/e5_s42/pred-af3_fold4.csv,-2.78311,0.4366,dataset/full/test.csv,>=1 9-mer overlap,0.873587224114178,0.8966157136171797,0.7998695510381563,0.7865457749744922,0.571194322368467
af3,e5,s42,4,plots,plots,,250513/1_bulk,250513/1_bulk/2/plots/e5_s42/pred-af3_fold4.csv,250513/1_bulk/2/plots/e5_s42/pred-af3_fold4.csv,/home/hwjang/project/250513/1_bulk/2/plots/e5_s42/pred-af3_fold4.csv,250513/1_bulk/2/plots/e5_s42/pred-af3_fold4.csv,-2.78311,0.4366,dataset/full/test.csv,Exact 15-mer match,0.858385034844289,0.8605770892118882,0.7629851433836232,0.7722569578929895,0.5439326299656176
af3,e5,s42,4,plots,plots,,250513/1_bulk,250513/1_bulk/2/plots/e5_s42/pred-af3_fold4.csv,250513/1_bulk/2/plots/e5_s42/pred-af3_fold4.csv,/home/hwjang/project/250513/1_bulk/2/plots/e5_s42/pred-af3_fold4.csv,250513/1_bulk/2/plots/e5_s42/pred-af3_fold4.csv,-2.78311,0.4366,dataset/full/test.csv,"9-mer overlap, not exact",0.9131680703191306,0.9810497079871292,0.9136109384711,0.8605617655488679,0.5628446091197337
blosum,e3,s100,0,plots,plots,,260905/9_blosum_rerun/1_bulk,260905/9_blosum_rerun/1_bulk/plots/e3_s100/pred-blosum_fold0.csv,260905/9_blosum_rerun/1_bulk/plots/e3_s100/pred-blosum_fold0.csv,/home/hwjang/project/260905/9_blosum_rerun/1_bulk/plots/e3_s100/pred-blosum_fold0.csv,260905/9_blosum_rerun/1_bulk/plots/e3_s100/pred-blosum_fold0.csv,,,dataset/full/test.csv,Overall,0.877346130199568,0.91231116707252,0.8209487938301497,0.7935349106551952,0.5773163518155084
blosum,e3,s100,0,plots,plots,,260905/9_blosum_rerun/1_bulk,260905/9_blosum_rerun/1_bulk/plots/e3_s100/pred-blosum_fold0.csv,260905/9_blosum_rerun/1_bulk/plots/e3_s100/pred-blosum_fold0.csv,/home/hwjang/project/260905/9_blosum_rerun/1_bulk/plots/e3_s100/pred-blosum_fold0.csv,260905/9_blosum_rerun/1_bulk/plots/e3_s100/pred-blosum_fold0.csv,,,dataset/full/test.csv,No 9-mer overlap,0.7601452205169673,0.9904602716917796,0.9328381306097184,0.8754781943381791,0.142327445574358
blosum,e3,s100,0,plots,plots,,260905/9_blosum_rerun/1_bulk,260905/9_blosum_rerun/1_bulk/plots/e3_s100/pred-blosum_fold0.csv,260905/9_blosum_rerun/1_bulk/plots/e3_s100/pred-blosum_fold0.csv,/home/hwjang/project/260905/9_blosum_rerun/1_bulk/plots/e3_s100/pred-blosum_fold0.csv,260905/9_blosum_rerun/1_bulk/plots/e3_s100/pred-blosum_fold0.csv,,,dataset/full/test.csv,>=1 9-mer overlap,0.8693864052822782,0.8906478060138774,0.7974034996309323,0.783600779148502,0.5651833370247954
blosum,e3,s100,0,plots,plots,,260905/9_blosum_rerun/1_bulk,260905/9_blosum_rerun/1_bulk/plots/e3_s100/pred-blosum_fold0.csv,260905/9_blosum_rerun/1_bulk/plots/e3_s100/pred-blosum_fold0.csv,/home/hwjang/project/260905/9_blosum_rerun/1_bulk/plots/e3_s100/pred-blosum_fold0.csv,260905/9_blosum_rerun/1_bulk/plots/e3_s100/pred-blosum_fold0.csv,,,dataset/full/test.csv,Exact 15-mer match,0.854526830484127,0.8535464283510525,0.7583989805375347,0.7692137442593925,0.5375150583764778
blosum,e3,s100,0,plots,plots,,260905/9_blosum_rerun/1_bulk,260905/9_blosum_rerun/1_bulk/plots/e3_s100/pred-blosum_fold0.csv,260905/9_blosum_rerun/1_bulk/plots/e3_s100/pred-blosum_fold0.csv,/home/hwjang/project/260905/9_blosum_rerun/1_bulk/plots/e3_s100/pred-blosum_fold0.csv,260905/9_blosum_rerun/1_bulk/plots/e3_s100/pred-blosum_fold0.csv,,,dataset/full/test.csv,"9-mer overlap, not exact",0.8805889405243073,0.9725243161533256,0.9141668111669846,0.8581255374032674,0.5063224328272724
blosum,e3,s100,1,plots,plots,,260905/9_blosum_rerun/1_bulk,260905/9_blosum_rerun/1_bulk/plots/e3_s100/pred-blosum_fold1.csv,260905/9_blosum_rerun/1_bulk/plots/e3_s100/pred-blosum_fold1.csv,/home/hwjang/project/260905/9_blosum_rerun/1_bulk/plots/e3_s100/pred-blosum_fold1.csv,260905/9_blosum_rerun/1_bulk/plots/e3_s100/pred-blosum_fold1.csv,,,dataset/full/test.csv,Overall,0.8677475305501057,0.9044405419515444,0.8116855065159478,0.7836283917935142,0.5577471537896512
blosum,e3,s100,1,plots,plots,,260905/9_blosum_rerun/1_bulk,260905/9_blosum_rerun/1_bulk/plots/e3_s100/pred-blosum_fold1.csv,260905/9_blosum_rerun/1_bulk/plots/e3_s100/pred-blosum_fold1.csv,/home/hwjang/project/260905/9_blosum_rerun/1_bulk/plots/e3_s100/pred-blosum_fold1.csv,260905/9_blosum_rerun/1_bulk/plots/e3_s100/pred-blosum_fold1.csv,,,dataset/full/test.csv,No 9-mer overlap,0.7307757279026104,0.9884029416639272,0.9258758706726272,0.863618974751339,0.1494599808443336
blosum,e3,s100,1,plots,plots,,260905/9_blosum_rerun/1_bulk,260905/9_blosum_rerun/1_bulk/plots/e3_s100/pred-blosum_fold1.csv,260905/9_blosum_rerun/1_bulk/plots/e3_s100/pred-blosum_fold1.csv,/home/hwjang/project/260905/9_blosum_rerun/1_bulk/plots/e3_s100/pred-blosum_fold1.csv,260905/9_blosum_rerun/1_bulk/plots/e3_s100/pred-blosum_fold1.csv,,,dataset/full/test.csv,>=1 9-mer overlap,0.8607422064227443,0.8825295899674515,0.7877745608115463,0.7739309897041091,0.5459421629157578
blosum,e3,s100,1,plots,plots,,260905/9_blosum_rerun/1_bulk,260905/9_blosum_rerun/1_bulk/plots/e3_s100/pred-blosum_fold1.csv,260905/9_blosum_rerun/1_bulk/plots/e3_s100/pred-blosum_fold1.csv,/home/hwjang/project/260905/9_blosum_rerun/1_bulk/plots/e3_s100/pred-blosum_fold1.csv,260905/9_blosum_rerun/1_bulk/plots/e3_s100/pred-blosum_fold1.csv,,,dataset/full/test.csv,Exact 15-mer match,0.8471115983995585,0.8461725221131892,0.7496522948539638,0.7609694018701931,0.5209701867420138
blosum,e3,s100,1,plots,plots,,260905/9_blosum_rerun/1_bulk,260905/9_blosum_rerun/1_bulk/plots/e3_s100/pred-blosum_fold1.csv,260905/9_blosum_rerun/1_bulk/plots/e3_s100/pred-blosum_fold1.csv,/home/hwjang/project/260905/9_blosum_rerun/1_bulk/plots/e3_s100/pred-blosum_fold1.csv,260905/9_blosum_rerun/1_bulk/plots/e3_s100/pred-blosum_fold1.csv,,,dataset/full/test.csv,"9-mer overlap, not exact",0.8614684044655735,0.9666487890935896,0.9029321663019694,0.8410719403840642,0.4681386786493068
blosum,e3,s100,2,plots,plots,,260905/9_blosum_rerun/1_bulk,260905/9_blosum_rerun/1_bulk/plots/e3_s100/pred-blosum_fold2.csv,260905/9_blosum_rerun/1_bulk/plots/e3_s100/pred-blosum_fold2.csv,/home/hwjang/project/260905/9_blosum_rerun/1_bulk/plots/e3_s100/pred-blosum_fold2.csv,260905/9_blosum_rerun/1_bulk/plots/e3_s100/pred-blosum_fold2.csv,,,dataset/full/test.csv,Overall,0.8686201949895693,0.9036033390483312,0.8160851567120048,0.7877440436796823,0.5652894363043263
blosum,e3,s100,2,plots,plots,,260905/9_blosum_rerun/1_bulk,260905/9_blosum_rerun/1_bulk/plots/e3_s100/pred-blosum_fold2.csv,260905/9_blosum_rerun/1_bulk/plots/e3_s100/pred-blosum_fold2.csv,/home/hwjang/project/260905/9_blosum_rerun/1_bulk/plots/e3_s100/pred-blosum_fold2.csv,260905/9_blosum_rerun/1_bulk/plots/e3_s100/pred-blosum_fold2.csv,,,dataset/full/test.csv,No 9-mer overlap,0.7233817770959219,0.9873472053645272,0.9230448818077684,0.858645753634277,0.1293745875664561
blosum,e3,s100,2,plots,plots,,260905/9_blosum_rerun/1_bulk,260905/9_blosum_rerun/1_bulk/plots/e3_s100/pred-blosum_fold2.csv,260905/9_blosum_rerun/1_bulk/plots/e3_s100/pred-blosum_fold2.csv,/home/hwjang/project/260905/9_blosum_rerun/1_bulk/plots/e3_s100/pred-blosum_fold2.csv,260905/9_blosum_rerun/1_bulk/plots/e3_s100/pred-blosum_fold2.csv,,,dataset/full/test.csv,>=1 9-mer overlap,0.8618651087736223,0.8820318346524185,0.7938528138528138,0.7791485019942491,0.556055211546495
blosum,e3,s100,2,plots,plots,,260905/9_blosum_rerun/1_bulk,260905/9_blosum_rerun/1_bulk/plots/e3_s100/pred-blosum_fold2.csv,260905/9_blosum_rerun/1_bulk/plots/e3_s100/pred-blosum_fold2.csv,/home/hwjang/project/260905/9_blosum_rerun/1_bulk/plots/e3_s100/pred-blosum_fold2.csv,260905/9_blosum_rerun/1_bulk/plots/e3_s100/pred-blosum_fold2.csv,,,dataset/full/test.csv,Exact 15-mer match,0.8480103567117729,0.8452551699415011,0.7562386667817977,0.7657002157915122,0.5308174526909407
blosum,e3,s100,2,plots,plots,,260905/9_blosum_rerun/1_bulk,260905/9_blosum_rerun/1_bulk/plots/e3_s100/pred-blosum_fold2.csv,260905/9_blosum_rerun/1_bulk/plots/e3_s100/pred-blosum_fold2.csv,/home/hwjang/project/260905/9_blosum_rerun/1_bulk/plots/e3_s100/pred-blosum_fold2.csv,260905/9_blosum_rerun/1_bulk/plots/e3_s100/pred-blosum_fold2.csv,,,dataset/full/test.csv,"9-mer overlap, not exact",0.8694485248295141,0.9686745734340336,0.907916557563062,0.8488105474347951,0.4882904857290789
blosum,e3,s100,3,plots,plots,,260905/9_blosum_rerun/1_bulk,260905/9_blosum_rerun/1_bulk/plots/e3_s100/pred-blosum_fold3.csv,260905/9_blosum_rerun/1_bulk/plots/e3_s100/pred-blosum_fold3.csv,/home/hwjang/project/260905/9_blosum_rerun/1_bulk/plots/e3_s100/pred-blosum_fold3.csv,260905/9_blosum_rerun/1_bulk/plots/e3_s100/pred-blosum_fold3.csv,,,dataset/full/test.csv,Overall,0.8599329441758062,0.8994575184508131,0.8072411039133908,0.7753764063534083,0.5381404850050007
blosum,e3,s100,3,plots,plots,,260905/9_blosum_rerun/1_bulk,260905/9_blosum_rerun/1_bulk/plots/e3_s100/pred-blosum_fold3.csv,260905/9_blosum_rerun/1_bulk/plots/e3_s100/pred-blosum_fold3.csv,/home/hwjang/project/260905/9_blosum_rerun/1_bulk/plots/e3_s100/pred-blosum_fold3.csv,260905/9_blosum_rerun/1_bulk/plots/e3_s100/pred-blosum_fold3.csv,,,dataset/full/test.csv,No 9-mer overlap,0.7597353685621397,0.9904197381592726,0.9267482880265616,0.8649579188982403,0.1319973776643715
blosum,e3,s100,3,plots,plots,,260905/9_blosum_rerun/1_bulk,260905/9_blosum_rerun/1_bulk/plots/e3_s100/pred-blosum_fold3.csv,260905/9_blosum_rerun/1_bulk/plots/e3_s100/pred-blosum_fold3.csv,/home/hwjang/project/260905/9_blosum_rerun/1_bulk/plots/e3_s100/pred-blosum_fold3.csv,260905/9_blosum_rerun/1_bulk/plots/e3_s100/pred-blosum_fold3.csv,,,dataset/full/test.csv,>=1 9-mer overlap,0.8516283486519065,0.8753854616218213,0.7825807694778084,0.7645162786383453,0.5261084579923989
blosum,e3,s100,3,plots,plots,,260905/9_blosum_rerun/1_bulk,260905/9_blosum_rerun/1_bulk/plots/e3_s100/pred-blosum_fold3.csv,260905/9_blosum_rerun/1_bulk/plots/e3_s100/pred-blosum_fold3.csv,/home/hwjang/project/260905/9_blosum_rerun/1_bulk/plots/e3_s100/pred-blosum_fold3.csv,260905/9_blosum_rerun/1_bulk/plots/e3_s100/pred-blosum_fold3.csv,,,dataset/full/test.csv,Exact 15-mer match,0.8360549764832015,0.8346429158508872,0.7429073990013618,0.7492945277485752,0.4990706223898872
blosum,e3,s100,3,plots,plots,,260905/9_blosum_rerun/1_bulk,260905/9_blosum_rerun/1_bulk/plots/e3_s100/pred-blosum_fold3.csv,260905/9_blosum_rerun/1_bulk/plots/e3_s100/pred-blosum_fold3.csv,/home/hwjang/project/260905/9_blosum_rerun/1_bulk/plots/e3_s100/pred-blosum_fold3.csv,260905/9_blosum_rerun/1_bulk/plots/e3_s100/pred-blosum_fold3.csv,,,dataset/full/test.csv,"9-mer overlap, not exact",0.8698897257387722,0.96997877979143,0.9046164586787678,0.8433648609916882,0.4693291868991607
blosum,e3,s100,4,plots,plots,,260905/9_blosum_rerun/1_bulk,260905/9_blosum_rerun/1_bulk/plots/e3_s100/pred-blosum_fold4.csv,260905/9_blosum_rerun/1_bulk/plots/e3_s100/pred-blosum_fold4.csv,/home/hwjang/project/260905/9_blosum_rerun/1_bulk/plots/e3_s100/pred-blosum_fold4.csv,260905/9_blosum_rerun/1_bulk/plots/e3_s100/pred-blosum_fold4.csv,,,dataset/full/test.csv,Overall,0.8723992167121584,0.907214072739794,0.8203399353841831,0.7883851753805426,0.5633125159530918
blosum,e3,s100,4,plots,plots,,260905/9_blosum_rerun/1_bulk,260905/9_blosum_rerun/1_bulk/plots/e3_s100/pred-blosum_fold4.csv,260905/9_blosum_rerun/1_bulk/plots/e3_s100/pred-blosum_fold4.csv,/home/hwjang/project/260905/9_blosum_rerun/1_bulk/plots/e3_s100/pred-blosum_fold4.csv,260905/9_blosum_rerun/1_bulk/plots/e3_s100/pred-blosum_fold4.csv,,,dataset/full/test.csv,No 9-mer overlap,0.7440322232253133,0.9882834005163896,0.9354473386183464,0.8800688599846977,0.1537453598339845
blosum,e3,s100,4,plots,plots,,260905/9_blosum_rerun/1_bulk,260905/9_blosum_rerun/1_bulk/plots/e3_s100/pred-blosum_fold4.csv,260905/9_blosum_rerun/1_bulk/plots/e3_s100/pred-blosum_fold4.csv,/home/hwjang/project/260905/9_blosum_rerun/1_bulk/plots/e3_s100/pred-blosum_fold4.csv,260905/9_blosum_rerun/1_bulk/plots/e3_s100/pred-blosum_fold4.csv,,,dataset/full/test.csv,>=1 9-mer overlap,0.8652576150211676,0.8856977851533429,0.7966722411566713,0.7772701975697988,0.5516291069599903
blosum,e3,s100,4,plots,plots,,260905/9_blosum_rerun/1_bulk,260905/9_blosum_rerun/1_bulk/plots/e3_s100/pred-blosum_fold4.csv,260905/9_blosum_rerun/1_bulk/plots/e3_s100/pred-blosum_fold4.csv,/home/hwjang/project/260905/9_blosum_rerun/1_bulk/plots/e3_s100/pred-blosum_fold4.csv,260905/9_blosum_rerun/1_bulk/plots/e3_s100/pred-blosum_fold4.csv,,,dataset/full/test.csv,Exact 15-mer match,0.8514098113316533,0.849088414316704,0.7592447333034513,0.7622420184806065,0.526318860886032
blosum,e3,s100,4,plots,plots,,260905/9_blosum_rerun/1_bulk,260905/9_blosum_rerun/1_bulk/plots/e3_s100/pred-blosum_fold4.csv,260905/9_blosum_rerun/1_bulk/plots/e3_s100/pred-blosum_fold4.csv,/home/hwjang/project/260905/9_blosum_rerun/1_bulk/plots/e3_s100/pred-blosum_fold4.csv,260905/9_blosum_rerun/1_bulk/plots/e3_s100/pred-blosum_fold4.csv,,,dataset/full/test.csv,"9-mer overlap, not exact",0.8730638201900421,0.9691835442894952,0.9124144503162088,0.8551160791057609,0.4941886236770293
blosum,e3,s128,0,plots,plots,,260905/9_blosum_rerun/1_bulk,260905/9_blosum_rerun/1_bulk/plots/e3_s128/pred-blosum_fold0.csv,260905/9_blosum_rerun/1_bulk/plots/e3_s128/pred-blosum_fold0.csv,/home/hwjang/project/260905/9_blosum_rerun/1_bulk/plots/e3_s128/pred-blosum_fold0.csv,260905/9_blosum_rerun/1_bulk/plots/e3_s128/pred-blosum_fold0.csv,,,dataset/full/test.csv,Overall,0.8711096905546212,0.9078505305087646,0.8190549770855647,0.7868754136333554,0.5601959060473779
blosum,e3,s128,0,plots,plots,,260905/9_blosum_rerun/1_bulk,260905/9_blosum_rerun/1_bulk/plots/e3_s128/pred-blosum_fold0.csv,260905/9_blosum_rerun/1_bulk/plots/e3_s128/pred-blosum_fold0.csv,/home/hwjang/project/260905/9_blosum_rerun/1_bulk/plots/e3_s128/pred-blosum_fold0.csv,260905/9_blosum_rerun/1_bulk/plots/e3_s128/pred-blosum_fold0.csv,,,dataset/full/test.csv,No 9-mer overlap,0.7644555892175704,0.9909244529994023,0.9407187468004504,0.8892501912777353,0.1543287189442121
blosum,e3,s128,0,plots,plots,,260905/9_blosum_rerun/1_bulk,260905/9_blosum_rerun/1_bulk/plots/e3_s128/pred-blosum_fold0.csv,260905/9_blosum_rerun/1_bulk/plots/e3_s128/pred-blosum_fold0.csv,/home/hwjang/project/260905/9_blosum_rerun/1_bulk/plots/e3_s128/pred-blosum_fold0.csv,260905/9_blosum_rerun/1_bulk/plots/e3_s128/pred-blosum_fold0.csv,,,dataset/full/test.csv,>=1 9-mer overlap,0.8626521331418175,0.8852640053349671,0.7938708036622584,0.7744643354048789,0.5459649063871929
blosum,e3,s128,0,plots,plots,,260905/9_blosum_rerun/1_bulk,260905/9_blosum_rerun/1_bulk/plots/e3_s128/pred-blosum_fold0.csv,260905/9_blosum_rerun/1_bulk/plots/e3_s128/pred-blosum_fold0.csv,/home/hwjang/project/260905/9_blosum_rerun/1_bulk/plots/e3_s128/pred-blosum_fold0.csv,260905/9_blosum_rerun/1_bulk/plots/e3_s128/pred-blosum_fold0.csv,,,dataset/full/test.csv,Exact 15-mer match,0.8462883248799438,0.8464770157255198,0.7535254789594921,0.7572622143529021,0.5160291061884602
blosum,e3,s128,0,plots,plots,,260905/9_blosum_rerun/1_bulk,260905/9_blosum_rerun/1_bulk/plots/e3_s128/pred-blosum_fold0.csv,260905/9_blosum_rerun/1_bulk/plots/e3_s128/pred-blosum_fold0.csv,/home/hwjang/project/260905/9_blosum_rerun/1_bulk/plots/e3_s128/pred-blosum_fold0.csv,260905/9_blosum_rerun/1_bulk/plots/e3_s128/pred-blosum_fold0.csv,,,dataset/full/test.csv,"9-mer overlap, not exact",0.8849168194956347,0.9731126366164358,0.917831866045227,0.8635712238463743,0.5163899637705511
blosum,e3,s128,1,plots,plots,,260905/9_blosum_rerun/1_bulk,260905/9_blosum_rerun/1_bulk/plots/e3_s128/pred-blosum_fold1.csv,260905/9_blosum_rerun/1_bulk/plots/e3_s128/pred-blosum_fold1.csv,/home/hwjang/project/260905/9_blosum_rerun/1_bulk/plots/e3_s128/pred-blosum_fold1.csv,260905/9_blosum_rerun/1_bulk/plots/e3_s128/pred-blosum_fold1.csv,,,dataset/full/test.csv,Overall,0.8661843812743233,0.9033035586543336,0.8099563097115716,0.7831940767703508,0.5584037863635692
blosum,e3,s128,1,plots,plots,,260905/9_blosum_rerun/1_bulk,260905/9_blosum_rerun/1_bulk/plots/e3_s128/pred-blosum_fold1.csv,260905/9_blosum_rerun/1_bulk/plots/e3_s128/pred-blosum_fold1.csv,/home/hwjang/project/260905/9_blosum_rerun/1_bulk/plots/e3_s128/pred-blosum_fold1.csv,260905/9_blosum_rerun/1_bulk/plots/e3_s128/pred-blosum_fold1.csv,,,dataset/full/test.csv,No 9-mer overlap,0.7422875831473308,0.9894435246269696,0.9233173577828714,0.8592195868400918,0.1422192521849968
blosum,e3,s128,1,plots,plots,,260905/9_blosum_rerun/1_bulk,260905/9_blosum_rerun/1_bulk/plots/e3_s128/pred-blosum_fold1.csv,260905/9_blosum_rerun/1_bulk/plots/e3_s128/pred-blosum_fold1.csv,/home/hwjang/project/260905/9_blosum_rerun/1_bulk/plots/e3_s128/pred-blosum_fold1.csv,260905/9_blosum_rerun/1_bulk/plots/e3_s128/pred-blosum_fold1.csv,,,dataset/full/test.csv,>=1 9-mer overlap,0.8586317882065919,0.8805140714935356,0.7860764216579242,0.7739773675911326,0.5467090046264899
blosum,e3,s128,1,plots,plots,,260905/9_blosum_rerun/1_bulk,260905/9_blosum_rerun/1_bulk/plots/e3_s128/pred-blosum_fold1.csv,260905/9_blosum_rerun/1_bulk/plots/e3_s128/pred-blosum_fold1.csv,/home/hwjang/project/260905/9_blosum_rerun/1_bulk/plots/e3_s128/pred-blosum_fold1.csv,260905/9_blosum_rerun/1_bulk/plots/e3_s128/pred-blosum_fold1.csv,,,dataset/full/test.csv,Exact 15-mer match,0.8437654843821198,0.8415878241433832,0.7467471574258586,0.7609140707132186,0.520428238890294
blosum,e3,s128,1,plots,plots,,260905/9_blosum_rerun/1_bulk,260905/9_blosum_rerun/1_bulk/plots/e3_s128/pred-blosum_fold1.csv,260905/9_blosum_rerun/1_bulk/plots/e3_s128/pred-blosum_fold1.csv,/home/hwjang/project/260905/9_blosum_rerun/1_bulk/plots/e3_s128/pred-blosum_fold1.csv,260905/9_blosum_rerun/1_bulk/plots/e3_s128/pred-blosum_fold1.csv,,,dataset/full/test.csv,"9-mer overlap, not exact",0.8608167298755409,0.9667472339723666,0.9034006469096948,0.8416451705359702,0.4673536475943636
blosum,e3,s128,2,plots,plots,,260905/9_blosum_rerun/1_bulk,260905/9_blosum_rerun/1_bulk/plots/e3_s128/pred-blosum_fold2.csv,260905/9_blosum_rerun/1_bulk/plots/e3_s128/pred-blosum_fold2.csv,/home/hwjang/project/260905/9_blosum_rerun/1_bulk/plots/e3_s128/pred-blosum_fold2.csv,260905/9_blosum_rerun/1_bulk/plots/e3_s128/pred-blosum_fold2.csv,,,dataset/full/test.csv,Overall,0.8841546243614625,0.9172279010832858,0.8299570936203137,0.8000082726671078,0.587503839407226
blosum,e3,s128,2,plots,plots,,260905/9_blosum_rerun/1_bulk,260905/9_blosum_rerun/1_bulk/plots/e3_s128/pred-blosum_fold2.csv,260905/9_blosum_rerun/1_bulk/plots/e3_s128/pred-blosum_fold2.csv,/home/hwjang/project/260905/9_blosum_rerun/1_bulk/plots/e3_s128/pred-blosum_fold2.csv,260905/9_blosum_rerun/1_bulk/plots/e3_s128/pred-blosum_fold2.csv,,,dataset/full/test.csv,No 9-mer overlap,0.8020484289931489,0.992597083212255,0.9439509954058192,0.8949885233358837,0.1648931194189256
blosum,e3,s128,2,plots,plots,,260905/9_blosum_rerun/1_bulk,260905/9_blosum_rerun/1_bulk/plots/e3_s128/pred-blosum_fold2.csv,260905/9_blosum_rerun/1_bulk/plots/e3_s128/pred-blosum_fold2.csv,/home/hwjang/project/260905/9_blosum_rerun/1_bulk/plots/e3_s128/pred-blosum_fold2.csv,260905/9_blosum_rerun/1_bulk/plots/e3_s128/pred-blosum_fold2.csv,,,dataset/full/test.csv,>=1 9-mer overlap,0.8760263601339294,0.895702223636182,0.8062371210672785,0.7884936462294778,0.5742949954096828
blosum,e3,s128,2,plots,plots,,260905/9_blosum_rerun/1_bulk,260905/9_blosum_rerun/1_bulk/plots/e3_s128/pred-blosum_fold2.csv,260905/9_blosum_rerun/1_bulk/plots/e3_s128/pred-blosum_fold2.csv,/home/hwjang/project/260905/9_blosum_rerun/1_bulk/plots/e3_s128/pred-blosum_fold2.csv,260905/9_blosum_rerun/1_bulk/plots/e3_s128/pred-blosum_fold2.csv,,,dataset/full/test.csv,Exact 15-mer match,0.8627326959233115,0.8611342978897364,0.7699819372318808,0.7745255353289437,0.5500957319199693
blosum,e3,s128,2,plots,plots,,260905/9_blosum_rerun/1_bulk,260905/9_blosum_rerun/1_bulk/plots/e3_s128/pred-blosum_fold2.csv,260905/9_blosum_rerun/1_bulk/plots/e3_s128/pred-blosum_fold2.csv,/home/hwjang/project/260905/9_blosum_rerun/1_bulk/plots/e3_s128/pred-blosum_fold2.csv,260905/9_blosum_rerun/1_bulk/plots/e3_s128/pred-blosum_fold2.csv,,,dataset/full/test.csv,"9-mer overlap, not exact",0.8803872953130472,0.9723732110218666,0.9165879219998282,0.8608483806248208,0.4971495623995938
blosum,e3,s128,3,plots,plots,,260905/9_blosum_rerun/1_bulk,260905/9_blosum_rerun/1_bulk/plots/e3_s128/pred-blosum_fold3.csv,260905/9_blosum_rerun/1_bulk/plots/e3_s128/pred-blosum_fold3.csv,/home/hwjang/project/260905/9_blosum_rerun/1_bulk/plots/e3_s128/pred-blosum_fold3.csv,260905/9_blosum_rerun/1_bulk/plots/e3_s128/pred-blosum_fold3.csv,,,dataset/full/test.csv,Overall,0.8829308722230226,0.9170749377510222,0.8271039647889824,0.7985191925876902,0.5857239793766945
blosum,e3,s128,3,plots,plots,,260905/9_blosum_rerun/1_bulk,260905/9_blosum_rerun/1_bulk/plots/e3_s128/pred-blosum_fold3.csv,260905/9_blosum_rerun/1_bulk/plots/e3_s128/pred-blosum_fold3.csv,/home/hwjang/project/260905/9_blosum_rerun/1_bulk/plots/e3_s128/pred-blosum_fold3.csv,260905/9_blosum_rerun/1_bulk/plots/e3_s128/pred-blosum_fold3.csv,,,dataset/full/test.csv,No 9-mer overlap,0.807754509756138,0.9931941576903096,0.940935192780968,0.8898240244835501,0.1851424875806349
blosum,e3,s128,3,plots,plots,,260905/9_blosum_rerun/1_bulk,260905/9_blosum_rerun/1_bulk/plots/e3_s128/pred-blosum_fold3.csv,260905/9_blosum_rerun/1_bulk/plots/e3_s128/pred-blosum_fold3.csv,/home/hwjang/project/260905/9_blosum_rerun/1_bulk/plots/e3_s128/pred-blosum_fold3.csv,260905/9_blosum_rerun/1_bulk/plots/e3_s128/pred-blosum_fold3.csv,,,dataset/full/test.csv,>=1 9-mer overlap,0.8752093163880875,0.8960635007020308,0.8032793921964202,0.7874501437714497,0.5723756040981363
blosum,e3,s128,3,plots,plots,,260905/9_blosum_rerun/1_bulk,260905/9_blosum_rerun/1_bulk/plots/e3_s128/pred-blosum_fold3.csv,260905/9_blosum_rerun/1_bulk/plots/e3_s128/pred-blosum_fold3.csv,/home/hwjang/project/260905/9_blosum_rerun/1_bulk/plots/e3_s128/pred-blosum_fold3.csv,260905/9_blosum_rerun/1_bulk/plots/e3_s128/pred-blosum_fold3.csv,,,dataset/full/test.csv,Exact 15-mer match,0.8615274385755867,0.861290936548805,0.7664356407404238,0.7734465777679411,0.546974814871315
blosum,e3,s128,3,plots,plots,,260905/9_blosum_rerun/1_bulk,260905/9_blosum_rerun/1_bulk/plots/e3_s128/pred-blosum_fold3.csv,260905/9_blosum_rerun/1_bulk/plots/e3_s128/pred-blosum_fold3.csv,/home/hwjang/project/260905/9_blosum_rerun/1_bulk/plots/e3_s128/pred-blosum_fold3.csv,260905/9_blosum_rerun/1_bulk/plots/e3_s128/pred-blosum_fold3.csv,,,dataset/full/test.csv,"9-mer overlap, not exact",0.8907047344337018,0.9757360962064898,0.915286568975982,0.8599885353969619,0.51299963099461
blosum,e3,s128,4,plots,plots,,260905/9_blosum_rerun/1_bulk,260905/9_blosum_rerun/1_bulk/plots/e3_s128/pred-blosum_fold4.csv,260905/9_blosum_rerun/1_bulk/plots/e3_s128/pred-blosum_fold4.csv,/home/hwjang/project/260905/9_blosum_rerun/1_bulk/plots/e3_s128/pred-blosum_fold4.csv,260905/9_blosum_rerun/1_bulk/plots/e3_s128/pred-blosum_fold4.csv,,,dataset/full/test.csv,Overall,0.8794777423719569,0.9133064368290296,0.8220064724919094,0.7963889808074123,0.584758049797662
blosum,e3,s128,4,plots,plots,,260905/9_blosum_rerun/1_bulk,260905/9_blosum_rerun/1_bulk/plots/e3_s128/pred-blosum_fold4.csv,260905/9_blosum_rerun/1_bulk/plots/e3_s128/pred-blosum_fold4.csv,/home/hwjang/project/260905/9_blosum_rerun/1_bulk/plots/e3_s128/pred-blosum_fold4.csv,260905/9_blosum_rerun/1_bulk/plots/e3_s128/pred-blosum_fold4.csv,,,dataset/full/test.csv,No 9-mer overlap,0.7767442246874878,0.9911470202266645,0.926961038961039,0.8655317521040551,0.1575343526931886
blosum,e3,s128,4,plots,plots,,260905/9_blosum_rerun/1_bulk,260905/9_blosum_rerun/1_bulk/plots/e3_s128/pred-blosum_fold4.csv,260905/9_blosum_rerun/1_bulk/plots/e3_s128/pred-blosum_fold4.csv,/home/hwjang/project/260905/9_blosum_rerun/1_bulk/plots/e3_s128/pred-blosum_fold4.csv,260905/9_blosum_rerun/1_bulk/plots/e3_s128/pred-blosum_fold4.csv,,,dataset/full/test.csv,>=1 9-mer overlap,0.8729777239989419,0.8927439331165397,0.7998949349910257,0.7880066784157314,0.574629462925174
blosum,e3,s128,4,plots,plots,,260905/9_blosum_rerun/1_bulk,260905/9_blosum_rerun/1_bulk/plots/e3_s128/pred-blosum_fold4.csv,260905/9_blosum_rerun/1_bulk/plots/e3_s128/pred-blosum_fold4.csv,/home/hwjang/project/260905/9_blosum_rerun/1_bulk/plots/e3_s128/pred-blosum_fold4.csv,260905/9_blosum_rerun/1_bulk/plots/e3_s128/pred-blosum_fold4.csv,,,dataset/full/test.csv,Exact 15-mer match,0.8602833441263951,0.8580929885695359,0.764294049008168,0.776462125823051,0.5517523175200769
blosum,e3,s128,4,plots,plots,,260905/9_blosum_rerun/1_bulk,260905/9_blosum_rerun/1_bulk/plots/e3_s128/pred-blosum_fold4.csv,260905/9_blosum_rerun/1_bulk/plots/e3_s128/pred-blosum_fold4.csv,/home/hwjang/project/260905/9_blosum_rerun/1_bulk/plots/e3_s128/pred-blosum_fold4.csv,260905/9_blosum_rerun/1_bulk/plots/e3_s128/pred-blosum_fold4.csv,,,dataset/full/test.csv,"9-mer overlap, not exact",0.8791507160704852,0.972414667753696,0.9068911099421356,0.8478073946689596,0.4944931627740826
blosum,e3,s42,0,plots,plots,,260905/9_blosum_rerun/1_bulk,260905/9_blosum_rerun/1_bulk/plots/e3_s42/pred-blosum_fold0.csv,260905/9_blosum_rerun/1_bulk/plots/e3_s42/pred-blosum_fold0.csv,/home/hwjang/project/260905/9_blosum_rerun/1_bulk/plots/e3_s42/pred-blosum_fold0.csv,260905/9_blosum_rerun/1_bulk/plots/e3_s42/pred-blosum_fold0.csv,,,dataset/full/test.csv,Overall,0.8812915677656548,0.9150286291526122,0.8263080614547148,0.7993878226340172,0.5890050161741244
blosum,e3,s42,0,plots,plots,,260905/9_blosum_rerun/1_bulk,260905/9_blosum_rerun/1_bulk/plots/e3_s42/pred-blosum_fold0.csv,260905/9_blosum_rerun/1_bulk/plots/e3_s42/pred-blosum_fold0.csv,/home/hwjang/project/260905/9_blosum_rerun/1_bulk/plots/e3_s42/pred-blosum_fold0.csv,260905/9_blosum_rerun/1_bulk/plots/e3_s42/pred-blosum_fold0.csv,,,dataset/full/test.csv,No 9-mer overlap,0.7672428594373951,0.9904818055498916,0.940028753337441,0.8882938026013772,0.1929989581805659
blosum,e3,s42,0,plots,plots,,260905/9_blosum_rerun/1_bulk,260905/9_blosum_rerun/1_bulk/plots/e3_s42/pred-blosum_fold0.csv,260905/9_blosum_rerun/1_bulk/plots/e3_s42/pred-blosum_fold0.csv,/home/hwjang/project/260905/9_blosum_rerun/1_bulk/plots/e3_s42/pred-blosum_fold0.csv,260905/9_blosum_rerun/1_bulk/plots/e3_s42/pred-blosum_fold0.csv,,,dataset/full/test.csv,>=1 9-mer overlap,0.8730458402401006,0.8933655870947566,0.8022902750065065,0.7886095909470364,0.575187278184623
blosum,e3,s42,0,plots,plots,,260905/9_blosum_rerun/1_bulk,260905/9_blosum_rerun/1_bulk/plots/e3_s42/pred-blosum_fold0.csv,260905/9_blosum_rerun/1_bulk/plots/e3_s42/pred-blosum_fold0.csv,/home/hwjang/project/260905/9_blosum_rerun/1_bulk/plots/e3_s42/pred-blosum_fold0.csv,260905/9_blosum_rerun/1_bulk/plots/e3_s42/pred-blosum_fold0.csv,,,dataset/full/test.csv,Exact 15-mer match,0.8582259197934519,0.8567001423955282,0.7632149359845091,0.7733359154539922,0.5458818361654085
blosum,e3,s42,0,plots,plots,,260905/9_blosum_rerun/1_bulk,260905/9_blosum_rerun/1_bulk/plots/e3_s42/pred-blosum_fold0.csv,260905/9_blosum_rerun/1_bulk/plots/e3_s42/pred-blosum_fold0.csv,/home/hwjang/project/260905/9_blosum_rerun/1_bulk/plots/e3_s42/pred-blosum_fold0.csv,260905/9_blosum_rerun/1_bulk/plots/e3_s42/pred-blosum_fold0.csv,,,dataset/full/test.csv,"9-mer overlap, not exact",0.8922382173316953,0.9752365789195504,0.91978795515773,0.8677271424476928,0.5443667943279117
blosum,e3,s42,1,plots,plots,,260905/9_blosum_rerun/1_bulk,260905/9_blosum_rerun/1_bulk/plots/e3_s42/pred-blosum_fold1.csv,260905/9_blosum_rerun/1_bulk/plots/e3_s42/pred-blosum_fold1.csv,/home/hwjang/project/260905/9_blosum_rerun/1_bulk/plots/e3_s42/pred-blosum_fold1.csv,260905/9_blosum_rerun/1_bulk/plots/e3_s42/pred-blosum_fold1.csv,,,dataset/full/test.csv,Overall,0.8672409644450589,0.9035520922174906,0.8129961828641064,0.7841867968232958,0.55800823727531
blosum,e3,s42,1,plots,plots,,260905/9_blosum_rerun/1_bulk,260905/9_blosum_rerun/1_bulk/plots/e3_s42/pred-blosum_fold1.csv,260905/9_blosum_rerun/1_bulk/plots/e3_s42/pred-blosum_fold1.csv,/home/hwjang/project/260905/9_blosum_rerun/1_bulk/plots/e3_s42/pred-blosum_fold1.csv,260905/9_blosum_rerun/1_bulk/plots/e3_s42/pred-blosum_fold1.csv,,,dataset/full/test.csv,No 9-mer overlap,0.7492509124744535,0.9893331271901892,0.9289855072463769,0.8687834736036726,0.1324445787310825
blosum,e3,s42,1,plots,plots,,260905/9_blosum_rerun/1_bulk,260905/9_blosum_rerun/1_bulk/plots/e3_s42/pred-blosum_fold1.csv,260905/9_blosum_rerun/1_bulk/plots/e3_s42/pred-blosum_fold1.csv,/home/hwjang/project/260905/9_blosum_rerun/1_bulk/plots/e3_s42/pred-blosum_fold1.csv,260905/9_blosum_rerun/1_bulk/plots/e3_s42/pred-blosum_fold1.csv,,,dataset/full/test.csv,>=1 9-mer overlap,0.859370247177226,0.8807435678223994,0.7887128584122581,0.7739309897041091,0.5456438572657446
blosum,e3,s42,1,plots,plots,,260905/9_blosum_rerun/1_bulk,260905/9_blosum_rerun/1_bulk/plots/e3_s42/pred-blosum_fold1.csv,260905/9_blosum_rerun/1_bulk/plots/e3_s42/pred-blosum_fold1.csv,/home/hwjang/project/260905/9_blosum_rerun/1_bulk/plots/e3_s42/pred-blosum_fold1.csv,260905/9_blosum_rerun/1_bulk/plots/e3_s42/pred-blosum_fold1.csv,,,dataset/full/test.csv,Exact 15-mer match,0.8446315396240633,0.8423282462924196,0.7493583273251622,0.7595584573673435,0.5183961432045727
blosum,e3,s42,1,plots,plots,,260905/9_blosum_rerun/1_bulk,260905/9_blosum_rerun/1_bulk/plots/e3_s42/pred-blosum_fold1.csv,260905/9_blosum_rerun/1_bulk/plots/e3_s42/pred-blosum_fold1.csv,/home/hwjang/project/260905/9_blosum_rerun/1_bulk/plots/e3_s42/pred-blosum_fold1.csv,260905/9_blosum_rerun/1_bulk/plots/e3_s42/pred-blosum_fold1.csv,,,dataset/full/test.csv,"9-mer overlap, not exact",0.8615041634765475,0.9666042560489502,0.9077271934414792,0.8483806248208656,0.4851296939698067
blosum,e3,s42,2,plots,plots,,260905/9_blosum_rerun/1_bulk,260905/9_blosum_rerun/1_bulk/plots/e3_s42/pred-blosum_fold2.csv,260905/9_blosum_rerun/1_bulk/plots/e3_s42/pred-blosum_fold2.csv,/home/hwjang/project/260905/9_blosum_rerun/1_bulk/plots/e3_s42/pred-blosum_fold2.csv,260905/9_blosum_rerun/1_bulk/plots/e3_s42/pred-blosum_fold2.csv,,,dataset/full/test.csv,Overall,0.867860768091254,0.904799349139478,0.8174621205501477,0.7839799801455989,0.553609992933822
blosum,e3,s42,2,plots,plots,,260905/9_blosum_rerun/1_bulk,260905/9_blosum_rerun/1_bulk/plots/e3_s42/pred-blosum_fold2.csv,260905/9_blosum_rerun/1_bulk/plots/e3_s42/pred-blosum_fold2.csv,/home/hwjang/project/260905/9_blosum_rerun/1_bulk/plots/e3_s42/pred-blosum_fold2.csv,260905/9_blosum_rerun/1_bulk/plots/e3_s42/pred-blosum_fold2.csv,,,dataset/full/test.csv,No 9-mer overlap,0.7436029863807303,0.9900150201561514,0.9356593124679324,0.8800688599846977,0.1002965018279209
blosum,e3,s42,2,plots,plots,,260905/9_blosum_rerun/1_bulk,260905/9_blosum_rerun/1_bulk/plots/e3_s42/pred-blosum_fold2.csv,260905/9_blosum_rerun/1_bulk/plots/e3_s42/pred-blosum_fold2.csv,/home/hwjang/project/260905/9_blosum_rerun/1_bulk/plots/e3_s42/pred-blosum_fold2.csv,260905/9_blosum_rerun/1_bulk/plots/e3_s42/pred-blosum_fold2.csv,,,dataset/full/test.csv,>=1 9-mer overlap,0.860319594868921,0.8820798116057545,0.793200775128486,0.7723309526017995,0.5416730287762344
blosum,e3,s42,2,plots,plots,,260905/9_blosum_rerun/1_bulk,260905/9_blosum_rerun/1_bulk/plots/e3_s42/pred-blosum_fold2.csv,260905/9_blosum_rerun/1_bulk/plots/e3_s42/pred-blosum_fold2.csv,/home/hwjang/project/260905/9_blosum_rerun/1_bulk/plots/e3_s42/pred-blosum_fold2.csv,260905/9_blosum_rerun/1_bulk/plots/e3_s42/pred-blosum_fold2.csv,,,dataset/full/test.csv,Exact 15-mer match,0.8456098731058582,0.8439341853050648,0.7539269942422718,0.7564322469982847,0.5149590290136915
blosum,e3,s42,2,plots,plots,,260905/9_blosum_rerun/1_bulk,260905/9_blosum_rerun/1_bulk/plots/e3_s42/pred-blosum_fold2.csv,260905/9_blosum_rerun/1_bulk/plots/e3_s42/pred-blosum_fold2.csv,/home/hwjang/project/260905/9_blosum_rerun/1_bulk/plots/e3_s42/pred-blosum_fold2.csv,260905/9_blosum_rerun/1_bulk/plots/e3_s42/pred-blosum_fold2.csv,,,dataset/full/test.csv,"9-mer overlap, not exact",0.8600153422478618,0.9670511200284562,0.9133185159856386,0.8546861564918314,0.4645348806730178
blosum,e3,s42,3,plots,plots,,260905/9_blosum_rerun/1_bulk,260905/9_blosum_rerun/1_bulk/plots/e3_s42/pred-blosum_fold3.csv,260905/9_blosum_rerun/1_bulk/plots/e3_s42/pred-blosum_fold3.csv,/home/hwjang/project/260905/9_blosum_rerun/1_bulk/plots/e3_s42/pred-blosum_fold3.csv,260905/9_blosum_rerun/1_bulk/plots/e3_s42/pred-blosum_fold3.csv,,,dataset/full/test.csv,Overall,0.8555397360414778,0.8946457949278824,0.8094563144172048,0.7747973196558571,0.5347671831906856
blosum,e3,s42,3,plots,plots,,260905/9_blosum_rerun/1_bulk,260905/9_blosum_rerun/1_bulk/plots/e3_s42/pred-blosum_fold3.csv,260905/9_blosum_rerun/1_bulk/plots/e3_s42/pred-blosum_fold3.csv,/home/hwjang/project/260905/9_blosum_rerun/1_bulk/plots/e3_s42/pred-blosum_fold3.csv,260905/9_blosum_rerun/1_bulk/plots/e3_s42/pred-blosum_fold3.csv,,,dataset/full/test.csv,No 9-mer overlap,0.7196951864549468,0.9881805554955478,0.933703932468602,0.8768171384850804,0.1207314291460623
blosum,e3,s42,3,plots,plots,,260905/9_blosum_rerun/1_bulk,260905/9_blosum_rerun/1_bulk/plots/e3_s42/pred-blosum_fold3.csv,260905/9_blosum_rerun/1_bulk/plots/e3_s42/pred-blosum_fold3.csv,/home/hwjang/project/260905/9_blosum_rerun/1_bulk/plots/e3_s42/pred-blosum_fold3.csv,260905/9_blosum_rerun/1_bulk/plots/e3_s42/pred-blosum_fold3.csv,,,dataset/full/test.csv,>=1 9-mer overlap,0.8474377379642624,0.8703242162845914,0.7840111314907343,0.7624292737222892,0.5216401573528896
blosum,e3,s42,3,plots,plots,,260905/9_blosum_rerun/1_bulk,260905/9_blosum_rerun/1_bulk/plots/e3_s42/pred-blosum_fold3.csv,260905/9_blosum_rerun/1_bulk/plots/e3_s42/pred-blosum_fold3.csv,/home/hwjang/project/260905/9_blosum_rerun/1_bulk/plots/e3_s42/pred-blosum_fold3.csv,260905/9_blosum_rerun/1_bulk/plots/e3_s42/pred-blosum_fold3.csv,,,dataset/full/test.csv,Exact 15-mer match,0.832125313267873,0.8300602697572823,0.7429641429809116,0.745559674652797,0.4931909929550513
blosum,e3,s42,3,plots,plots,,260905/9_blosum_rerun/1_bulk,260905/9_blosum_rerun/1_bulk/plots/e3_s42/pred-blosum_fold3.csv,260905/9_blosum_rerun/1_bulk/plots/e3_s42/pred-blosum_fold3.csv,/home/hwjang/project/260905/9_blosum_rerun/1_bulk/plots/e3_s42/pred-blosum_fold3.csv,260905/9_blosum_rerun/1_bulk/plots/e3_s42/pred-blosum_fold3.csv,,,dataset/full/test.csv,"9-mer overlap, not exact",0.8459406845550749,0.963218546820484,0.9100583590799862,0.8498137002006305,0.4552090274640064
blosum,e3,s42,4,plots,plots,,260905/9_blosum_rerun/1_bulk,260905/9_blosum_rerun/1_bulk/plots/e3_s42/pred-blosum_fold4.csv,260905/9_blosum_rerun/1_bulk/plots/e3_s42/pred-blosum_fold4.csv,/home/hwjang/project/260905/9_blosum_rerun/1_bulk/plots/e3_s42/pred-blosum_fold4.csv,260905/9_blosum_rerun/1_bulk/plots/e3_s42/pred-blosum_fold4.csv,,,dataset/full/test.csv,Overall,0.8680130766968421,0.9054434398140188,0.8181087503494548,0.784703838517538,0.5550858614191667
blosum,e3,s42,4,plots,plots,,260905/9_blosum_rerun/1_bulk,260905/9_blosum_rerun/1_bulk/plots/e3_s42/pred-blosum_fold4.csv,260905/9_blosum_rerun/1_bulk/plots/e3_s42/pred-blosum_fold4.csv,/home/hwjang/project/260905/9_blosum_rerun/1_bulk/plots/e3_s42/pred-blosum_fold4.csv,260905/9_blosum_rerun/1_bulk/plots/e3_s42/pred-blosum_fold4.csv,,,dataset/full/test.csv,No 9-mer overlap,0.7478773545717878,0.990259044321872,0.9383779349943608,0.8850420811017597,0.1359658855299127
blosum,e3,s42,4,plots,plots,,260905/9_blosum_rerun/1_bulk,260905/9_blosum_rerun/1_bulk/plots/e3_s42/pred-blosum_fold4.csv,260905/9_blosum_rerun/1_bulk/plots/e3_s42/pred-blosum_fold4.csv,/home/hwjang/project/260905/9_blosum_rerun/1_bulk/plots/e3_s42/pred-blosum_fold4.csv,260905/9_blosum_rerun/1_bulk/plots/e3_s42/pred-blosum_fold4.csv,,,dataset/full/test.csv,>=1 9-mer overlap,0.8604305349667243,0.8830524504747672,0.7934033993976284,0.7725396530934051,0.5420959020685359
blosum,e3,s42,4,plots,plots,,260905/9_blosum_rerun/1_bulk,260905/9_blosum_rerun/1_bulk/plots/e3_s42/pred-blosum_fold4.csv,260905/9_blosum_rerun/1_bulk/plots/e3_s42/pred-blosum_fold4.csv,/home/hwjang/project/260905/9_blosum_rerun/1_bulk/plots/e3_s42/pred-blosum_fold4.csv,260905/9_blosum_rerun/1_bulk/plots/e3_s42/pred-blosum_fold4.csv,,,dataset/full/test.csv,Exact 15-mer match,0.8456176488112361,0.8451105668308756,0.7548675034867504,0.7568748962540807,0.516096988221449
blosum,e3,s42,4,plots,plots,,260905/9_blosum_rerun/1_bulk,260905/9_blosum_rerun/1_bulk/plots/e3_s42/pred-blosum_fold4.csv,260905/9_blosum_rerun/1_bulk/plots/e3_s42/pred-blosum_fold4.csv,/home/hwjang/project/260905/9_blosum_rerun/1_bulk/plots/e3_s42/pred-blosum_fold4.csv,260905/9_blosum_rerun/1_bulk/plots/e3_s42/pred-blosum_fold4.csv,,,dataset/full/test.csv,"9-mer overlap, not exact",0.859418270628943,0.96626417728236,0.9122022529882192,0.853683003725996,0.4734498710607699
boltz,e5,s100,0,plots,plots,,250513/1_bulk,250513/1_bulk/2/plots/e5_s100/pred-boltz_fold0.csv,250513/1_bulk/2/plots/e5_s100/pred-boltz_fold0.csv,/home/hwjang/project/250513/1_bulk/2/plots/e5_s100/pred-boltz_fold0.csv,250513/1_bulk/2/plots/e5_s100/pred-boltz_fold0.csv,-0.27151,0.41639,dataset/full/test.csv,Overall,0.8993058936644336,0.9310632181402378,0.8417996586490243,0.8140511250827267,0.6165630955977608
boltz,e5,s100,0,plots,plots,,250513/1_bulk,250513/1_bulk/2/plots/e5_s100/pred-boltz_fold0.csv,250513/1_bulk/2/plots/e5_s100/pred-boltz_fold0.csv,/home/hwjang/project/250513/1_bulk/2/plots/e5_s100/pred-boltz_fold0.csv,250513/1_bulk/2/plots/e5_s100/pred-boltz_fold0.csv,-0.27151,0.41639,dataset/full/test.csv,No 9-mer overlap,0.872419732710063,0.9957556153109748,0.9464103088566168,0.899770466717674,0.2422227575896119
boltz,e5,s100,0,plots,plots,,250513/1_bulk,250513/1_bulk/2/plots/e5_s100/pred-boltz_fold0.csv,250513/1_bulk/2/plots/e5_s100/pred-boltz_fold0.csv,/home/hwjang/project/250513/1_bulk/2/plots/e5_s100/pred-boltz_fold0.csv,250513/1_bulk/2/plots/e5_s100/pred-boltz_fold0.csv,-0.27151,0.41639,dataset/full/test.csv,>=1 9-mer overlap,0.8916420710859596,0.912465360236582,0.8200616300074381,0.8036592152861516,0.6048986362340977
boltz,e5,s100,0,plots,plots,,250513/1_bulk,250513/1_bulk/2/plots/e5_s100/pred-boltz_fold0.csv,250513/1_bulk/2/plots/e5_s100/pred-boltz_fold0.csv,/home/hwjang/project/250513/1_bulk/2/plots/e5_s100/pred-boltz_fold0.csv,250513/1_bulk/2/plots/e5_s100/pred-boltz_fold0.csv,-0.27151,0.41639,dataset/full/test.csv,Exact 15-mer match,0.8812919422246187,0.8844674426451827,0.7891794713334644,0.7923698334532175,0.5863386825368954
boltz,e5,s100,0,plots,plots,,250513/1_bulk,250513/1_bulk/2/plots/e5_s100/pred-boltz_fold0.csv,250513/1_bulk/2/plots/e5_s100/pred-boltz_fold0.csv,/home/hwjang/project/250513/1_bulk/2/plots/e5_s100/pred-boltz_fold0.csv,250513/1_bulk/2/plots/e5_s100/pred-boltz_fold0.csv,-0.27151,0.41639,dataset/full/test.csv,"9-mer overlap, not exact",0.9009712800242152,0.9785809955342591,0.9160265363128492,0.8621381484666093,0.5339254353944177
boltz,e5,s100,1,plots,plots,,250513/1_bulk,250513/1_bulk/2/plots/e5_s100/pred-boltz_fold1.csv,250513/1_bulk/2/plots/e5_s100/pred-boltz_fold1.csv,/home/hwjang/project/250513/1_bulk/2/plots/e5_s100/pred-boltz_fold1.csv,250513/1_bulk/2/plots/e5_s100/pred-boltz_fold1.csv,-1.32701,0.43415,dataset/full/test.csv,Overall,0.9011232579509902,0.9307358462282193,0.843463160506078,0.8172981469225679,0.624124301097192
boltz,e5,s100,1,plots,plots,,250513/1_bulk,250513/1_bulk/2/plots/e5_s100/pred-boltz_fold1.csv,250513/1_bulk/2/plots/e5_s100/pred-boltz_fold1.csv,/home/hwjang/project/250513/1_bulk/2/plots/e5_s100/pred-boltz_fold1.csv,250513/1_bulk/2/plots/e5_s100/pred-boltz_fold1.csv,-1.32701,0.43415,dataset/full/test.csv,No 9-mer overlap,0.8289726562283652,0.99395288020817,0.9548074006672732,0.9144988523335884,0.2050113398007483
boltz,e5,s100,1,plots,plots,,250513/1_bulk,250513/1_bulk/2/plots/e5_s100/pred-boltz_fold1.csv,250513/1_bulk/2/plots/e5_s100/pred-boltz_fold1.csv,/home/hwjang/project/250513/1_bulk/2/plots/e5_s100/pred-boltz_fold1.csv,250513/1_bulk/2/plots/e5_s100/pred-boltz_fold1.csv,-1.32701,0.43415,dataset/full/test.csv,>=1 9-mer overlap,0.8925218309560052,0.9112213143037856,0.81980104419569,0.8055143307670902,0.6087739583731787
boltz,e5,s100,1,plots,plots,,250513/1_bulk,250513/1_bulk/2/plots/e5_s100/pred-boltz_fold1.csv,250513/1_bulk/2/plots/e5_s100/pred-boltz_fold1.csv,/home/hwjang/project/250513/1_bulk/2/plots/e5_s100/pred-boltz_fold1.csv,250513/1_bulk/2/plots/e5_s100/pred-boltz_fold1.csv,-1.32701,0.43415,dataset/full/test.csv,Exact 15-mer match,0.8803488648465893,0.8812623016105345,0.7846722650540254,0.7921485088253195,0.5840671058165957
boltz,e5,s100,1,plots,plots,,250513/1_bulk,250513/1_bulk/2/plots/e5_s100/pred-boltz_fold1.csv,250513/1_bulk/2/plots/e5_s100/pred-boltz_fold1.csv,/home/hwjang/project/250513/1_bulk/2/plots/e5_s100/pred-boltz_fold1.csv,250513/1_bulk/2/plots/e5_s100/pred-boltz_fold1.csv,-1.32701,0.43415,dataset/full/test.csv,"9-mer overlap, not exact",0.895772869445483,0.976288138098619,0.9249914177823548,0.8747492118085411,0.5456641943535824
boltz,e5,s100,2,plots,plots,,250513/1_bulk,250513/1_bulk/2/plots/e5_s100/pred-boltz_fold2.csv,250513/1_bulk/2/plots/e5_s100/pred-boltz_fold2.csv,/home/hwjang/project/250513/1_bulk/2/plots/e5_s100/pred-boltz_fold2.csv,250513/1_bulk/2/plots/e5_s100/pred-boltz_fold2.csv,-0.70524,0.41411,dataset/full/test.csv,Overall,0.8963615488666312,0.9279734152471728,0.8397534396580653,0.8123552283256121,0.6135194638918003
boltz,e5,s100,2,plots,plots,,250513/1_bulk,250513/1_bulk/2/plots/e5_s100/pred-boltz_fold2.csv,250513/1_bulk/2/plots/e5_s100/pred-boltz_fold2.csv,/home/hwjang/project/250513/1_bulk/2/plots/e5_s100/pred-boltz_fold2.csv,250513/1_bulk/2/plots/e5_s100/pred-boltz_fold2.csv,-0.70524,0.41411,dataset/full/test.csv,No 9-mer overlap,0.8599822489795241,0.995383129619164,0.950559511698881,0.9070390206579954,0.2308172128958655
boltz,e5,s100,2,plots,plots,,250513/1_bulk,250513/1_bulk/2/plots/e5_s100/pred-boltz_fold2.csv,250513/1_bulk/2/plots/e5_s100/pred-boltz_fold2.csv,/home/hwjang/project/250513/1_bulk/2/plots/e5_s100/pred-boltz_fold2.csv,250513/1_bulk/2/plots/e5_s100/pred-boltz_fold2.csv,-0.70524,0.41411,dataset/full/test.csv,>=1 9-mer overlap,0.887649590019512,0.9077819288682728,0.816473957554126,0.8008765420647436,0.5993210879367216
boltz,e5,s100,2,plots,plots,,250513/1_bulk,250513/1_bulk/2/plots/e5_s100/pred-boltz_fold2.csv,250513/1_bulk/2/plots/e5_s100/pred-boltz_fold2.csv,/home/hwjang/project/250513/1_bulk/2/plots/e5_s100/pred-boltz_fold2.csv,250513/1_bulk/2/plots/e5_s100/pred-boltz_fold2.csv,-0.70524,0.41411,dataset/full/test.csv,Exact 15-mer match,0.8749144093219623,0.8761901196076901,0.7821863728024084,0.7878326785813091,0.5761356884187891
boltz,e5,s100,2,plots,plots,,250513/1_bulk,250513/1_bulk/2/plots/e5_s100/pred-boltz_fold2.csv,250513/1_bulk/2/plots/e5_s100/pred-boltz_fold2.csv,/home/hwjang/project/250513/1_bulk/2/plots/e5_s100/pred-boltz_fold2.csv,250513/1_bulk/2/plots/e5_s100/pred-boltz_fold2.csv,-0.70524,0.41411,dataset/full/test.csv,"9-mer overlap, not exact",0.8979384410851747,0.9774961410864716,0.9207253886010364,0.8684436801375752,0.5346702732097111
boltz,e5,s100,3,plots,plots,,250513/1_bulk,250513/1_bulk/2/plots/e5_s100/pred-boltz_fold3.csv,250513/1_bulk/2/plots/e5_s100/pred-boltz_fold3.csv,/home/hwjang/project/250513/1_bulk/2/plots/e5_s100/pred-boltz_fold3.csv,250513/1_bulk/2/plots/e5_s100/pred-boltz_fold3.csv,-13.70613,0.42252,dataset/full/test.csv,Overall,0.8982239933930356,0.9285570026661076,0.8357300380921137,0.8135961283917935,0.6216297585136107
boltz,e5,s100,3,plots,plots,,250513/1_bulk,250513/1_bulk/2/plots/e5_s100/pred-boltz_fold3.csv,250513/1_bulk/2/plots/e5_s100/pred-boltz_fold3.csv,/home/hwjang/project/250513/1_bulk/2/plots/e5_s100/pred-boltz_fold3.csv,250513/1_bulk/2/plots/e5_s100/pred-boltz_fold3.csv,-13.70613,0.42252,dataset/full/test.csv,No 9-mer overlap,0.8487909367332582,0.9947089904245155,0.9444501278772378,0.8961361897475134,0.210352682964868
boltz,e5,s100,3,plots,plots,,250513/1_bulk,250513/1_bulk/2/plots/e5_s100/pred-boltz_fold3.csv,250513/1_bulk/2/plots/e5_s100/pred-boltz_fold3.csv,/home/hwjang/project/250513/1_bulk/2/plots/e5_s100/pred-boltz_fold3.csv,250513/1_bulk/2/plots/e5_s100/pred-boltz_fold3.csv,-13.70613,0.42252,dataset/full/test.csv,>=1 9-mer overlap,0.8892816300478843,0.908218159663393,0.8121618025370354,0.8035896484556163,0.607168897859333
boltz,e5,s100,3,plots,plots,,250513/1_bulk,250513/1_bulk/2/plots/e5_s100/pred-boltz_fold3.csv,250513/1_bulk/2/plots/e5_s100/pred-boltz_fold3.csv,/home/hwjang/project/250513/1_bulk/2/plots/e5_s100/pred-boltz_fold3.csv,250513/1_bulk/2/plots/e5_s100/pred-boltz_fold3.csv,-13.70613,0.42252,dataset/full/test.csv,Exact 15-mer match,0.8775317089905255,0.8777011963396174,0.7788555664323218,0.7937531123775798,0.5862374170900666
boltz,e5,s100,3,plots,plots,,250513/1_bulk,250513/1_bulk/2/plots/e5_s100/pred-boltz_fold3.csv,250513/1_bulk/2/plots/e5_s100/pred-boltz_fold3.csv,/home/hwjang/project/250513/1_bulk/2/plots/e5_s100/pred-boltz_fold3.csv,250513/1_bulk/2/plots/e5_s100/pred-boltz_fold3.csv,-13.70613,0.42252,dataset/full/test.csv,"9-mer overlap, not exact",0.8928019039818623,0.9757247244070048,0.9108162727352606,0.854542848953855,0.5217106632122014
boltz,e5,s100,4,plots,plots,,250513/1_bulk,250513/1_bulk/2/plots/e5_s100/pred-boltz_fold4.csv,250513/1_bulk/2/plots/e5_s100/pred-boltz_fold4.csv,/home/hwjang/project/250513/1_bulk/2/plots/e5_s100/pred-boltz_fold4.csv,250513/1_bulk/2/plots/e5_s100/pred-boltz_fold4.csv,2.28055,0.49409,dataset/full/test.csv,Overall,0.8391276366344607,0.8849512722327604,0.7968637408640153,0.7551290536068829,0.4915725590778472
boltz,e5,s100,4,plots,plots,,250513/1_bulk,250513/1_bulk/2/plots/e5_s100/pred-boltz_fold4.csv,250513/1_bulk/2/plots/e5_s100/pred-boltz_fold4.csv,/home/hwjang/project/250513/1_bulk/2/plots/e5_s100/pred-boltz_fold4.csv,250513/1_bulk/2/plots/e5_s100/pred-boltz_fold4.csv,2.28055,0.49409,dataset/full/test.csv,No 9-mer overlap,0.7508972434686768,0.9913588964372456,0.93461774953884,0.87796480489671,0.0568655690237172
boltz,e5,s100,4,plots,plots,,250513/1_bulk,250513/1_bulk/2/plots/e5_s100/pred-boltz_fold4.csv,250513/1_bulk/2/plots/e5_s100/pred-boltz_fold4.csv,/home/hwjang/project/250513/1_bulk/2/plots/e5_s100/pred-boltz_fold4.csv,250513/1_bulk/2/plots/e5_s100/pred-boltz_fold4.csv,2.28055,0.49409,dataset/full/test.csv,>=1 9-mer overlap,0.8290509663967404,0.8569197577678633,0.7691641938674579,0.7402374547815601,0.4771606948138788
boltz,e5,s100,4,plots,plots,,250513/1_bulk,250513/1_bulk/2/plots/e5_s100/pred-boltz_fold4.csv,250513/1_bulk/2/plots/e5_s100/pred-boltz_fold4.csv,/home/hwjang/project/250513/1_bulk/2/plots/e5_s100/pred-boltz_fold4.csv,250513/1_bulk/2/plots/e5_s100/pred-boltz_fold4.csv,2.28055,0.49409,dataset/full/test.csv,Exact 15-mer match,0.8134718057172934,0.815088734759119,0.7286800725324095,0.7226525756653571,0.4521569330250884
boltz,e5,s100,4,plots,plots,,250513/1_bulk,250513/1_bulk/2/plots/e5_s100/pred-boltz_fold4.csv,250513/1_bulk/2/plots/e5_s100/pred-boltz_fold4.csv,/home/hwjang/project/250513/1_bulk/2/plots/e5_s100/pred-boltz_fold4.csv,250513/1_bulk/2/plots/e5_s100/pred-boltz_fold4.csv,2.28055,0.49409,dataset/full/test.csv,"9-mer overlap, not exact",0.8311477307123908,0.9594028676657654,0.8983504620433543,0.8313270278016623,0.4034621604620204
boltz,e5,s128,0,plots,plots,,250513/1_bulk,250513/1_bulk/4/plots/e5_s128/pred-boltz_fold0.csv,250513/1_bulk/4/plots/e5_s128/pred-boltz_fold0.csv,/home/hwjang/project/250513/1_bulk/4/plots/e5_s128/pred-boltz_fold0.csv,250513/1_bulk/4/plots/e5_s128/pred-boltz_fold0.csv,-0.24536,0.41406,dataset/full/test.csv,Overall,0.8920046269068818,0.9256751372355264,0.8368823794189952,0.8051373262739907,0.5966478472745712
boltz,e5,s128,0,plots,plots,,250513/1_bulk,250513/1_bulk/4/plots/e5_s128/pred-boltz_fold0.csv,250513/1_bulk/4/plots/e5_s128/pred-boltz_fold0.csv,/home/hwjang/project/250513/1_bulk/4/plots/e5_s128/pred-boltz_fold0.csv,250513/1_bulk/4/plots/e5_s128/pred-boltz_fold0.csv,-0.24536,0.41406,dataset/full/test.csv,No 9-mer overlap,0.8400968136779782,0.9944863280285832,0.9493284493284492,0.904743687834736,0.2099085991037531
boltz,e5,s128,0,plots,plots,,250513/1_bulk,250513/1_bulk/4/plots/e5_s128/pred-boltz_fold0.csv,250513/1_bulk/4/plots/e5_s128/pred-boltz_fold0.csv,/home/hwjang/project/250513/1_bulk/4/plots/e5_s128/pred-boltz_fold0.csv,250513/1_bulk/4/plots/e5_s128/pred-boltz_fold0.csv,-0.24536,0.41406,dataset/full/test.csv,>=1 9-mer overlap,0.8839699861975042,0.9055591226234284,0.8138273459339925,0.7930618681012893,0.583973500048106
boltz,e5,s128,0,plots,plots,,250513/1_bulk,250513/1_bulk/4/plots/e5_s128/pred-boltz_fold0.csv,250513/1_bulk/4/plots/e5_s128/pred-boltz_fold0.csv,/home/hwjang/project/250513/1_bulk/4/plots/e5_s128/pred-boltz_fold0.csv,250513/1_bulk/4/plots/e5_s128/pred-boltz_fold0.csv,-0.24536,0.41406,dataset/full/test.csv,Exact 15-mer match,0.8722748181728471,0.8746677769495019,0.7806584929053588,0.7797543296630333,0.5637179372111133
boltz,e5,s128,0,plots,plots,,250513/1_bulk,250513/1_bulk/4/plots/e5_s128/pred-boltz_fold0.csv,250513/1_bulk/4/plots/e5_s128/pred-boltz_fold0.csv,/home/hwjang/project/250513/1_bulk/4/plots/e5_s128/pred-boltz_fold0.csv,250513/1_bulk/4/plots/e5_s128/pred-boltz_fold0.csv,-0.24536,0.41406,dataset/full/test.csv,"9-mer overlap, not exact",0.890857563401765,0.9759826998764038,0.9172609330698512,0.8619948409286329,0.5016373674502976
boltz,e5,s128,1,plots,plots,,250513/1_bulk,250513/1_bulk/4/plots/e5_s128/pred-boltz_fold1.csv,250513/1_bulk/4/plots/e5_s128/pred-boltz_fold1.csv,/home/hwjang/project/250513/1_bulk/4/plots/e5_s128/pred-boltz_fold1.csv,250513/1_bulk/4/plots/e5_s128/pred-boltz_fold1.csv,-1.06999,0.4575,dataset/full/test.csv,Overall,0.879896570825123,0.9151238354287892,0.8280139056303828,0.7963889808074123,0.5792629327900564
boltz,e5,s128,1,plots,plots,,250513/1_bulk,250513/1_bulk/4/plots/e5_s128/pred-boltz_fold1.csv,250513/1_bulk/4/plots/e5_s128/pred-boltz_fold1.csv,/home/hwjang/project/250513/1_bulk/4/plots/e5_s128/pred-boltz_fold1.csv,250513/1_bulk/4/plots/e5_s128/pred-boltz_fold1.csv,-1.06999,0.4575,dataset/full/test.csv,No 9-mer overlap,0.833511489701085,0.9939801158089632,0.9486343253159396,0.9035960214231064,0.2251198022914415
boltz,e5,s128,1,plots,plots,,250513/1_bulk,250513/1_bulk/4/plots/e5_s128/pred-boltz_fold1.csv,250513/1_bulk/4/plots/e5_s128/pred-boltz_fold1.csv,/home/hwjang/project/250513/1_bulk/4/plots/e5_s128/pred-boltz_fold1.csv,250513/1_bulk/4/plots/e5_s128/pred-boltz_fold1.csv,-1.06999,0.4575,dataset/full/test.csv,>=1 9-mer overlap,0.8703135355660205,0.8921695208148279,0.803061289030381,0.7833920786568964,0.5640323618209366
boltz,e5,s128,1,plots,plots,,250513/1_bulk,250513/1_bulk/4/plots/e5_s128/pred-boltz_fold1.csv,250513/1_bulk/4/plots/e5_s128/pred-boltz_fold1.csv,/home/hwjang/project/250513/1_bulk/4/plots/e5_s128/pred-boltz_fold1.csv,250513/1_bulk/4/plots/e5_s128/pred-boltz_fold1.csv,-1.06999,0.4575,dataset/full/test.csv,Exact 15-mer match,0.8577511829083319,0.8581943121179312,0.7691069991954947,0.7697393902506502,0.542608488588225
boltz,e5,s128,1,plots,plots,,250513/1_bulk,250513/1_bulk/4/plots/e5_s128/pred-boltz_fold1.csv,250513/1_bulk/4/plots/e5_s128/pred-boltz_fold1.csv,/home/hwjang/project/250513/1_bulk/4/plots/e5_s128/pred-boltz_fold1.csv,250513/1_bulk/4/plots/e5_s128/pred-boltz_fold1.csv,-1.06999,0.4575,dataset/full/test.csv,"9-mer overlap, not exact",0.8939175554487235,0.9760350383887836,0.9105762473647224,0.8541129263399255,0.5197252102733634
boltz,e5,s128,2,plots,plots,,250513/1_bulk,250513/1_bulk/4/plots/e5_s128/pred-boltz_fold2.csv,250513/1_bulk/4/plots/e5_s128/pred-boltz_fold2.csv,/home/hwjang/project/250513/1_bulk/4/plots/e5_s128/pred-boltz_fold2.csv,250513/1_bulk/4/plots/e5_s128/pred-boltz_fold2.csv,-0.42116,0.41768,dataset/full/test.csv,Overall,0.9004466193515431,0.9315298396945764,0.8425253212125551,0.8180013236267373,0.6270433159909993
boltz,e5,s128,2,plots,plots,,250513/1_bulk,250513/1_bulk/4/plots/e5_s128/pred-boltz_fold2.csv,250513/1_bulk/4/plots/e5_s128/pred-boltz_fold2.csv,/home/hwjang/project/250513/1_bulk/4/plots/e5_s128/pred-boltz_fold2.csv,250513/1_bulk/4/plots/e5_s128/pred-boltz_fold2.csv,-0.42116,0.41768,dataset/full/test.csv,No 9-mer overlap,0.8590884670983034,0.9952423352916894,0.9496388238884932,0.9053175210405509,0.2142689781765404
boltz,e5,s128,2,plots,plots,,250513/1_bulk,250513/1_bulk/4/plots/e5_s128/pred-boltz_fold2.csv,250513/1_bulk/4/plots/e5_s128/pred-boltz_fold2.csv,/home/hwjang/project/250513/1_bulk/4/plots/e5_s128/pred-boltz_fold2.csv,250513/1_bulk/4/plots/e5_s128/pred-boltz_fold2.csv,-0.42116,0.41768,dataset/full/test.csv,>=1 9-mer overlap,0.8915347818475381,0.9117111556255754,0.8196642998284586,0.8074158241350524,0.6130465831654797
boltz,e5,s128,2,plots,plots,,250513/1_bulk,250513/1_bulk/4/plots/e5_s128/pred-boltz_fold2.csv,250513/1_bulk/4/plots/e5_s128/pred-boltz_fold2.csv,/home/hwjang/project/250513/1_bulk/4/plots/e5_s128/pred-boltz_fold2.csv,250513/1_bulk/4/plots/e5_s128/pred-boltz_fold2.csv,-0.42116,0.41768,dataset/full/test.csv,Exact 15-mer match,0.8787222986698576,0.880637075211918,0.785383636153223,0.7947767387816079,0.5887917473494154
boltz,e5,s128,2,plots,plots,,250513/1_bulk,250513/1_bulk/4/plots/e5_s128/pred-boltz_fold2.csv,250513/1_bulk/4/plots/e5_s128/pred-boltz_fold2.csv,/home/hwjang/project/250513/1_bulk/4/plots/e5_s128/pred-boltz_fold2.csv,250513/1_bulk/4/plots/e5_s128/pred-boltz_fold2.csv,-0.42116,0.41768,dataset/full/test.csv,"9-mer overlap, not exact",0.9110775777647204,0.9809056989971924,0.9227957176429628,0.8728862138148467,0.5651625494714275
boltz,e5,s128,3,plots,plots,,250513/1_bulk,250513/1_bulk/4/plots/e5_s128/pred-boltz_fold3.csv,250513/1_bulk/4/plots/e5_s128/pred-boltz_fold3.csv,/home/hwjang/project/250513/1_bulk/4/plots/e5_s128/pred-boltz_fold3.csv,250513/1_bulk/4/plots/e5_s128/pred-boltz_fold3.csv,-0.70471,0.44643,dataset/full/test.csv,Overall,0.8867054015641134,0.9206926902342644,0.832199346116462,0.8036275645268034,0.595618996478229
boltz,e5,s128,3,plots,plots,,250513/1_bulk,250513/1_bulk/4/plots/e5_s128/pred-boltz_fold3.csv,250513/1_bulk/4/plots/e5_s128/pred-boltz_fold3.csv,/home/hwjang/project/250513/1_bulk/4/plots/e5_s128/pred-boltz_fold3.csv,250513/1_bulk/4/plots/e5_s128/pred-boltz_fold3.csv,-0.70471,0.44643,dataset/full/test.csv,No 9-mer overlap,0.8054020149208265,0.9922132307718324,0.9420453379833827,0.8919280795715379,0.2109312959946188
boltz,e5,s128,3,plots,plots,,250513/1_bulk,250513/1_bulk/4/plots/e5_s128/pred-boltz_fold3.csv,250513/1_bulk/4/plots/e5_s128/pred-boltz_fold3.csv,/home/hwjang/project/250513/1_bulk/4/plots/e5_s128/pred-boltz_fold3.csv,250513/1_bulk/4/plots/e5_s128/pred-boltz_fold3.csv,-0.70471,0.44643,dataset/full/test.csv,>=1 9-mer overlap,0.8784405862504401,0.9001255516062798,0.8093346998035699,0.7929227344402189,0.5832759868471662
boltz,e5,s128,3,plots,plots,,250513/1_bulk,250513/1_bulk/4/plots/e5_s128/pred-boltz_fold3.csv,250513/1_bulk/4/plots/e5_s128/pred-boltz_fold3.csv,/home/hwjang/project/250513/1_bulk/4/plots/e5_s128/pred-boltz_fold3.csv,250513/1_bulk/4/plots/e5_s128/pred-boltz_fold3.csv,-0.70471,0.44643,dataset/full/test.csv,Exact 15-mer match,0.8664829686445171,0.8685193333384735,0.7759909399773499,0.7811099430089083,0.5629653208805757
boltz,e5,s128,3,plots,plots,,250513/1_bulk,250513/1_bulk/4/plots/e5_s128/pred-boltz_fold3.csv,250513/1_bulk/4/plots/e5_s128/pred-boltz_fold3.csv,/home/hwjang/project/250513/1_bulk/4/plots/e5_s128/pred-boltz_fold3.csv,250513/1_bulk/4/plots/e5_s128/pred-boltz_fold3.csv,-0.70471,0.44643,dataset/full/test.csv,"9-mer overlap, not exact",0.8827000575705238,0.9727543137372252,0.9116012504341784,0.8541129263399255,0.495604434766328
boltz,e5,s128,4,plots,plots,,250513/1_bulk,250513/1_bulk/4/plots/e5_s128/pred-boltz_fold4.csv,250513/1_bulk/4/plots/e5_s128/pred-boltz_fold4.csv,/home/hwjang/project/250513/1_bulk/4/plots/e5_s128/pred-boltz_fold4.csv,250513/1_bulk/4/plots/e5_s128/pred-boltz_fold4.csv,3.20207,0.49671,dataset/full/test.csv,Overall,0.8366551658946764,0.8819861823437447,0.7974445053439299,0.7554185969556585,0.4920189989794791
boltz,e5,s128,4,plots,plots,,250513/1_bulk,250513/1_bulk/4/plots/e5_s128/pred-boltz_fold4.csv,250513/1_bulk/4/plots/e5_s128/pred-boltz_fold4.csv,/home/hwjang/project/250513/1_bulk/4/plots/e5_s128/pred-boltz_fold4.csv,250513/1_bulk/4/plots/e5_s128/pred-boltz_fold4.csv,3.20207,0.49671,dataset/full/test.csv,No 9-mer overlap,0.7900311819798065,0.9928103260273344,0.9420171498570844,0.891354246365723,0.1257569260509496
boltz,e5,s128,4,plots,plots,,250513/1_bulk,250513/1_bulk/4/plots/e5_s128/pred-boltz_fold4.csv,250513/1_bulk/4/plots/e5_s128/pred-boltz_fold4.csv,/home/hwjang/project/250513/1_bulk/4/plots/e5_s128/pred-boltz_fold4.csv,250513/1_bulk/4/plots/e5_s128/pred-boltz_fold4.csv,3.20207,0.49671,dataset/full/test.csv,>=1 9-mer overlap,0.8250164188730046,0.851995445798065,0.7682966987733597,0.7389388739449031,0.4745713910538785
boltz,e5,s128,4,plots,plots,,250513/1_bulk,250513/1_bulk/4/plots/e5_s128/pred-boltz_fold4.csv,250513/1_bulk/4/plots/e5_s128/pred-boltz_fold4.csv,/home/hwjang/project/250513/1_bulk/4/plots/e5_s128/pred-boltz_fold4.csv,250513/1_bulk/4/plots/e5_s128/pred-boltz_fold4.csv,3.20207,0.49671,dataset/full/test.csv,Exact 15-mer match,0.8077347973122927,0.8076960927731414,0.7259083301840954,0.7190837160405024,0.4454673750610728
boltz,e5,s128,4,plots,plots,,250513/1_bulk,250513/1_bulk/4/plots/e5_s128/pred-boltz_fold4.csv,250513/1_bulk/4/plots/e5_s128/pred-boltz_fold4.csv,/home/hwjang/project/250513/1_bulk/4/plots/e5_s128/pred-boltz_fold4.csv,250513/1_bulk/4/plots/e5_s128/pred-boltz_fold4.csv,3.20207,0.49671,dataset/full/test.csv,"9-mer overlap, not exact",0.8462593255346047,0.9634157190971218,0.9043493328712529,0.8417884780739467,0.4477470379074173
boltz,e5,s42,0,plots,plots,,250513/1_bulk,250513/1_bulk/2/plots/e5_s42/pred-boltz_fold0.csv,250513/1_bulk/2/plots/e5_s42/pred-boltz_fold0.csv,/home/hwjang/project/250513/1_bulk/2/plots/e5_s42/pred-boltz_fold0.csv,250513/1_bulk/2/plots/e5_s42/pred-boltz_fold0.csv,-3.06643,0.43558,dataset/full/test.csv,Overall,0.8767034507351444,0.9129260045488254,0.8231095406360424,0.7929351422898743,0.5735556099194016
boltz,e5,s42,0,plots,plots,,250513/1_bulk,250513/1_bulk/2/plots/e5_s42/pred-boltz_fold0.csv,250513/1_bulk/2/plots/e5_s42/pred-boltz_fold0.csv,/home/hwjang/project/250513/1_bulk/2/plots/e5_s42/pred-boltz_fold0.csv,250513/1_bulk/2/plots/e5_s42/pred-boltz_fold0.csv,-3.06643,0.43558,dataset/full/test.csv,No 9-mer overlap,0.8037016831622847,0.9928796156429632,0.9389516957862282,0.886381025248661,0.1872902977499718
boltz,e5,s42,0,plots,plots,,250513/1_bulk,250513/1_bulk/2/plots/e5_s42/pred-boltz_fold0.csv,250513/1_bulk/2/plots/e5_s42/pred-boltz_fold0.csv,/home/hwjang/project/250513/1_bulk/2/plots/e5_s42/pred-boltz_fold0.csv,250513/1_bulk/2/plots/e5_s42/pred-boltz_fold0.csv,-3.06643,0.43558,dataset/full/test.csv,>=1 9-mer overlap,0.8681097778733525,0.8901293467659941,0.7990612331982078,0.7816065300064929,0.5604526600701768
boltz,e5,s42,0,plots,plots,,250513/1_bulk,250513/1_bulk/2/plots/e5_s42/pred-boltz_fold0.csv,250513/1_bulk/2/plots/e5_s42/pred-boltz_fold0.csv,/home/hwjang/project/250513/1_bulk/2/plots/e5_s42/pred-boltz_fold0.csv,250513/1_bulk/2/plots/e5_s42/pred-boltz_fold0.csv,-3.06643,0.43558,dataset/full/test.csv,Exact 15-mer match,0.8571016138599254,0.8567563072712427,0.7658160103656132,0.7699883804570353,0.5412175617197116
boltz,e5,s42,0,plots,plots,,250513/1_bulk,250513/1_bulk/2/plots/e5_s42/pred-boltz_fold0.csv,250513/1_bulk/2/plots/e5_s42/pred-boltz_fold0.csv,/home/hwjang/project/250513/1_bulk/2/plots/e5_s42/pred-boltz_fold0.csv,250513/1_bulk/2/plots/e5_s42/pred-boltz_fold0.csv,-3.06643,0.43558,dataset/full/test.csv,"9-mer overlap, not exact",0.8774578755883173,0.9727506805676946,0.9028852920478536,0.8417884780739467,0.4816202955487688
boltz,e5,s42,1,plots,plots,,250513/1_bulk,250513/1_bulk/2/plots/e5_s42/pred-boltz_fold1.csv,250513/1_bulk/2/plots/e5_s42/pred-boltz_fold1.csv,/home/hwjang/project/250513/1_bulk/2/plots/e5_s42/pred-boltz_fold1.csv,250513/1_bulk/2/plots/e5_s42/pred-boltz_fold1.csv,10.76083,0.44839,dataset/full/test.csv,Overall,0.876545169863386,0.9136685828024946,0.8199802708277285,0.792418100595632,0.5750288783816108
boltz,e5,s42,1,plots,plots,,250513/1_bulk,250513/1_bulk/2/plots/e5_s42/pred-boltz_fold1.csv,250513/1_bulk/2/plots/e5_s42/pred-boltz_fold1.csv,/home/hwjang/project/250513/1_bulk/2/plots/e5_s42/pred-boltz_fold1.csv,250513/1_bulk/2/plots/e5_s42/pred-boltz_fold1.csv,10.76083,0.44839,dataset/full/test.csv,No 9-mer overlap,0.8310329930823637,0.9941601182329368,0.9417924237757932,0.8915455241009946,0.2201153046970851
boltz,e5,s42,1,plots,plots,,250513/1_bulk,250513/1_bulk/2/plots/e5_s42/pred-boltz_fold1.csv,250513/1_bulk/2/plots/e5_s42/pred-boltz_fold1.csv,/home/hwjang/project/250513/1_bulk/2/plots/e5_s42/pred-boltz_fold1.csv,250513/1_bulk/2/plots/e5_s42/pred-boltz_fold1.csv,10.76083,0.44839,dataset/full/test.csv,>=1 9-mer overlap,0.8662650685331348,0.8895917326836307,0.7941930716738383,0.7804007049438828,0.5588216395080571
boltz,e5,s42,1,plots,plots,,250513/1_bulk,250513/1_bulk/2/plots/e5_s42/pred-boltz_fold1.csv,250513/1_bulk/2/plots/e5_s42/pred-boltz_fold1.csv,/home/hwjang/project/250513/1_bulk/2/plots/e5_s42/pred-boltz_fold1.csv,250513/1_bulk/2/plots/e5_s42/pred-boltz_fold1.csv,10.76083,0.44839,dataset/full/test.csv,Exact 15-mer match,0.8525829777848069,0.8536657073462003,0.7572742523283392,0.7678304653350302,0.5348096929914337
boltz,e5,s42,1,plots,plots,,250513/1_bulk,250513/1_bulk/2/plots/e5_s42/pred-boltz_fold1.csv,250513/1_bulk/2/plots/e5_s42/pred-boltz_fold1.csv,/home/hwjang/project/250513/1_bulk/2/plots/e5_s42/pred-boltz_fold1.csv,250513/1_bulk/2/plots/e5_s42/pred-boltz_fold1.csv,10.76083,0.44839,dataset/full/test.csv,"9-mer overlap, not exact",0.8714236537696823,0.9707116629996092,0.9057692307692308,0.8455144740613356,0.4802941001845134
boltz,e5,s42,2,plots,plots,,250513/1_bulk,250513/1_bulk/2/plots/e5_s42/pred-boltz_fold2.csv,250513/1_bulk/2/plots/e5_s42/pred-boltz_fold2.csv,/home/hwjang/project/250513/1_bulk/2/plots/e5_s42/pred-boltz_fold2.csv,250513/1_bulk/2/plots/e5_s42/pred-boltz_fold2.csv,-0.17635,0.45976,dataset/full/test.csv,Overall,0.8730627112290407,0.9107791687019868,0.8245719636169074,0.7830079417604235,0.5495765989423651
boltz,e5,s42,2,plots,plots,,250513/1_bulk,250513/1_bulk/2/plots/e5_s42/pred-boltz_fold2.csv,250513/1_bulk/2/plots/e5_s42/pred-boltz_fold2.csv,/home/hwjang/project/250513/1_bulk/2/plots/e5_s42/pred-boltz_fold2.csv,250513/1_bulk/2/plots/e5_s42/pred-boltz_fold2.csv,-0.17635,0.45976,dataset/full/test.csv,No 9-mer overlap,0.832442551494575,0.9942425409296736,0.9597268253490008,0.9232976281560826,0.1833537543325647
boltz,e5,s42,2,plots,plots,,250513/1_bulk,250513/1_bulk/2/plots/e5_s42/pred-boltz_fold2.csv,250513/1_bulk/2/plots/e5_s42/pred-boltz_fold2.csv,/home/hwjang/project/250513/1_bulk/2/plots/e5_s42/pred-boltz_fold2.csv,250513/1_bulk/2/plots/e5_s42/pred-boltz_fold2.csv,-0.17635,0.45976,dataset/full/test.csv,>=1 9-mer overlap,0.8623963871467234,0.886238192478671,0.7975767788008264,0.7660003710230961,0.5326940166568113
boltz,e5,s42,2,plots,plots,,250513/1_bulk,250513/1_bulk/2/plots/e5_s42/pred-boltz_fold2.csv,250513/1_bulk/2/plots/e5_s42/pred-boltz_fold2.csv,/home/hwjang/project/250513/1_bulk/2/plots/e5_s42/pred-boltz_fold2.csv,250513/1_bulk/2/plots/e5_s42/pred-boltz_fold2.csv,-0.17635,0.45976,dataset/full/test.csv,Exact 15-mer match,0.8475530031616836,0.849096415636313,0.7589953546964806,0.7459469927516185,0.506131273567952
boltz,e5,s42,2,plots,plots,,250513/1_bulk,250513/1_bulk/2/plots/e5_s42/pred-boltz_fold2.csv,250513/1_bulk/2/plots/e5_s42/pred-boltz_fold2.csv,/home/hwjang/project/250513/1_bulk/2/plots/e5_s42/pred-boltz_fold2.csv,250513/1_bulk/2/plots/e5_s42/pred-boltz_fold2.csv,-0.17635,0.45976,dataset/full/test.csv,"9-mer overlap, not exact",0.8923664156117017,0.9758899860676892,0.9227102485529451,0.8698767555173402,0.5125631754587957
boltz,e5,s42,3,plots,plots,,250513/1_bulk,250513/1_bulk/2/plots/e5_s42/pred-boltz_fold3.csv,250513/1_bulk/2/plots/e5_s42/pred-boltz_fold3.csv,/home/hwjang/project/250513/1_bulk/2/plots/e5_s42/pred-boltz_fold3.csv,250513/1_bulk/2/plots/e5_s42/pred-boltz_fold3.csv,0.10612,0.43535,dataset/full/test.csv,Overall,0.9015719899169938,0.9315974699702538,0.8474587983277476,0.8173808735936466,0.6220280799665358
boltz,e5,s42,3,plots,plots,,250513/1_bulk,250513/1_bulk/2/plots/e5_s42/pred-boltz_fold3.csv,250513/1_bulk/2/plots/e5_s42/pred-boltz_fold3.csv,/home/hwjang/project/250513/1_bulk/2/plots/e5_s42/pred-boltz_fold3.csv,250513/1_bulk/2/plots/e5_s42/pred-boltz_fold3.csv,0.10612,0.43535,dataset/full/test.csv,No 9-mer overlap,0.8411643672495057,0.9944915322267336,0.9612760834670948,0.9261667941851568,0.1969164451992274
boltz,e5,s42,3,plots,plots,,250513/1_bulk,250513/1_bulk/2/plots/e5_s42/pred-boltz_fold3.csv,250513/1_bulk/2/plots/e5_s42/pred-boltz_fold3.csv,/home/hwjang/project/250513/1_bulk/2/plots/e5_s42/pred-boltz_fold3.csv,250513/1_bulk/2/plots/e5_s42/pred-boltz_fold3.csv,0.10612,0.43535,dataset/full/test.csv,>=1 9-mer overlap,0.8924504106817036,0.9115731815320908,0.8237822947535373,0.8041925609869215,0.6065395995944651
boltz,e5,s42,3,plots,plots,,250513/1_bulk,250513/1_bulk/2/plots/e5_s42/pred-boltz_fold3.csv,250513/1_bulk/2/plots/e5_s42/pred-boltz_fold3.csv,/home/hwjang/project/250513/1_bulk/2/plots/e5_s42/pred-boltz_fold3.csv,250513/1_bulk/2/plots/e5_s42/pred-boltz_fold3.csv,0.10612,0.43535,dataset/full/test.csv,Exact 15-mer match,0.879569973298062,0.8805442686034259,0.7896296706644877,0.7898799313893653,0.5831997247528873
boltz,e5,s42,3,plots,plots,,250513/1_bulk,250513/1_bulk/2/plots/e5_s42/pred-boltz_fold3.csv,250513/1_bulk/2/plots/e5_s42/pred-boltz_fold3.csv,/home/hwjang/project/250513/1_bulk/2/plots/e5_s42/pred-boltz_fold3.csv,250513/1_bulk/2/plots/e5_s42/pred-boltz_fold3.csv,0.10612,0.43535,dataset/full/test.csv,"9-mer overlap, not exact",0.8995301622064349,0.9776844221504558,0.92814219212865,0.8783319002579536,0.5346566647778561
boltz,e5,s42,4,plots,plots,,250513/1_bulk,250513/1_bulk/2/plots/e5_s42/pred-boltz_fold4.csv,250513/1_bulk/2/plots/e5_s42/pred-boltz_fold4.csv,/home/hwjang/project/250513/1_bulk/2/plots/e5_s42/pred-boltz_fold4.csv,250513/1_bulk/2/plots/e5_s42/pred-boltz_fold4.csv,-1.08938,0.43742,dataset/full/test.csv,Overall,0.8980889794016662,0.9292717088813356,0.8409875137846394,0.8151058901389808,0.6201486689328353
boltz,e5,s42,4,plots,plots,,250513/1_bulk,250513/1_bulk/2/plots/e5_s42/pred-boltz_fold4.csv,250513/1_bulk/2/plots/e5_s42/pred-boltz_fold4.csv,/home/hwjang/project/250513/1_bulk/2/plots/e5_s42/pred-boltz_fold4.csv,250513/1_bulk/2/plots/e5_s42/pred-boltz_fold4.csv,-1.08938,0.43742,dataset/full/test.csv,No 9-mer overlap,0.8406769757356567,0.994594622428537,0.9485586227971884,0.9034047436878349,0.2146389589753683
boltz,e5,s42,4,plots,plots,,250513/1_bulk,250513/1_bulk/2/plots/e5_s42/pred-boltz_fold4.csv,250513/1_bulk/2/plots/e5_s42/pred-boltz_fold4.csv,/home/hwjang/project/250513/1_bulk/2/plots/e5_s42/pred-boltz_fold4.csv,250513/1_bulk/2/plots/e5_s42/pred-boltz_fold4.csv,-1.08938,0.43742,dataset/full/test.csv,>=1 9-mer overlap,0.8899301032761023,0.9097553159624244,0.8182307940954638,0.8044012614785271,0.6066299387507531
boltz,e5,s42,4,plots,plots,,250513/1_bulk,250513/1_bulk/2/plots/e5_s42/pred-boltz_fold4.csv,250513/1_bulk/2/plots/e5_s42/pred-boltz_fold4.csv,/home/hwjang/project/250513/1_bulk/2/plots/e5_s42/pred-boltz_fold4.csv,250513/1_bulk/2/plots/e5_s42/pred-boltz_fold4.csv,-1.08938,0.43742,dataset/full/test.csv,Exact 15-mer match,0.8773824470533302,0.8788789035755773,0.7841660438107284,0.7922868367177558,0.584149343487556
boltz,e5,s42,4,plots,plots,,250513/1_bulk,250513/1_bulk/2/plots/e5_s42/pred-boltz_fold4.csv,250513/1_bulk/2/plots/e5_s42/pred-boltz_fold4.csv,/home/hwjang/project/250513/1_bulk/2/plots/e5_s42/pred-boltz_fold4.csv,250513/1_bulk/2/plots/e5_s42/pred-boltz_fold4.csv,-1.08938,0.43742,dataset/full/test.csv,"9-mer overlap, not exact",0.8955589088901945,0.9768157286694148,0.9202168861347793,0.8671539122957868,0.5235927340005435
chai,e5,s100,0,plots,plots,,250513/1_bulk,250513/1_bulk/2/plots/e5_s100/pred-chai_fold0.csv,250513/1_bulk/2/plots/e5_s100/pred-chai_fold0.csv,/home/hwjang/project/250513/1_bulk/2/plots/e5_s100/pred-chai_fold0.csv,250513/1_bulk/2/plots/e5_s100/pred-chai_fold0.csv,-0.28609,0.37605,dataset/full/test.csv,Overall,0.911632082461986,0.9389873927060332,0.8557737545522661,0.8288178358702846,0.64625140575425
chai,e5,s100,0,plots,plots,,250513/1_bulk,250513/1_bulk/2/plots/e5_s100/pred-chai_fold0.csv,250513/1_bulk/2/plots/e5_s100/pred-chai_fold0.csv,/home/hwjang/project/250513/1_bulk/2/plots/e5_s100/pred-chai_fold0.csv,250513/1_bulk/2/plots/e5_s100/pred-chai_fold0.csv,-0.28609,0.37605,dataset/full/test.csv,No 9-mer overlap,0.8708564798147912,0.9956815048701422,0.9656622284512963,0.9343917368018364,0.259130150455055
chai,e5,s100,0,plots,plots,,250513/1_bulk,250513/1_bulk/2/plots/e5_s100/pred-chai_fold0.csv,250513/1_bulk/2/plots/e5_s100/pred-chai_fold0.csv,/home/hwjang/project/250513/1_bulk/2/plots/e5_s100/pred-chai_fold0.csv,250513/1_bulk/2/plots/e5_s100/pred-chai_fold0.csv,-0.28609,0.37605,dataset/full/test.csv,>=1 9-mer overlap,0.9026801878190498,0.9205615758011404,0.8326160337552743,0.8160189221779056,0.629990605254951
chai,e5,s100,0,plots,plots,,250513/1_bulk,250513/1_bulk/2/plots/e5_s100/pred-chai_fold0.csv,250513/1_bulk/2/plots/e5_s100/pred-chai_fold0.csv,/home/hwjang/project/250513/1_bulk/2/plots/e5_s100/pred-chai_fold0.csv,250513/1_bulk/2/plots/e5_s100/pred-chai_fold0.csv,-0.28609,0.37605,dataset/full/test.csv,Exact 15-mer match,0.8904941443277029,0.8918623273872051,0.8001794627334418,0.8028550876998838,0.6075441392679441
chai,e5,s100,0,plots,plots,,250513/1_bulk,250513/1_bulk/2/plots/e5_s100/pred-chai_fold0.csv,250513/1_bulk/2/plots/e5_s100/pred-chai_fold0.csv,/home/hwjang/project/250513/1_bulk/2/plots/e5_s100/pred-chai_fold0.csv,250513/1_bulk/2/plots/e5_s100/pred-chai_fold0.csv,-0.28609,0.37605,dataset/full/test.csv,"9-mer overlap, not exact",0.9160973416662216,0.9817617383884394,0.9311637416936446,0.8842075093149899,0.5678147678985068
chai,e5,s100,1,plots,plots,,250513/1_bulk,250513/1_bulk/2/plots/e5_s100/pred-chai_fold1.csv,250513/1_bulk/2/plots/e5_s100/pred-chai_fold1.csv,/home/hwjang/project/250513/1_bulk/2/plots/e5_s100/pred-chai_fold1.csv,250513/1_bulk/2/plots/e5_s100/pred-chai_fold1.csv,-0.65225,0.38802,dataset/full/test.csv,Overall,0.9168974128215012,0.9428150395184852,0.856773219772519,0.8351464262078094,0.6628469474808615
chai,e5,s100,1,plots,plots,,250513/1_bulk,250513/1_bulk/2/plots/e5_s100/pred-chai_fold1.csv,250513/1_bulk/2/plots/e5_s100/pred-chai_fold1.csv,/home/hwjang/project/250513/1_bulk/2/plots/e5_s100/pred-chai_fold1.csv,250513/1_bulk/2/plots/e5_s100/pred-chai_fold1.csv,-0.65225,0.38802,dataset/full/test.csv,No 9-mer overlap,0.8827435711397761,0.9961830593778498,0.9603222557905338,0.924636572302984,0.2506547886063908
chai,e5,s100,1,plots,plots,,250513/1_bulk,250513/1_bulk/2/plots/e5_s100/pred-chai_fold1.csv,250513/1_bulk/2/plots/e5_s100/pred-chai_fold1.csv,/home/hwjang/project/250513/1_bulk/2/plots/e5_s100/pred-chai_fold1.csv,250513/1_bulk/2/plots/e5_s100/pred-chai_fold1.csv,-0.65225,0.38802,dataset/full/test.csv,>=1 9-mer overlap,0.9082179450899728,0.925263089786542,0.8342847144763029,0.8242973750115945,0.647413772778657
chai,e5,s100,1,plots,plots,,250513/1_bulk,250513/1_bulk/2/plots/e5_s100/pred-chai_fold1.csv,250513/1_bulk/2/plots/e5_s100/pred-chai_fold1.csv,/home/hwjang/project/250513/1_bulk/2/plots/e5_s100/pred-chai_fold1.csv,250513/1_bulk/2/plots/e5_s100/pred-chai_fold1.csv,-0.65225,0.38802,dataset/full/test.csv,Exact 15-mer match,0.8961073045255559,0.8977798535740953,0.8014766201804758,0.81253804017042,0.6240107185221394
chai,e5,s100,1,plots,plots,,250513/1_bulk,250513/1_bulk/2/plots/e5_s100/pred-chai_fold1.csv,250513/1_bulk/2/plots/e5_s100/pred-chai_fold1.csv,/home/hwjang/project/250513/1_bulk/2/plots/e5_s100/pred-chai_fold1.csv,250513/1_bulk/2/plots/e5_s100/pred-chai_fold1.csv,-0.65225,0.38802,dataset/full/test.csv,"9-mer overlap, not exact",0.9206850298832564,0.9822925804586274,0.9308946596497284,0.8852106620808254,0.5924254902048192
chai,e5,s100,2,plots,plots,,250513/1_bulk,250513/1_bulk/2/plots/e5_s100/pred-chai_fold2.csv,250513/1_bulk/2/plots/e5_s100/pred-chai_fold2.csv,/home/hwjang/project/250513/1_bulk/2/plots/e5_s100/pred-chai_fold2.csv,250513/1_bulk/2/plots/e5_s100/pred-chai_fold2.csv,-0.51817,0.38663,dataset/full/test.csv,Overall,0.9088473200259656,0.936795184794676,0.8524492129100343,0.8265014890800794,0.6422197120225465
chai,e5,s100,2,plots,plots,,250513/1_bulk,250513/1_bulk/2/plots/e5_s100/pred-chai_fold2.csv,250513/1_bulk/2/plots/e5_s100/pred-chai_fold2.csv,/home/hwjang/project/250513/1_bulk/2/plots/e5_s100/pred-chai_fold2.csv,250513/1_bulk/2/plots/e5_s100/pred-chai_fold2.csv,-0.51817,0.38663,dataset/full/test.csv,No 9-mer overlap,0.8456796619275226,0.994316806323126,0.9608040201005024,0.9254016832440703,0.2224438101319915
chai,e5,s100,2,plots,plots,,250513/1_bulk,250513/1_bulk/2/plots/e5_s100/pred-chai_fold2.csv,250513/1_bulk/2/plots/e5_s100/pred-chai_fold2.csv,/home/hwjang/project/250513/1_bulk/2/plots/e5_s100/pred-chai_fold2.csv,250513/1_bulk/2/plots/e5_s100/pred-chai_fold2.csv,-0.51817,0.38663,dataset/full/test.csv,>=1 9-mer overlap,0.9003358228794485,0.9184312957013164,0.8294638098283765,0.8145116408496429,0.6267855741459467
chai,e5,s100,2,plots,plots,,250513/1_bulk,250513/1_bulk/2/plots/e5_s100/pred-chai_fold2.csv,250513/1_bulk/2/plots/e5_s100/pred-chai_fold2.csv,/home/hwjang/project/250513/1_bulk/2/plots/e5_s100/pred-chai_fold2.csv,250513/1_bulk/2/plots/e5_s100/pred-chai_fold2.csv,-0.51817,0.38663,dataset/full/test.csv,Exact 15-mer match,0.8884631217978665,0.8899788609734796,0.7970211193541968,0.8024401040225752,0.6053145837866801
chai,e5,s100,2,plots,plots,,250513/1_bulk,250513/1_bulk/2/plots/e5_s100/pred-chai_fold2.csv,250513/1_bulk/2/plots/e5_s100/pred-chai_fold2.csv,/home/hwjang/project/250513/1_bulk/2/plots/e5_s100/pred-chai_fold2.csv,250513/1_bulk/2/plots/e5_s100/pred-chai_fold2.csv,-0.51817,0.38663,dataset/full/test.csv,"9-mer overlap, not exact",0.9055233576079152,0.9790426556148304,0.9268167860798362,0.8770421324161651,0.5430764851933053
chai,e5,s100,3,plots,plots,,250513/1_bulk,250513/1_bulk/2/plots/e5_s100/pred-chai_fold3.csv,250513/1_bulk/2/plots/e5_s100/pred-chai_fold3.csv,/home/hwjang/project/250513/1_bulk/2/plots/e5_s100/pred-chai_fold3.csv,250513/1_bulk/2/plots/e5_s100/pred-chai_fold3.csv,-0.64471,0.38083,dataset/full/test.csv,Overall,0.913867358622307,0.9405471490503602,0.8573478207618148,0.831382362673726,0.6518483085913787
chai,e5,s100,3,plots,plots,,250513/1_bulk,250513/1_bulk/2/plots/e5_s100/pred-chai_fold3.csv,250513/1_bulk/2/plots/e5_s100/pred-chai_fold3.csv,/home/hwjang/project/250513/1_bulk/2/plots/e5_s100/pred-chai_fold3.csv,250513/1_bulk/2/plots/e5_s100/pred-chai_fold3.csv,-0.64471,0.38083,dataset/full/test.csv,No 9-mer overlap,0.8597087835704751,0.9952133854771884,0.9648613474822304,0.9328615149196634,0.2396366158658451
chai,e5,s100,3,plots,plots,,250513/1_bulk,250513/1_bulk/2/plots/e5_s100/pred-chai_fold3.csv,250513/1_bulk/2/plots/e5_s100/pred-chai_fold3.csv,/home/hwjang/project/250513/1_bulk/2/plots/e5_s100/pred-chai_fold3.csv,250513/1_bulk/2/plots/e5_s100/pred-chai_fold3.csv,-0.64471,0.38083,dataset/full/test.csv,>=1 9-mer overlap,0.9054595679424552,0.9228425386365272,0.8345772199134933,0.8190798627214544,0.6360490386110358
chai,e5,s100,3,plots,plots,,250513/1_bulk,250513/1_bulk/2/plots/e5_s100/pred-chai_fold3.csv,250513/1_bulk/2/plots/e5_s100/pred-chai_fold3.csv,/home/hwjang/project/250513/1_bulk/2/plots/e5_s100/pred-chai_fold3.csv,250513/1_bulk/2/plots/e5_s100/pred-chai_fold3.csv,-0.64471,0.38083,dataset/full/test.csv,Exact 15-mer match,0.8938559800604157,0.8955785667296248,0.8023735518508053,0.8065069440602003,0.6140125581331733
chai,e5,s100,3,plots,plots,,250513/1_bulk,250513/1_bulk/2/plots/e5_s100/pred-chai_fold3.csv,250513/1_bulk/2/plots/e5_s100/pred-chai_fold3.csv,/home/hwjang/project/250513/1_bulk/2/plots/e5_s100/pred-chai_fold3.csv,250513/1_bulk/2/plots/e5_s100/pred-chai_fold3.csv,-0.64471,0.38083,dataset/full/test.csv,"9-mer overlap, not exact",0.9119242205722627,0.9804296646172436,0.9313742143706472,0.8842075093149899,0.5628694502959758
chai,e5,s100,4,plots,plots,,250513/1_bulk,250513/1_bulk/2/plots/e5_s100/pred-chai_fold4.csv,250513/1_bulk/2/plots/e5_s100/pred-chai_fold4.csv,/home/hwjang/project/250513/1_bulk/2/plots/e5_s100/pred-chai_fold4.csv,250513/1_bulk/2/plots/e5_s100/pred-chai_fold4.csv,-0.58749,0.38307,dataset/full/test.csv,Overall,0.9149517221459232,0.9415497101118468,0.855241740748028,0.8326232627399074,0.6569466067267394
chai,e5,s100,4,plots,plots,,250513/1_bulk,250513/1_bulk/2/plots/e5_s100/pred-chai_fold4.csv,250513/1_bulk/2/plots/e5_s100/pred-chai_fold4.csv,/home/hwjang/project/250513/1_bulk/2/plots/e5_s100/pred-chai_fold4.csv,250513/1_bulk/2/plots/e5_s100/pred-chai_fold4.csv,-0.58749,0.38307,dataset/full/test.csv,No 9-mer overlap,0.8872547119128456,0.9962318941466052,0.9612747075433644,0.9265493496557,0.2981200164204914
chai,e5,s100,4,plots,plots,,250513/1_bulk,250513/1_bulk/2/plots/e5_s100/pred-chai_fold4.csv,250513/1_bulk/2/plots/e5_s100/pred-chai_fold4.csv,/home/hwjang/project/250513/1_bulk/2/plots/e5_s100/pred-chai_fold4.csv,250513/1_bulk/2/plots/e5_s100/pred-chai_fold4.csv,-0.58749,0.38307,dataset/full/test.csv,>=1 9-mer overlap,0.90602517671094,0.9236256045059604,0.8323802483094519,0.8212364344680456,0.6408895936702795
chai,e5,s100,4,plots,plots,,250513/1_bulk,250513/1_bulk/2/plots/e5_s100/pred-chai_fold4.csv,250513/1_bulk/2/plots/e5_s100/pred-chai_fold4.csv,/home/hwjang/project/250513/1_bulk/2/plots/e5_s100/pred-chai_fold4.csv,250513/1_bulk/2/plots/e5_s100/pred-chai_fold4.csv,-0.58749,0.38307,dataset/full/test.csv,Exact 15-mer match,0.8950877281991936,0.8966383828920841,0.8019225757882851,0.8107397775687489,0.6207456602895153
chai,e5,s100,4,plots,plots,,250513/1_bulk,250513/1_bulk/2/plots/e5_s100/pred-chai_fold4.csv,250513/1_bulk/2/plots/e5_s100/pred-chai_fold4.csv,/home/hwjang/project/250513/1_bulk/2/plots/e5_s100/pred-chai_fold4.csv,250513/1_bulk/2/plots/e5_s100/pred-chai_fold4.csv,-0.58749,0.38307,dataset/full/test.csv,"9-mer overlap, not exact",0.9216649158105276,0.9833042232604086,0.924218613584774,0.8756090570364001,0.5801850702476841
chai,e5,s128,0,plots,plots,,250513/1_bulk,250513/1_bulk/4/plots/e5_s128/pred-chai_fold0.csv,250513/1_bulk/4/plots/e5_s128/pred-chai_fold0.csv,/home/hwjang/project/250513/1_bulk/4/plots/e5_s128/pred-chai_fold0.csv,250513/1_bulk/4/plots/e5_s128/pred-chai_fold0.csv,-0.84791,0.37438,dataset/full/test.csv,Overall,0.913723100624486,0.9405071818462698,0.8494761520990549,0.8300380542686963,0.6562607871614996
chai,e5,s128,0,plots,plots,,250513/1_bulk,250513/1_bulk/4/plots/e5_s128/pred-chai_fold0.csv,250513/1_bulk/4/plots/e5_s128/pred-chai_fold0.csv,/home/hwjang/project/250513/1_bulk/4/plots/e5_s128/pred-chai_fold0.csv,250513/1_bulk/4/plots/e5_s128/pred-chai_fold0.csv,-0.84791,0.37438,dataset/full/test.csv,No 9-mer overlap,0.8501824948906969,0.994497166563596,0.9516736188828976,0.9091430757459832,0.254829711395948
chai,e5,s128,0,plots,plots,,250513/1_bulk,250513/1_bulk/4/plots/e5_s128/pred-chai_fold0.csv,250513/1_bulk/4/plots/e5_s128/pred-chai_fold0.csv,/home/hwjang/project/250513/1_bulk/4/plots/e5_s128/pred-chai_fold0.csv,250513/1_bulk/4/plots/e5_s128/pred-chai_fold0.csv,-0.84791,0.37438,dataset/full/test.csv,>=1 9-mer overlap,0.905613958561136,0.9231808119988728,0.827037773359841,0.8204480103886467,0.6418492723698106
chai,e5,s128,0,plots,plots,,250513/1_bulk,250513/1_bulk/4/plots/e5_s128/pred-chai_fold0.csv,250513/1_bulk/4/plots/e5_s128/pred-chai_fold0.csv,/home/hwjang/project/250513/1_bulk/4/plots/e5_s128/pred-chai_fold0.csv,250513/1_bulk/4/plots/e5_s128/pred-chai_fold0.csv,-0.84791,0.37438,dataset/full/test.csv,Exact 15-mer match,0.8937810537438928,0.8958043427545387,0.7938531861786906,0.8103524594699275,0.6199615786935344
chai,e5,s128,0,plots,plots,,250513/1_bulk,250513/1_bulk/4/plots/e5_s128/pred-chai_fold0.csv,250513/1_bulk/4/plots/e5_s128/pred-chai_fold0.csv,/home/hwjang/project/250513/1_bulk/4/plots/e5_s128/pred-chai_fold0.csv,250513/1_bulk/4/plots/e5_s128/pred-chai_fold0.csv,-0.84791,0.37438,dataset/full/test.csv,"9-mer overlap, not exact",0.912145896764774,0.9805852640419286,0.9228764981761334,0.8727429062768701,0.5605850013371133
chai,e5,s128,1,plots,plots,,250513/1_bulk,250513/1_bulk/4/plots/e5_s128/pred-chai_fold1.csv,250513/1_bulk/4/plots/e5_s128/pred-chai_fold1.csv,/home/hwjang/project/250513/1_bulk/4/plots/e5_s128/pred-chai_fold1.csv,250513/1_bulk/4/plots/e5_s128/pred-chai_fold1.csv,-0.20005,0.40213,dataset/full/test.csv,Overall,0.9120784909035996,0.9392913857795304,0.855793781259837,0.8294589675711449,0.6478292547715957
chai,e5,s128,1,plots,plots,,250513/1_bulk,250513/1_bulk/4/plots/e5_s128/pred-chai_fold1.csv,250513/1_bulk/4/plots/e5_s128/pred-chai_fold1.csv,/home/hwjang/project/250513/1_bulk/4/plots/e5_s128/pred-chai_fold1.csv,250513/1_bulk/4/plots/e5_s128/pred-chai_fold1.csv,-0.20005,0.40213,dataset/full/test.csv,No 9-mer overlap,0.8729694327981258,0.9956185421961194,0.9666031491324842,0.9363045141545524,0.3169152192756539
chai,e5,s128,1,plots,plots,,250513/1_bulk,250513/1_bulk/4/plots/e5_s128/pred-chai_fold1.csv,250513/1_bulk/4/plots/e5_s128/pred-chai_fold1.csv,/home/hwjang/project/250513/1_bulk/4/plots/e5_s128/pred-chai_fold1.csv,250513/1_bulk/4/plots/e5_s128/pred-chai_fold1.csv,-0.20005,0.40213,dataset/full/test.csv,>=1 9-mer overlap,0.9029154591810312,0.9208284757672732,0.8323907563915189,0.816505889991652,0.6308702946187921
chai,e5,s128,1,plots,plots,,250513/1_bulk,250513/1_bulk/4/plots/e5_s128/pred-chai_fold1.csv,250513/1_bulk/4/plots/e5_s128/pred-chai_fold1.csv,/home/hwjang/project/250513/1_bulk/4/plots/e5_s128/pred-chai_fold1.csv,250513/1_bulk/4/plots/e5_s128/pred-chai_fold1.csv,-0.20005,0.40213,dataset/full/test.csv,Exact 15-mer match,0.8906993582032816,0.8923790071285094,0.7998876246663857,0.8029380844353455,0.6074896961861971
chai,e5,s128,1,plots,plots,,250513/1_bulk,250513/1_bulk/4/plots/e5_s128/pred-chai_fold1.csv,250513/1_bulk/4/plots/e5_s128/pred-chai_fold1.csv,/home/hwjang/project/250513/1_bulk/4/plots/e5_s128/pred-chai_fold1.csv,250513/1_bulk/4/plots/e5_s128/pred-chai_fold1.csv,-0.20005,0.40213,dataset/full/test.csv,"9-mer overlap, not exact",0.920914199146532,0.9826998647995496,0.9319903581267218,0.886787044998567,0.594437246585457
chai,e5,s128,2,plots,plots,,250513/1_bulk,250513/1_bulk/4/plots/e5_s128/pred-chai_fold2.csv,250513/1_bulk/4/plots/e5_s128/pred-chai_fold2.csv,/home/hwjang/project/250513/1_bulk/4/plots/e5_s128/pred-chai_fold2.csv,250513/1_bulk/4/plots/e5_s128/pred-chai_fold2.csv,-0.69847,0.38501,dataset/full/test.csv,Overall,0.9128533019236892,0.9399252761527056,0.8533251917171027,0.8310928193249504,0.6544641196872583
chai,e5,s128,2,plots,plots,,250513/1_bulk,250513/1_bulk/4/plots/e5_s128/pred-chai_fold2.csv,250513/1_bulk/4/plots/e5_s128/pred-chai_fold2.csv,/home/hwjang/project/250513/1_bulk/4/plots/e5_s128/pred-chai_fold2.csv,250513/1_bulk/4/plots/e5_s128/pred-chai_fold2.csv,-0.69847,0.38501,dataset/full/test.csv,No 9-mer overlap,0.8856194579984824,0.996108031283811,0.9544900446972776,0.9143075745983168,0.2848146223856634
chai,e5,s128,2,plots,plots,,250513/1_bulk,250513/1_bulk/4/plots/e5_s128/pred-chai_fold2.csv,250513/1_bulk/4/plots/e5_s128/pred-chai_fold2.csv,/home/hwjang/project/250513/1_bulk/4/plots/e5_s128/pred-chai_fold2.csv,250513/1_bulk/4/plots/e5_s128/pred-chai_fold2.csv,-0.69847,0.38501,dataset/full/test.csv,>=1 9-mer overlap,0.9045703778561668,0.9222587551921996,0.8315989266313241,0.8210045450329283,0.6406299720460944
chai,e5,s128,2,plots,plots,,250513/1_bulk,250513/1_bulk/4/plots/e5_s128/pred-chai_fold2.csv,250513/1_bulk/4/plots/e5_s128/pred-chai_fold2.csv,/home/hwjang/project/250513/1_bulk/4/plots/e5_s128/pred-chai_fold2.csv,250513/1_bulk/4/plots/e5_s128/pred-chai_fold2.csv,-0.69847,0.38501,dataset/full/test.csv,Exact 15-mer match,0.8935930099391283,0.8952534875668425,0.8009536547072164,0.8106014496763128,0.6203115940301037
chai,e5,s128,2,plots,plots,,250513/1_bulk,250513/1_bulk/4/plots/e5_s128/pred-chai_fold2.csv,250513/1_bulk/4/plots/e5_s128/pred-chai_fold2.csv,/home/hwjang/project/250513/1_bulk/4/plots/e5_s128/pred-chai_fold2.csv,250513/1_bulk/4/plots/e5_s128/pred-chai_fold2.csv,-0.69847,0.38501,dataset/full/test.csv,"9-mer overlap, not exact",0.918959991453448,0.9823358526810066,0.9237088176177576,0.8748925193465176,0.5795339396549004
chai,e5,s128,3,plots,plots,,250513/1_bulk,250513/1_bulk/4/plots/e5_s128/pred-chai_fold3.csv,250513/1_bulk/4/plots/e5_s128/pred-chai_fold3.csv,/home/hwjang/project/250513/1_bulk/4/plots/e5_s128/pred-chai_fold3.csv,250513/1_bulk/4/plots/e5_s128/pred-chai_fold3.csv,-2.90733,0.3964,dataset/full/test.csv,Overall,0.9135815686375036,0.9402011842253456,0.8494187221069257,0.8304310059563204,0.6576972701943412
chai,e5,s128,3,plots,plots,,250513/1_bulk,250513/1_bulk/4/plots/e5_s128/pred-chai_fold3.csv,250513/1_bulk/4/plots/e5_s128/pred-chai_fold3.csv,/home/hwjang/project/250513/1_bulk/4/plots/e5_s128/pred-chai_fold3.csv,250513/1_bulk/4/plots/e5_s128/pred-chai_fold3.csv,-2.90733,0.3964,dataset/full/test.csv,No 9-mer overlap,0.843476707670324,0.9941225324913812,0.9486472690148036,0.903787299158378,0.2554003009198582
chai,e5,s128,3,plots,plots,,250513/1_bulk,250513/1_bulk/4/plots/e5_s128/pred-chai_fold3.csv,250513/1_bulk/4/plots/e5_s128/pred-chai_fold3.csv,/home/hwjang/project/250513/1_bulk/4/plots/e5_s128/pred-chai_fold3.csv,250513/1_bulk/4/plots/e5_s128/pred-chai_fold3.csv,-2.90733,0.3964,dataset/full/test.csv,>=1 9-mer overlap,0.9058228408761972,0.9232651581475942,0.8276526179065705,0.8215378907336982,0.6443728500410263
chai,e5,s128,3,plots,plots,,250513/1_bulk,250513/1_bulk/4/plots/e5_s128/pred-chai_fold3.csv,250513/1_bulk/4/plots/e5_s128/pred-chai_fold3.csv,/home/hwjang/project/250513/1_bulk/4/plots/e5_s128/pred-chai_fold3.csv,250513/1_bulk/4/plots/e5_s128/pred-chai_fold3.csv,-2.90733,0.3964,dataset/full/test.csv,Exact 15-mer match,0.8951531113256116,0.8969509843366669,0.7967943330531877,0.8127040336413435,0.62462429047669
chai,e5,s128,3,plots,plots,,250513/1_bulk,250513/1_bulk/4/plots/e5_s128/pred-chai_fold3.csv,250513/1_bulk/4/plots/e5_s128/pred-chai_fold3.csv,/home/hwjang/project/250513/1_bulk/4/plots/e5_s128/pred-chai_fold3.csv,250513/1_bulk/4/plots/e5_s128/pred-chai_fold3.csv,-2.90733,0.3964,dataset/full/test.csv,"9-mer overlap, not exact",0.9127147766323024,0.9808622209554388,0.9183277473981302,0.8672972198337633,0.5717133183763106
chai,e5,s128,4,plots,plots,,250513/1_bulk,250513/1_bulk/4/plots/e5_s128/pred-chai_fold4.csv,250513/1_bulk/4/plots/e5_s128/pred-chai_fold4.csv,/home/hwjang/project/250513/1_bulk/4/plots/e5_s128/pred-chai_fold4.csv,250513/1_bulk/4/plots/e5_s128/pred-chai_fold4.csv,-0.09923,0.38899,dataset/full/test.csv,Overall,0.9154498632780776,0.9412758897516004,0.8567446455664938,0.8320648577101257,0.6540087981282297
chai,e5,s128,4,plots,plots,,250513/1_bulk,250513/1_bulk/4/plots/e5_s128/pred-chai_fold4.csv,250513/1_bulk/4/plots/e5_s128/pred-chai_fold4.csv,/home/hwjang/project/250513/1_bulk/4/plots/e5_s128/pred-chai_fold4.csv,250513/1_bulk/4/plots/e5_s128/pred-chai_fold4.csv,-0.09923,0.38899,dataset/full/test.csv,No 9-mer overlap,0.8498972600842966,0.9945859200334916,0.9601047753374976,0.9242540168324408,0.2534638542954966
chai,e5,s128,4,plots,plots,,250513/1_bulk,250513/1_bulk/4/plots/e5_s128/pred-chai_fold4.csv,250513/1_bulk/4/plots/e5_s128/pred-chai_fold4.csv,/home/hwjang/project/250513/1_bulk/4/plots/e5_s128/pred-chai_fold4.csv,250513/1_bulk/4/plots/e5_s128/pred-chai_fold4.csv,-0.09923,0.38899,dataset/full/test.csv,>=1 9-mer overlap,0.9076097923028368,0.9242537095330278,0.8348019505518008,0.8208886003153696,0.6396530766499924
chai,e5,s128,4,plots,plots,,250513/1_bulk,250513/1_bulk/4/plots/e5_s128/pred-chai_fold4.csv,250513/1_bulk/4/plots/e5_s128/pred-chai_fold4.csv,/home/hwjang/project/250513/1_bulk/4/plots/e5_s128/pred-chai_fold4.csv,250513/1_bulk/4/plots/e5_s128/pred-chai_fold4.csv,-0.09923,0.38899,dataset/full/test.csv,Exact 15-mer match,0.8970807267932792,0.8980272829344245,0.8048114656202013,0.8101034692635423,0.6206224668982352
chai,e5,s128,4,plots,plots,,250513/1_bulk,250513/1_bulk/4/plots/e5_s128/pred-chai_fold4.csv,250513/1_bulk/4/plots/e5_s128/pred-chai_fold4.csv,/home/hwjang/project/250513/1_bulk/4/plots/e5_s128/pred-chai_fold4.csv,250513/1_bulk/4/plots/e5_s128/pred-chai_fold4.csv,-0.09923,0.38899,dataset/full/test.csv,"9-mer overlap, not exact",0.9181229931924338,0.9821667985050584,0.9257981018119068,0.8767555173402121,0.5625374583738573
chai,e5,s42,0,plots,plots,,250513/1_bulk,250513/1_bulk/2/plots/e5_s42/pred-chai_fold0.csv,250513/1_bulk/2/plots/e5_s42/pred-chai_fold0.csv,/home/hwjang/project/250513/1_bulk/2/plots/e5_s42/pred-chai_fold0.csv,250513/1_bulk/2/plots/e5_s42/pred-chai_fold0.csv,-0.81677,0.3808,dataset/full/test.csv,Overall,0.9117038937778152,0.9395397418602148,0.8517400057520851,0.8294176042356055,0.6511850796070917
chai,e5,s42,0,plots,plots,,250513/1_bulk,250513/1_bulk/2/plots/e5_s42/pred-chai_fold0.csv,250513/1_bulk/2/plots/e5_s42/pred-chai_fold0.csv,/home/hwjang/project/250513/1_bulk/2/plots/e5_s42/pred-chai_fold0.csv,250513/1_bulk/2/plots/e5_s42/pred-chai_fold0.csv,-0.81677,0.3808,dataset/full/test.csv,No 9-mer overlap,0.8932737201818857,0.9964990810985888,0.958227976130272,0.9210022953328232,0.2853021398358136
chai,e5,s42,0,plots,plots,,250513/1_bulk,250513/1_bulk/2/plots/e5_s42/pred-chai_fold0.csv,250513/1_bulk/2/plots/e5_s42/pred-chai_fold0.csv,/home/hwjang/project/250513/1_bulk/2/plots/e5_s42/pred-chai_fold0.csv,250513/1_bulk/2/plots/e5_s42/pred-chai_fold0.csv,-0.81677,0.3808,dataset/full/test.csv,>=1 9-mer overlap,0.9026390138180652,0.9210219400149569,0.8287244507596458,0.8183146275855672,0.6353687104534066
chai,e5,s42,0,plots,plots,,250513/1_bulk,250513/1_bulk/2/plots/e5_s42/pred-chai_fold0.csv,250513/1_bulk/2/plots/e5_s42/pred-chai_fold0.csv,/home/hwjang/project/250513/1_bulk/2/plots/e5_s42/pred-chai_fold0.csv,250513/1_bulk/2/plots/e5_s42/pred-chai_fold0.csv,-0.81677,0.3808,dataset/full/test.csv,Exact 15-mer match,0.8904365706607115,0.8921598110402118,0.796309273534221,0.8070049244729707,0.6129784976962072
chai,e5,s42,0,plots,plots,,250513/1_bulk,250513/1_bulk/2/plots/e5_s42/pred-chai_fold0.csv,250513/1_bulk/2/plots/e5_s42/pred-chai_fold0.csv,/home/hwjang/project/250513/1_bulk/2/plots/e5_s42/pred-chai_fold0.csv,250513/1_bulk/2/plots/e5_s42/pred-chai_fold0.csv,-0.81677,0.3808,dataset/full/test.csv,"9-mer overlap, not exact",0.92006481135267,0.9828364949641256,0.9252848569191964,0.8768988248781886,0.5777014702506222
chai,e5,s42,1,plots,plots,,250513/1_bulk,250513/1_bulk/2/plots/e5_s42/pred-chai_fold1.csv,250513/1_bulk/2/plots/e5_s42/pred-chai_fold1.csv,/home/hwjang/project/250513/1_bulk/2/plots/e5_s42/pred-chai_fold1.csv,250513/1_bulk/2/plots/e5_s42/pred-chai_fold1.csv,0.00427,0.41051,dataset/full/test.csv,Overall,0.9202223437082944,0.944800920377318,0.8636482050747668,0.8376282263401721,0.6643687489421256
chai,e5,s42,1,plots,plots,,250513/1_bulk,250513/1_bulk/2/plots/e5_s42/pred-chai_fold1.csv,250513/1_bulk/2/plots/e5_s42/pred-chai_fold1.csv,/home/hwjang/project/250513/1_bulk/2/plots/e5_s42/pred-chai_fold1.csv,250513/1_bulk/2/plots/e5_s42/pred-chai_fold1.csv,0.00427,0.41051,dataset/full/test.csv,No 9-mer overlap,0.8717440308385902,0.9956887225485164,0.9665598718462156,0.9361132364192808,0.2829586154773307
chai,e5,s42,1,plots,plots,,250513/1_bulk,250513/1_bulk/2/plots/e5_s42/pred-chai_fold1.csv,250513/1_bulk/2/plots/e5_s42/pred-chai_fold1.csv,/home/hwjang/project/250513/1_bulk/2/plots/e5_s42/pred-chai_fold1.csv,250513/1_bulk/2/plots/e5_s42/pred-chai_fold1.csv,0.00427,0.41051,dataset/full/test.csv,>=1 9-mer overlap,0.9126708352875624,0.928452605723034,0.8420499674308167,0.8256887116222985,0.6497215845888394
chai,e5,s42,1,plots,plots,,250513/1_bulk,250513/1_bulk/2/plots/e5_s42/pred-chai_fold1.csv,250513/1_bulk/2/plots/e5_s42/pred-chai_fold1.csv,/home/hwjang/project/250513/1_bulk/2/plots/e5_s42/pred-chai_fold1.csv,250513/1_bulk/2/plots/e5_s42/pred-chai_fold1.csv,0.00427,0.41051,dataset/full/test.csv,Exact 15-mer match,0.9023212591715848,0.9030952900667464,0.8115829040790756,0.8127870303768052,0.6283519731852275
chai,e5,s42,1,plots,plots,,250513/1_bulk,250513/1_bulk/2/plots/e5_s42/pred-chai_fold1.csv,250513/1_bulk/2/plots/e5_s42/pred-chai_fold1.csv,/home/hwjang/project/250513/1_bulk/2/plots/e5_s42/pred-chai_fold1.csv,250513/1_bulk/2/plots/e5_s42/pred-chai_fold1.csv,0.00427,0.41051,dataset/full/test.csv,"9-mer overlap, not exact",0.9243751817626076,0.9833495950300882,0.9357656731757452,0.8925193465176269,0.6069455349453841
chai,e5,s42,2,plots,plots,,250513/1_bulk,250513/1_bulk/2/plots/e5_s42/pred-chai_fold2.csv,250513/1_bulk/2/plots/e5_s42/pred-chai_fold2.csv,/home/hwjang/project/250513/1_bulk/2/plots/e5_s42/pred-chai_fold2.csv,250513/1_bulk/2/plots/e5_s42/pred-chai_fold2.csv,-0.03629,0.39634,dataset/full/test.csv,Overall,0.9180328147904736,0.9434552538728646,0.8601299406335919,0.8348155195234944,0.6590172949637036
chai,e5,s42,2,plots,plots,,250513/1_bulk,250513/1_bulk/2/plots/e5_s42/pred-chai_fold2.csv,250513/1_bulk/2/plots/e5_s42/pred-chai_fold2.csv,/home/hwjang/project/250513/1_bulk/2/plots/e5_s42/pred-chai_fold2.csv,250513/1_bulk/2/plots/e5_s42/pred-chai_fold2.csv,-0.03629,0.39634,dataset/full/test.csv,No 9-mer overlap,0.8852456065532004,0.9961877157245204,0.9649984956373484,0.9332440703902066,0.2788950652664836
chai,e5,s42,2,plots,plots,,250513/1_bulk,250513/1_bulk/2/plots/e5_s42/pred-chai_fold2.csv,250513/1_bulk/2/plots/e5_s42/pred-chai_fold2.csv,/home/hwjang/project/250513/1_bulk/2/plots/e5_s42/pred-chai_fold2.csv,250513/1_bulk/2/plots/e5_s42/pred-chai_fold2.csv,-0.03629,0.39634,dataset/full/test.csv,>=1 9-mer overlap,0.9097376955315306,0.9262739988434164,0.8379444963082406,0.8228828494573788,0.6437145608572757
chai,e5,s42,2,plots,plots,,250513/1_bulk,250513/1_bulk/2/plots/e5_s42/pred-chai_fold2.csv,250513/1_bulk/2/plots/e5_s42/pred-chai_fold2.csv,/home/hwjang/project/250513/1_bulk/2/plots/e5_s42/pred-chai_fold2.csv,250513/1_bulk/2/plots/e5_s42/pred-chai_fold2.csv,-0.03629,0.39634,dataset/full/test.csv,Exact 15-mer match,0.8982910886737177,0.899365556656059,0.8067861571412468,0.8103247938914403,0.6219338134890259
chai,e5,s42,2,plots,plots,,250513/1_bulk,250513/1_bulk/2/plots/e5_s42/pred-chai_fold2.csv,250513/1_bulk/2/plots/e5_s42/pred-chai_fold2.csv,/home/hwjang/project/250513/1_bulk/2/plots/e5_s42/pred-chai_fold2.csv,250513/1_bulk/2/plots/e5_s42/pred-chai_fold2.csv,-0.03629,0.39634,dataset/full/test.csv,"9-mer overlap, not exact",0.9267757835823108,0.9841752770655188,0.932864010989011,0.8879335053023789,0.59404860989636
chai,e5,s42,3,plots,plots,,250513/1_bulk,250513/1_bulk/2/plots/e5_s42/pred-chai_fold3.csv,250513/1_bulk/2/plots/e5_s42/pred-chai_fold3.csv,/home/hwjang/project/250513/1_bulk/2/plots/e5_s42/pred-chai_fold3.csv,250513/1_bulk/2/plots/e5_s42/pred-chai_fold3.csv,-2.06544,0.39279,dataset/full/test.csv,Overall,0.9129442840733186,0.9400759227587584,0.8530512611879577,0.831920086035738,0.6573719185132354
chai,e5,s42,3,plots,plots,,250513/1_bulk,250513/1_bulk/2/plots/e5_s42/pred-chai_fold3.csv,250513/1_bulk/2/plots/e5_s42/pred-chai_fold3.csv,/home/hwjang/project/250513/1_bulk/2/plots/e5_s42/pred-chai_fold3.csv,250513/1_bulk/2/plots/e5_s42/pred-chai_fold3.csv,-2.06544,0.39279,dataset/full/test.csv,No 9-mer overlap,0.8768921037036217,0.9959943866347736,0.954093032703636,0.9135424636572304,0.273221372899743
chai,e5,s42,3,plots,plots,,250513/1_bulk,250513/1_bulk/2/plots/e5_s42/pred-chai_fold3.csv,250513/1_bulk/2/plots/e5_s42/pred-chai_fold3.csv,/home/hwjang/project/250513/1_bulk/2/plots/e5_s42/pred-chai_fold3.csv,250513/1_bulk/2/plots/e5_s42/pred-chai_fold3.csv,-2.06544,0.39279,dataset/full/test.csv,>=1 9-mer overlap,0.9047780208886852,0.9225069974662182,0.8311665456785235,0.8220248585474446,0.6433217923538332
chai,e5,s42,3,plots,plots,,250513/1_bulk,250513/1_bulk/2/plots/e5_s42/pred-chai_fold3.csv,250513/1_bulk/2/plots/e5_s42/pred-chai_fold3.csv,/home/hwjang/project/250513/1_bulk/2/plots/e5_s42/pred-chai_fold3.csv,250513/1_bulk/2/plots/e5_s42/pred-chai_fold3.csv,-2.06544,0.39279,dataset/full/test.csv,Exact 15-mer match,0.8929624612971092,0.8950808233398254,0.7986925025030921,0.8108781054611852,0.6206293459986953
chai,e5,s42,3,plots,plots,,250513/1_bulk,250513/1_bulk/2/plots/e5_s42/pred-chai_fold3.csv,250513/1_bulk/2/plots/e5_s42/pred-chai_fold3.csv,/home/hwjang/project/250513/1_bulk/2/plots/e5_s42/pred-chai_fold3.csv,250513/1_bulk/2/plots/e5_s42/pred-chai_fold3.csv,-2.06544,0.39279,dataset/full/test.csv,"9-mer overlap, not exact",0.9149318353126912,0.9807632980332582,0.92704982175463,0.8797649756377185,0.5869669728770182
chai,e5,s42,4,plots,plots,,250513/1_bulk,250513/1_bulk/2/plots/e5_s42/pred-chai_fold4.csv,250513/1_bulk/2/plots/e5_s42/pred-chai_fold4.csv,/home/hwjang/project/250513/1_bulk/2/plots/e5_s42/pred-chai_fold4.csv,250513/1_bulk/2/plots/e5_s42/pred-chai_fold4.csv,-0.47426,0.40245,dataset/full/test.csv,Overall,0.910258913820366,0.9381535726779372,0.851164203641822,0.8277423891462607,0.6467897559071828
chai,e5,s42,4,plots,plots,,250513/1_bulk,250513/1_bulk/2/plots/e5_s42/pred-chai_fold4.csv,250513/1_bulk/2/plots/e5_s42/pred-chai_fold4.csv,/home/hwjang/project/250513/1_bulk/2/plots/e5_s42/pred-chai_fold4.csv,250513/1_bulk/2/plots/e5_s42/pred-chai_fold4.csv,-0.47426,0.40245,dataset/full/test.csv,No 9-mer overlap,0.8622260499687072,0.9954942953693136,0.955863044136956,0.9164116296863044,0.2084478133433639
chai,e5,s42,4,plots,plots,,250513/1_bulk,250513/1_bulk/2/plots/e5_s42/pred-chai_fold4.csv,250513/1_bulk/2/plots/e5_s42/pred-chai_fold4.csv,/home/hwjang/project/250513/1_bulk/2/plots/e5_s42/pred-chai_fold4.csv,250513/1_bulk/2/plots/e5_s42/pred-chai_fold4.csv,-0.47426,0.40245,dataset/full/test.csv,>=1 9-mer overlap,0.9017510619338636,0.919843951183948,0.828658271819366,0.8169928578053984,0.6322812473907807
chai,e5,s42,4,plots,plots,,250513/1_bulk,250513/1_bulk/2/plots/e5_s42/pred-chai_fold4.csv,250513/1_bulk/2/plots/e5_s42/pred-chai_fold4.csv,/home/hwjang/project/250513/1_bulk/2/plots/e5_s42/pred-chai_fold4.csv,250513/1_bulk/2/plots/e5_s42/pred-chai_fold4.csv,-0.47426,0.40245,dataset/full/test.csv,Exact 15-mer match,0.8894138674820287,0.8910162722053213,0.7955765825907758,0.8051513307143252,0.60944738573801
chai,e5,s42,4,plots,plots,,250513/1_bulk,250513/1_bulk/2/plots/e5_s42/pred-chai_fold4.csv,250513/1_bulk/2/plots/e5_s42/pred-chai_fold4.csv,/home/hwjang/project/250513/1_bulk/2/plots/e5_s42/pred-chai_fold4.csv,250513/1_bulk/2/plots/e5_s42/pred-chai_fold4.csv,-0.47426,0.40245,dataset/full/test.csv,"9-mer overlap, not exact",0.9164939550949912,0.9821168467696038,0.9268544843628844,0.8783319002579536,0.5655221242390187
deepneo,e3,s100,0,plots,plots,,250516/7_ic50_etc,250516/7_ic50_etc/plots/e3_s100/pred-deepneo_fold0.csv,250516/7_ic50_etc/plots/e3_s100/pred-deepneo_fold0.csv,/home/hwjang/project/250516/7_ic50_etc/plots/e3_s100/pred-deepneo_fold0.csv,250516/7_ic50_etc/plots/e3_s100/pred-deepneo_fold0.csv,0.74263,0.40473,dataset/full/test_beta.csv,Overall,0.8924782210517317,0.925971677610288,0.8338348744323467,0.8088574665379935,0.6094292286795635
deepneo,e3,s100,0,plots,plots,,250516/7_ic50_etc,250516/7_ic50_etc/plots/e3_s100/pred-deepneo_fold0.csv,250516/7_ic50_etc/plots/e3_s100/pred-deepneo_fold0.csv,/home/hwjang/project/250516/7_ic50_etc/plots/e3_s100/pred-deepneo_fold0.csv,250516/7_ic50_etc/plots/e3_s100/pred-deepneo_fold0.csv,0.74263,0.40473,dataset/full/test_beta.csv,No 9-mer overlap,0.8615514827956638,0.9944422885238104,0.961138588876552,0.9262734584450402,0.2932524499597406
deepneo,e3,s100,0,plots,plots,,250516/7_ic50_etc,250516/7_ic50_etc/plots/e3_s100/pred-deepneo_fold0.csv,250516/7_ic50_etc/plots/e3_s100/pred-deepneo_fold0.csv,/home/hwjang/project/250516/7_ic50_etc/plots/e3_s100/pred-deepneo_fold0.csv,250516/7_ic50_etc/plots/e3_s100/pred-deepneo_fold0.csv,0.74263,0.40473,dataset/full/test_beta.csv,>=1 9-mer overlap,0.8797746819095281,0.9025091442659992,0.805760840530674,0.7944114598058618,0.5877399235406736
deepneo,e3,s100,0,plots,plots,,250516/7_ic50_etc,250516/7_ic50_etc/plots/e3_s100/pred-deepneo_fold0.csv,250516/7_ic50_etc/plots/e3_s100/pred-deepneo_fold0.csv,/home/hwjang/project/250516/7_ic50_etc/plots/e3_s100/pred-deepneo_fold0.csv,250516/7_ic50_etc/plots/e3_s100/pred-deepneo_fold0.csv,0.74263,0.40473,dataset/full/test_beta.csv,Exact 15-mer match,0.8628549752916103,0.8659306369668447,0.7651711889197338,0.7782256927804245,0.5552663453517327
deepneo,e3,s100,0,plots,plots,,250516/7_ic50_etc,250516/7_ic50_etc/plots/e3_s100/pred-deepneo_fold0.csv,250516/7_ic50_etc/plots/e3_s100/pred-deepneo_fold0.csv,/home/hwjang/project/250516/7_ic50_etc/plots/e3_s100/pred-deepneo_fold0.csv,250516/7_ic50_etc/plots/e3_s100/pred-deepneo_fold0.csv,0.74263,0.40473,dataset/full/test_beta.csv,"9-mer overlap, not exact",0.9120559326726624,0.9804166440710332,0.9248008404096996,0.8767752115908765,0.5876470494162489
deepneo,e3,s100,1,plots,plots,,250516/7_ic50_etc,250516/7_ic50_etc/plots/e3_s100/pred-deepneo_fold1.csv,250516/7_ic50_etc/plots/e3_s100/pred-deepneo_fold1.csv,/home/hwjang/project/250516/7_ic50_etc/plots/e3_s100/pred-deepneo_fold1.csv,250516/7_ic50_etc/plots/e3_s100/pred-deepneo_fold1.csv,0.73904,0.42007,dataset/full/test_beta.csv,Overall,0.8917687702200916,0.9251629494274048,0.8306521618676468,0.8076406663030252,0.6098100044932196
deepneo,e3,s100,1,plots,plots,,250516/7_ic50_etc,250516/7_ic50_etc/plots/e3_s100/pred-deepneo_fold1.csv,250516/7_ic50_etc/plots/e3_s100/pred-deepneo_fold1.csv,/home/hwjang/project/250516/7_ic50_etc/plots/e3_s100/pred-deepneo_fold1.csv,250516/7_ic50_etc/plots/e3_s100/pred-deepneo_fold1.csv,0.73904,0.42007,dataset/full/test_beta.csv,No 9-mer overlap,0.8707045773965129,0.9951544226066934,0.9564776301105812,0.9178475679816164,0.2849379618483414
deepneo,e3,s100,1,plots,plots,,250516/7_ic50_etc,250516/7_ic50_etc/plots/e3_s100/pred-deepneo_fold1.csv,250516/7_ic50_etc/plots/e3_s100/pred-deepneo_fold1.csv,/home/hwjang/project/250516/7_ic50_etc/plots/e3_s100/pred-deepneo_fold1.csv,250516/7_ic50_etc/plots/e3_s100/pred-deepneo_fold1.csv,0.73904,0.42007,dataset/full/test_beta.csv,>=1 9-mer overlap,0.8792879393153146,0.901482025928068,0.802646434539132,0.7940816134200358,0.5887553797690276
deepneo,e3,s100,1,plots,plots,,250516/7_ic50_etc,250516/7_ic50_etc/plots/e3_s100/pred-deepneo_fold1.csv,250516/7_ic50_etc/plots/e3_s100/pred-deepneo_fold1.csv,/home/hwjang/project/250516/7_ic50_etc/plots/e3_s100/pred-deepneo_fold1.csv,250516/7_ic50_etc/plots/e3_s100/pred-deepneo_fold1.csv,0.73904,0.42007,dataset/full/test_beta.csv,Exact 15-mer match,0.8623774568299531,0.8648762249966474,0.7626995205437883,0.7795506441518901,0.5579655628115454
deepneo,e3,s100,1,plots,plots,,250516/7_ic50_etc,250516/7_ic50_etc/plots/e3_s100/pred-deepneo_fold1.csv,250516/7_ic50_etc/plots/e3_s100/pred-deepneo_fold1.csv,/home/hwjang/project/250516/7_ic50_etc/plots/e3_s100/pred-deepneo_fold1.csv,250516/7_ic50_etc/plots/e3_s100/pred-deepneo_fold1.csv,0.73904,0.42007,dataset/full/test_beta.csv,"9-mer overlap, not exact",0.9104877192291536,0.979696415240116,0.9188139781150724,0.8680246736479702,0.5736534181986028
deepneo,e3,s100,2,plots,plots,,250516/7_ic50_etc,250516/7_ic50_etc/plots/e3_s100/pred-deepneo_fold2.csv,250516/7_ic50_etc/plots/e3_s100/pred-deepneo_fold2.csv,/home/hwjang/project/250516/7_ic50_etc/plots/e3_s100/pred-deepneo_fold2.csv,250516/7_ic50_etc/plots/e3_s100/pred-deepneo_fold2.csv,0.74315,0.40838,dataset/full/test_beta.csv,Overall,0.8934752165417741,0.9265102037815393,0.8374373580416051,0.810808542776822,0.6112208238454231
deepneo,e3,s100,2,plots,plots,,250516/7_ic50_etc,250516/7_ic50_etc/plots/e3_s100/pred-deepneo_fold2.csv,250516/7_ic50_etc/plots/e3_s100/pred-deepneo_fold2.csv,/home/hwjang/project/250516/7_ic50_etc/plots/e3_s100/pred-deepneo_fold2.csv,250516/7_ic50_etc/plots/e3_s100/pred-deepneo_fold2.csv,0.74315,0.40838,dataset/full/test_beta.csv,No 9-mer overlap,0.8671902533059132,0.995084807247756,0.9630673241420952,0.9297204136346228,0.279849612967179
deepneo,e3,s100,2,plots,plots,,250516/7_ic50_etc,250516/7_ic50_etc/plots/e3_s100/pred-deepneo_fold2.csv,250516/7_ic50_etc/plots/e3_s100/pred-deepneo_fold2.csv,/home/hwjang/project/250516/7_ic50_etc/plots/e3_s100/pred-deepneo_fold2.csv,250516/7_ic50_etc/plots/e3_s100/pred-deepneo_fold2.csv,0.74315,0.40838,dataset/full/test_beta.csv,>=1 9-mer overlap,0.8811299480983423,0.9032223594341312,0.8100226189691899,0.7961784940156441,0.5901807272229002
deepneo,e3,s100,2,plots,plots,,250516/7_ic50_etc,250516/7_ic50_etc/plots/e3_s100/pred-deepneo_fold2.csv,250516/7_ic50_etc/plots/e3_s100/pred-deepneo_fold2.csv,/home/hwjang/project/250516/7_ic50_etc/plots/e3_s100/pred-deepneo_fold2.csv,250516/7_ic50_etc/plots/e3_s100/pred-deepneo_fold2.csv,0.74315,0.40838,dataset/full/test_beta.csv,Exact 15-mer match,0.8648953736700689,0.8675492333187436,0.7708033485093259,0.7800298818819947,0.559374754678572
deepneo,e3,s100,2,plots,plots,,250516/7_ic50_etc,250516/7_ic50_etc/plots/e3_s100/pred-deepneo_fold2.csv,250516/7_ic50_etc/plots/e3_s100/pred-deepneo_fold2.csv,/home/hwjang/project/250516/7_ic50_etc/plots/e3_s100/pred-deepneo_fold2.csv,250516/7_ic50_etc/plots/e3_s100/pred-deepneo_fold2.csv,0.74315,0.40838,dataset/full/test_beta.csv,"9-mer overlap, not exact",0.9101936186057168,0.979881586209338,0.9262095370692656,0.8783531774494334,0.5819252345949274
deepneo,e3,s100,3,plots,plots,,250516/7_ic50_etc,250516/7_ic50_etc/plots/e3_s100/pred-deepneo_fold3.csv,250516/7_ic50_etc/plots/e3_s100/pred-deepneo_fold3.csv,/home/hwjang/project/250516/7_ic50_etc/plots/e3_s100/pred-deepneo_fold3.csv,250516/7_ic50_etc/plots/e3_s100/pred-deepneo_fold3.csv,0.74258,0.40775,dataset/full/test_beta.csv,Overall,0.8935791789745169,0.9267473301607472,0.8363958299456158,0.8100323081441698,0.6100263097184531
deepneo,e3,s100,3,plots,plots,,250516/7_ic50_etc,250516/7_ic50_etc/plots/e3_s100/pred-deepneo_fold3.csv,250516/7_ic50_etc/plots/e3_s100/pred-deepneo_fold3.csv,/home/hwjang/project/250516/7_ic50_etc/plots/e3_s100/pred-deepneo_fold3.csv,250516/7_ic50_etc/plots/e3_s100/pred-deepneo_fold3.csv,0.74258,0.40775,dataset/full/test_beta.csv,No 9-mer overlap,0.871242411933133,0.995223634562354,0.96,0.9241669858291842,0.2811937403999873
deepneo,e3,s100,3,plots,plots,,250516/7_ic50_etc,250516/7_ic50_etc/plots/e3_s100/pred-deepneo_fold3.csv,250516/7_ic50_etc/plots/e3_s100/pred-deepneo_fold3.csv,/home/hwjang/project/250516/7_ic50_etc/plots/e3_s100/pred-deepneo_fold3.csv,250516/7_ic50_etc/plots/e3_s100/pred-deepneo_fold3.csv,0.74258,0.40775,dataset/full/test_beta.csv,>=1 9-mer overlap,0.8813077524400607,0.9036319183290104,0.8094703720817655,0.7959900103666007,0.5899333904364238
deepneo,e3,s100,3,plots,plots,,250516/7_ic50_etc,250516/7_ic50_etc/plots/e3_s100/pred-deepneo_fold3.csv,250516/7_ic50_etc/plots/e3_s100/pred-deepneo_fold3.csv,/home/hwjang/project/250516/7_ic50_etc/plots/e3_s100/pred-deepneo_fold3.csv,250516/7_ic50_etc/plots/e3_s100/pred-deepneo_fold3.csv,0.74258,0.40775,dataset/full/test_beta.csv,Exact 15-mer match,0.8655038807639768,0.8684186660666143,0.7707922685416728,0.7803681673385392,0.5599804804486197
deepneo,e3,s100,3,plots,plots,,250516/7_ic50_etc,250516/7_ic50_etc/plots/e3_s100/pred-deepneo_fold3.csv,250516/7_ic50_etc/plots/e3_s100/pred-deepneo_fold3.csv,/home/hwjang/project/250516/7_ic50_etc/plots/e3_s100/pred-deepneo_fold3.csv,250516/7_ic50_etc/plots/e3_s100/pred-deepneo_fold3.csv,0.74258,0.40775,dataset/full/test_beta.csv,"9-mer overlap, not exact",0.9099268172032232,0.9798287313003328,0.924231843575419,0.8754841486156936,0.5778630516828611
deepneo,e3,s100,4,plots,plots,,250516/7_ic50_etc,250516/7_ic50_etc/plots/e3_s100/pred-deepneo_fold4.csv,250516/7_ic50_etc/plots/e3_s100/pred-deepneo_fold4.csv,/home/hwjang/project/250516/7_ic50_etc/plots/e3_s100/pred-deepneo_fold4.csv,250516/7_ic50_etc/plots/e3_s100/pred-deepneo_fold4.csv,0.7525,0.41292,dataset/full/test_beta.csv,Overall,0.8974989935705933,0.9293612906960363,0.8375803154205608,0.8133260605043428,0.6187533694875572
deepneo,e3,s100,4,plots,plots,,250516/7_ic50_etc,250516/7_ic50_etc/plots/e3_s100/pred-deepneo_fold4.csv,250516/7_ic50_etc/plots/e3_s100/pred-deepneo_fold4.csv,/home/hwjang/project/250516/7_ic50_etc/plots/e3_s100/pred-deepneo_fold4.csv,250516/7_ic50_etc/plots/e3_s100/pred-deepneo_fold4.csv,0.7525,0.41292,dataset/full/test_beta.csv,No 9-mer overlap,0.8687499734621117,0.9951211444098504,0.9627916331456154,0.9291459211030256,0.2597712012164666
deepneo,e3,s100,4,plots,plots,,250516/7_ic50_etc,250516/7_ic50_etc/plots/e3_s100/pred-deepneo_fold4.csv,250516/7_ic50_etc/plots/e3_s100/pred-deepneo_fold4.csv,/home/hwjang/project/250516/7_ic50_etc/plots/e3_s100/pred-deepneo_fold4.csv,250516/7_ic50_etc/plots/e3_s100/pred-deepneo_fold4.csv,0.7525,0.41292,dataset/full/test_beta.csv,>=1 9-mer overlap,0.8853971674767231,0.906711492623414,0.8098126672613738,0.7990764301196871,0.5972926966567695
deepneo,e3,s100,4,plots,plots,,250516/7_ic50_etc,250516/7_ic50_etc/plots/e3_s100/pred-deepneo_fold4.csv,250516/7_ic50_etc/plots/e3_s100/pred-deepneo_fold4.csv,/home/hwjang/project/250516/7_ic50_etc/plots/e3_s100/pred-deepneo_fold4.csv,250516/7_ic50_etc/plots/e3_s100/pred-deepneo_fold4.csv,0.7525,0.41292,dataset/full/test_beta.csv,Exact 15-mer match,0.8701307655454713,0.8726898215823592,0.771958194831252,0.7853296873678572,0.5694905491048802
deepneo,e3,s100,4,plots,plots,,250516/7_ic50_etc,250516/7_ic50_etc/plots/e3_s100/pred-deepneo_fold4.csv,250516/7_ic50_etc/plots/e3_s100/pred-deepneo_fold4.csv,/home/hwjang/project/250516/7_ic50_etc/plots/e3_s100/pred-deepneo_fold4.csv,250516/7_ic50_etc/plots/e3_s100/pred-deepneo_fold4.csv,0.7525,0.41292,dataset/full/test_beta.csv,"9-mer overlap, not exact",0.9080003574258656,0.978976454480872,0.9202411112081768,0.8690288337397791,0.5572993297998347
deepneo,e3,s128,0,plots,plots,,250516/7_ic50_etc,250516/7_ic50_etc/plots/e3_s128/pred-deepneo_fold0.csv,250516/7_ic50_etc/plots/e3_s128/pred-deepneo_fold0.csv,/home/hwjang/project/250516/7_ic50_etc/plots/e3_s128/pred-deepneo_fold0.csv,250516/7_ic50_etc/plots/e3_s128/pred-deepneo_fold0.csv,0.73829,0.40823,dataset/full/test_beta.csv,Overall,0.8912752204570353,0.9247930127019444,0.8368431341188178,0.8073889145302732,0.6020475921824836
deepneo,e3,s128,0,plots,plots,,250516/7_ic50_etc,250516/7_ic50_etc/plots/e3_s128/pred-deepneo_fold0.csv,250516/7_ic50_etc/plots/e3_s128/pred-deepneo_fold0.csv,/home/hwjang/project/250516/7_ic50_etc/plots/e3_s128/pred-deepneo_fold0.csv,250516/7_ic50_etc/plots/e3_s128/pred-deepneo_fold0.csv,0.73829,0.40823,dataset/full/test_beta.csv,No 9-mer overlap,0.8529447148556976,0.9939268876266708,0.9657183070272444,0.9346993489084642,0.3223560974929034
deepneo,e3,s128,0,plots,plots,,250516/7_ic50_etc,250516/7_ic50_etc/plots/e3_s128/pred-deepneo_fold0.csv,250516/7_ic50_etc/plots/e3_s128/pred-deepneo_fold0.csv,/home/hwjang/project/250516/7_ic50_etc/plots/e3_s128/pred-deepneo_fold0.csv,250516/7_ic50_etc/plots/e3_s128/pred-deepneo_fold0.csv,0.73829,0.40823,dataset/full/test_beta.csv,>=1 9-mer overlap,0.8790239192320288,0.9015649938967364,0.809170192556774,0.7917255678069928,0.580502074202091
deepneo,e3,s128,0,plots,plots,,250516/7_ic50_etc,250516/7_ic50_etc/plots/e3_s128/pred-deepneo_fold0.csv,250516/7_ic50_etc/plots/e3_s128/pred-deepneo_fold0.csv,/home/hwjang/project/250516/7_ic50_etc/plots/e3_s128/pred-deepneo_fold0.csv,250516/7_ic50_etc/plots/e3_s128/pred-deepneo_fold0.csv,0.73829,0.40823,dataset/full/test_beta.csv,Exact 15-mer match,0.8631646754175588,0.8658861605487606,0.7706859870047725,0.7751529332168128,0.551112196404925
deepneo,e3,s128,0,plots,plots,,250516/7_ic50_etc,250516/7_ic50_etc/plots/e3_s128/pred-deepneo_fold0.csv,250516/7_ic50_etc/plots/e3_s128/pred-deepneo_fold0.csv,/home/hwjang/project/250516/7_ic50_etc/plots/e3_s128/pred-deepneo_fold0.csv,250516/7_ic50_etc/plots/e3_s128/pred-deepneo_fold0.csv,0.73829,0.40823,dataset/full/test_beta.csv,"9-mer overlap, not exact",0.9059183815947758,0.9786784598893676,0.9251429561601108,0.8760579543824415,0.5659481547123058
deepneo,e3,s128,1,plots,plots,,250516/7_ic50_etc,250516/7_ic50_etc/plots/e3_s128/pred-deepneo_fold1.csv,250516/7_ic50_etc/plots/e3_s128/pred-deepneo_fold1.csv,/home/hwjang/project/250516/7_ic50_etc/plots/e3_s128/pred-deepneo_fold1.csv,250516/7_ic50_etc/plots/e3_s128/pred-deepneo_fold1.csv,0.74219,0.41873,dataset/full/test_beta.csv,Overall,0.8930100971773329,0.925934301471785,0.8410162573017101,0.8104309151176939,0.6072729997419261
deepneo,e3,s128,1,plots,plots,,250516/7_ic50_etc,250516/7_ic50_etc/plots/e3_s128/pred-deepneo_fold1.csv,250516/7_ic50_etc/plots/e3_s128/pred-deepneo_fold1.csv,/home/hwjang/project/250516/7_ic50_etc/plots/e3_s128/pred-deepneo_fold1.csv,250516/7_ic50_etc/plots/e3_s128/pred-deepneo_fold1.csv,0.74219,0.41873,dataset/full/test_beta.csv,No 9-mer overlap,0.8584051507564359,0.994496340544548,0.9656833232992174,0.9345078513979318,0.2847769259445317
deepneo,e3,s128,1,plots,plots,,250516/7_ic50_etc,250516/7_ic50_etc/plots/e3_s128/pred-deepneo_fold1.csv,250516/7_ic50_etc/plots/e3_s128/pred-deepneo_fold1.csv,/home/hwjang/project/250516/7_ic50_etc/plots/e3_s128/pred-deepneo_fold1.csv,250516/7_ic50_etc/plots/e3_s128/pred-deepneo_fold1.csv,0.74219,0.41873,dataset/full/test_beta.csv,>=1 9-mer overlap,0.8810076971500647,0.9029170475363196,0.8145082142095157,0.7951653944020356,0.5874397331970613
deepneo,e3,s128,1,plots,plots,,250516/7_ic50_etc,250516/7_ic50_etc/plots/e3_s128/pred-deepneo_fold1.csv,250516/7_ic50_etc/plots/e3_s128/pred-deepneo_fold1.csv,/home/hwjang/project/250516/7_ic50_etc/plots/e3_s128/pred-deepneo_fold1.csv,250516/7_ic50_etc/plots/e3_s128/pred-deepneo_fold1.csv,0.74219,0.41873,dataset/full/test_beta.csv,Exact 15-mer match,0.865750776419391,0.867867203299919,0.7768265976508063,0.7787895018746652,0.5595408738733127
deepneo,e3,s128,1,plots,plots,,250516/7_ic50_etc,250516/7_ic50_etc/plots/e3_s128/pred-deepneo_fold1.csv,250516/7_ic50_etc/plots/e3_s128/pred-deepneo_fold1.csv,/home/hwjang/project/250516/7_ic50_etc/plots/e3_s128/pred-deepneo_fold1.csv,250516/7_ic50_etc/plots/e3_s128/pred-deepneo_fold1.csv,0.74219,0.41873,dataset/full/test_beta.csv,"9-mer overlap, not exact",0.8991660759294265,0.9771315170123598,0.9276624818515672,0.8784966288911203,0.5488325198096159
deepneo,e3,s128,2,plots,plots,,250516/7_ic50_etc,250516/7_ic50_etc/plots/e3_s128/pred-deepneo_fold2.csv,250516/7_ic50_etc/plots/e3_s128/pred-deepneo_fold2.csv,/home/hwjang/project/250516/7_ic50_etc/plots/e3_s128/pred-deepneo_fold2.csv,250516/7_ic50_etc/plots/e3_s128/pred-deepneo_fold2.csv,0.75006,0.41273,dataset/full/test_beta.csv,Overall,0.894988327817903,0.9269929358201712,0.8412943536219536,0.8124239499853145,0.612317941497321
deepneo,e3,s128,2,plots,plots,,250516/7_ic50_etc,250516/7_ic50_etc/plots/e3_s128/pred-deepneo_fold2.csv,250516/7_ic50_etc/plots/e3_s128/pred-deepneo_fold2.csv,/home/hwjang/project/250516/7_ic50_etc/plots/e3_s128/pred-deepneo_fold2.csv,250516/7_ic50_etc/plots/e3_s128/pred-deepneo_fold2.csv,0.75006,0.41273,dataset/full/test_beta.csv,No 9-mer overlap,0.8604107074364117,0.9948969980950472,0.9656281407035175,0.9345078513979318,0.3145402638320839
deepneo,e3,s128,2,plots,plots,,250516/7_ic50_etc,250516/7_ic50_etc/plots/e3_s128/pred-deepneo_fold2.csv,250516/7_ic50_etc/plots/e3_s128/pred-deepneo_fold2.csv,/home/hwjang/project/250516/7_ic50_etc/plots/e3_s128/pred-deepneo_fold2.csv,250516/7_ic50_etc/plots/e3_s128/pred-deepneo_fold2.csv,0.75006,0.41273,dataset/full/test_beta.csv,>=1 9-mer overlap,0.8836360819351782,0.9045726378930664,0.8146247871170802,0.7974036377344266,0.5919388448410078
deepneo,e3,s128,2,plots,plots,,250516/7_ic50_etc,250516/7_ic50_etc/plots/e3_s128/pred-deepneo_fold2.csv,250516/7_ic50_etc/plots/e3_s128/pred-deepneo_fold2.csv,/home/hwjang/project/250516/7_ic50_etc/plots/e3_s128/pred-deepneo_fold2.csv,250516/7_ic50_etc/plots/e3_s128/pred-deepneo_fold2.csv,0.75006,0.41273,dataset/full/test_beta.csv,Exact 15-mer match,0.8700304179014821,0.8715085422606871,0.7789606588424345,0.7828489273531982,0.5667043215590117
deepneo,e3,s128,2,plots,plots,,250516/7_ic50_etc,250516/7_ic50_etc/plots/e3_s128/pred-deepneo_fold2.csv,250516/7_ic50_etc/plots/e3_s128/pred-deepneo_fold2.csv,/home/hwjang/project/250516/7_ic50_etc/plots/e3_s128/pred-deepneo_fold2.csv,250516/7_ic50_etc/plots/e3_s128/pred-deepneo_fold2.csv,0.75006,0.41273,dataset/full/test_beta.csv,"9-mer overlap, not exact",0.901462641538256,0.9773847366098664,0.922343560409083,0.8714675082484579,0.5504890691589027
deepneo,e3,s128,3,plots,plots,,250516/7_ic50_etc,250516/7_ic50_etc/plots/e3_s128/pred-deepneo_fold3.csv,250516/7_ic50_etc/plots/e3_s128/pred-deepneo_fold3.csv,/home/hwjang/project/250516/7_ic50_etc/plots/e3_s128/pred-deepneo_fold3.csv,250516/7_ic50_etc/plots/e3_s128/pred-deepneo_fold3.csv,0.7492,0.41128,dataset/full/test_beta.csv,Overall,0.8947447320023302,0.9272722121331238,0.8400867278026587,0.8112281290647422,0.6099925371682089
deepneo,e3,s128,3,plots,plots,,250516/7_ic50_etc,250516/7_ic50_etc/plots/e3_s128/pred-deepneo_fold3.csv,250516/7_ic50_etc/plots/e3_s128/pred-deepneo_fold3.csv,/home/hwjang/project/250516/7_ic50_etc/plots/e3_s128/pred-deepneo_fold3.csv,250516/7_ic50_etc/plots/e3_s128/pred-deepneo_fold3.csv,0.7492,0.41128,dataset/full/test_beta.csv,No 9-mer overlap,0.8576677512996489,0.9947419346274964,0.9636254019292604,0.9306779011872846,0.2634914818416942
deepneo,e3,s128,3,plots,plots,,250516/7_ic50_etc,250516/7_ic50_etc/plots/e3_s128/pred-deepneo_fold3.csv,250516/7_ic50_etc/plots/e3_s128/pred-deepneo_fold3.csv,/home/hwjang/project/250516/7_ic50_etc/plots/e3_s128/pred-deepneo_fold3.csv,250516/7_ic50_etc/plots/e3_s128/pred-deepneo_fold3.csv,0.7492,0.41128,dataset/full/test_beta.csv,>=1 9-mer overlap,0.8832808828568723,0.9049637872881556,0.8135417566283789,0.7965319008576006,0.5902021173783059
deepneo,e3,s128,3,plots,plots,,250516/7_ic50_etc,250516/7_ic50_etc/plots/e3_s128/pred-deepneo_fold3.csv,250516/7_ic50_etc/plots/e3_s128/pred-deepneo_fold3.csv,/home/hwjang/project/250516/7_ic50_etc/plots/e3_s128/pred-deepneo_fold3.csv,250516/7_ic50_etc/plots/e3_s128/pred-deepneo_fold3.csv,0.7492,0.41128,dataset/full/test_beta.csv,Exact 15-mer match,0.8684591276385785,0.8710842688089246,0.7759644772504469,0.7809601668874919,0.562478009976745
deepneo,e3,s128,3,plots,plots,,250516/7_ic50_etc,250516/7_ic50_etc/plots/e3_s128/pred-deepneo_fold3.csv,250516/7_ic50_etc/plots/e3_s128/pred-deepneo_fold3.csv,/home/hwjang/project/250516/7_ic50_etc/plots/e3_s128/pred-deepneo_fold3.csv,250516/7_ic50_etc/plots/e3_s128/pred-deepneo_fold3.csv,0.7492,0.41128,dataset/full/test_beta.csv,"9-mer overlap, not exact",0.8990036231884058,0.9768569353590704,0.9255630049853876,0.8757710514990675,0.5503478221324558
deepneo,e3,s128,4,plots,plots,,250516/7_ic50_etc,250516/7_ic50_etc/plots/e3_s128/pred-deepneo_fold4.csv,250516/7_ic50_etc/plots/e3_s128/pred-deepneo_fold4.csv,/home/hwjang/project/250516/7_ic50_etc/plots/e3_s128/pred-deepneo_fold4.csv,250516/7_ic50_etc/plots/e3_s128/pred-deepneo_fold4.csv,0.73863,0.42512,dataset/full/test_beta.csv,Overall,0.8914686796211512,0.9247248362644596,0.8334824281150159,0.8086476733940334,0.6092141036847669
deepneo,e3,s128,4,plots,plots,,250516/7_ic50_etc,250516/7_ic50_etc/plots/e3_s128/pred-deepneo_fold4.csv,250516/7_ic50_etc/plots/e3_s128/pred-deepneo_fold4.csv,/home/hwjang/project/250516/7_ic50_etc/plots/e3_s128/pred-deepneo_fold4.csv,250516/7_ic50_etc/plots/e3_s128/pred-deepneo_fold4.csv,0.73863,0.42512,dataset/full/test_beta.csv,No 9-mer overlap,0.8574384639445635,0.9946040057437904,0.9605568445475638,0.925124473381846,0.2689360019235724
deepneo,e3,s128,4,plots,plots,,250516/7_ic50_etc,250516/7_ic50_etc/plots/e3_s128/pred-deepneo_fold4.csv,250516/7_ic50_etc/plots/e3_s128/pred-deepneo_fold4.csv,/home/hwjang/project/250516/7_ic50_etc/plots/e3_s128/pred-deepneo_fold4.csv,250516/7_ic50_etc/plots/e3_s128/pred-deepneo_fold4.csv,0.73863,0.42512,dataset/full/test_beta.csv,>=1 9-mer overlap,0.8790862249716336,0.9011612381635736,0.8054032365922161,0.7943172179813401,0.5876905045044576
deepneo,e3,s128,4,plots,plots,,250516/7_ic50_etc,250516/7_ic50_etc/plots/e3_s128/pred-deepneo_fold4.csv,250516/7_ic50_etc/plots/e3_s128/pred-deepneo_fold4.csv,/home/hwjang/project/250516/7_ic50_etc/plots/e3_s128/pred-deepneo_fold4.csv,250516/7_ic50_etc/plots/e3_s128/pred-deepneo_fold4.csv,0.73863,0.42512,dataset/full/test_beta.csv,Exact 15-mer match,0.8641197871915203,0.8660069659912402,0.7676315081996594,0.7807064527950835,0.5602345949595263
deepneo,e3,s128,4,plots,plots,,250516/7_ic50_etc,250516/7_ic50_etc/plots/e3_s128/pred-deepneo_fold4.csv,250516/7_ic50_etc/plots/e3_s128/pred-deepneo_fold4.csv,/home/hwjang/project/250516/7_ic50_etc/plots/e3_s128/pred-deepneo_fold4.csv,250516/7_ic50_etc/plots/e3_s128/pred-deepneo_fold4.csv,0.73863,0.42512,dataset/full/test_beta.csv,"9-mer overlap, not exact",0.901631508850318,0.9777179074457284,0.9164690382081686,0.8635776789556735,0.549579414421213
deepneo,e3,s42,0,plots,plots,,250516/7_ic50_etc,250516/7_ic50_etc/plots/e3_s42/pred-deepneo_fold0.csv,250516/7_ic50_etc/plots/e3_s42/pred-deepneo_fold0.csv,/home/hwjang/project/250516/7_ic50_etc/plots/e3_s42/pred-deepneo_fold0.csv,250516/7_ic50_etc/plots/e3_s42/pred-deepneo_fold0.csv,0.75738,0.40579,dataset/full/test_beta.csv,Overall,0.8981283598441885,0.9300540362156936,0.8387391336109284,0.8147526538832711,0.6217789830528363
deepneo,e3,s42,0,plots,plots,,250516/7_ic50_etc,250516/7_ic50_etc/plots/e3_s42/pred-deepneo_fold0.csv,250516/7_ic50_etc/plots/e3_s42/pred-deepneo_fold0.csv,/home/hwjang/project/250516/7_ic50_etc/plots/e3_s42/pred-deepneo_fold0.csv,250516/7_ic50_etc/plots/e3_s42/pred-deepneo_fold0.csv,0.75738,0.40579,dataset/full/test_beta.csv,No 9-mer overlap,0.8558872359126273,0.9943053721560636,0.9592805900778012,0.9228265032554576,0.2710255617823531
deepneo,e3,s42,0,plots,plots,,250516/7_ic50_etc,250516/7_ic50_etc/plots/e3_s42/pred-deepneo_fold0.csv,250516/7_ic50_etc/plots/e3_s42/pred-deepneo_fold0.csv,/home/hwjang/project/250516/7_ic50_etc/plots/e3_s42/pred-deepneo_fold0.csv,250516/7_ic50_etc/plots/e3_s42/pred-deepneo_fold0.csv,0.75738,0.40579,dataset/full/test_beta.csv,>=1 9-mer overlap,0.8865504280222947,0.9082280665194576,0.8121447201230523,0.8014560361888606,0.6020250187129373
deepneo,e3,s42,0,plots,plots,,250516/7_ic50_etc,250516/7_ic50_etc/plots/e3_s42/pred-deepneo_fold0.csv,250516/7_ic50_etc/plots/e3_s42/pred-deepneo_fold0.csv,/home/hwjang/project/250516/7_ic50_etc/plots/e3_s42/pred-deepneo_fold0.csv,250516/7_ic50_etc/plots/e3_s42/pred-deepneo_fold0.csv,0.75738,0.40579,dataset/full/test_beta.csv,Exact 15-mer match,0.8717456379957326,0.8747968169966289,0.7756553971243236,0.788430637386181,0.5757273910309323
deepneo,e3,s42,0,plots,plots,,250516/7_ic50_etc,250516/7_ic50_etc/plots/e3_s42/pred-deepneo_fold0.csv,250516/7_ic50_etc/plots/e3_s42/pred-deepneo_fold0.csv,/home/hwjang/project/250516/7_ic50_etc/plots/e3_s42/pred-deepneo_fold0.csv,250516/7_ic50_etc/plots/e3_s42/pred-deepneo_fold0.csv,0.75738,0.40579,dataset/full/test_beta.csv,"9-mer overlap, not exact",0.9102500071604512,0.980103861943677,0.9191653515693494,0.8677377707645962,0.5599247576809144
deepneo,e3,s42,1,plots,plots,,250516/7_ic50_etc,250516/7_ic50_etc/plots/e3_s42/pred-deepneo_fold1.csv,250516/7_ic50_etc/plots/e3_s42/pred-deepneo_fold1.csv,/home/hwjang/project/250516/7_ic50_etc/plots/e3_s42/pred-deepneo_fold1.csv,250516/7_ic50_etc/plots/e3_s42/pred-deepneo_fold1.csv,0.75431,0.41882,dataset/full/test_beta.csv,Overall,0.8964262939111904,0.92884690789411,0.8401580459770115,0.8132841018755507,0.61570549864586
deepneo,e3,s42,1,plots,plots,,250516/7_ic50_etc,250516/7_ic50_etc/plots/e3_s42/pred-deepneo_fold1.csv,250516/7_ic50_etc/plots/e3_s42/pred-deepneo_fold1.csv,/home/hwjang/project/250516/7_ic50_etc/plots/e3_s42/pred-deepneo_fold1.csv,250516/7_ic50_etc/plots/e3_s42/pred-deepneo_fold1.csv,0.75431,0.41882,dataset/full/test_beta.csv,No 9-mer overlap,0.8607079317855965,0.994692085519962,0.96010503989496,0.9243584833397166,0.2816308468037022
deepneo,e3,s42,1,plots,plots,,250516/7_ic50_etc,250516/7_ic50_etc/plots/e3_s42/pred-deepneo_fold1.csv,250516/7_ic50_etc/plots/e3_s42/pred-deepneo_fold1.csv,/home/hwjang/project/250516/7_ic50_etc/plots/e3_s42/pred-deepneo_fold1.csv,250516/7_ic50_etc/plots/e3_s42/pred-deepneo_fold1.csv,0.75431,0.41882,dataset/full/test_beta.csv,>=1 9-mer overlap,0.8853468797972002,0.9070934163258992,0.8142161252976255,0.799618320610687,0.5968025550135401
deepneo,e3,s42,1,plots,plots,,250516/7_ic50_etc,250516/7_ic50_etc/plots/e3_s42/pred-deepneo_fold1.csv,250516/7_ic50_etc/plots/e3_s42/pred-deepneo_fold1.csv,/home/hwjang/project/250516/7_ic50_etc/plots/e3_s42/pred-deepneo_fold1.csv,250516/7_ic50_etc/plots/e3_s42/pred-deepneo_fold1.csv,0.75431,0.41882,dataset/full/test_beta.csv,Exact 15-mer match,0.8711277076831374,0.8741451237680942,0.7784102519193158,0.7860062582809461,0.5716757390398375
deepneo,e3,s42,1,plots,plots,,250516/7_ic50_etc,250516/7_ic50_etc/plots/e3_s42/pred-deepneo_fold1.csv,250516/7_ic50_etc/plots/e3_s42/pred-deepneo_fold1.csv,/home/hwjang/project/250516/7_ic50_etc/plots/e3_s42/pred-deepneo_fold1.csv,250516/7_ic50_etc/plots/e3_s42/pred-deepneo_fold1.csv,0.75431,0.41882,dataset/full/test_beta.csv,"9-mer overlap, not exact",0.9036580657711328,0.9783048871867333,0.9206734941850372,0.8688853822980921,0.5441231360510823
deepneo,e3,s42,2,plots,plots,,250516/7_ic50_etc,250516/7_ic50_etc/plots/e3_s42/pred-deepneo_fold2.csv,250516/7_ic50_etc/plots/e3_s42/pred-deepneo_fold2.csv,/home/hwjang/project/250516/7_ic50_etc/plots/e3_s42/pred-deepneo_fold2.csv,250516/7_ic50_etc/plots/e3_s42/pred-deepneo_fold2.csv,0.74623,0.41189,dataset/full/test_beta.csv,Overall,0.8959059608119031,0.928538625348002,0.8417856701558666,0.8119624050686024,0.6107589754747185
deepneo,e3,s42,2,plots,plots,,250516/7_ic50_etc,250516/7_ic50_etc/plots/e3_s42/pred-deepneo_fold2.csv,250516/7_ic50_etc/plots/e3_s42/pred-deepneo_fold2.csv,/home/hwjang/project/250516/7_ic50_etc/plots/e3_s42/pred-deepneo_fold2.csv,250516/7_ic50_etc/plots/e3_s42/pred-deepneo_fold2.csv,0.74623,0.41189,dataset/full/test_beta.csv,No 9-mer overlap,0.8640750590556475,0.9951151398420875,0.9644149577804584,0.9322098812715436,0.289901234906468
deepneo,e3,s42,2,plots,plots,,250516/7_ic50_etc,250516/7_ic50_etc/plots/e3_s42/pred-deepneo_fold2.csv,250516/7_ic50_etc/plots/e3_s42/pred-deepneo_fold2.csv,/home/hwjang/project/250516/7_ic50_etc/plots/e3_s42/pred-deepneo_fold2.csv,250516/7_ic50_etc/plots/e3_s42/pred-deepneo_fold2.csv,0.74623,0.41189,dataset/full/test_beta.csv,>=1 9-mer overlap,0.884596637217769,0.9064764389985124,0.8156649465773077,0.7971680331731222,0.5914470801691408
deepneo,e3,s42,2,plots,plots,,250516/7_ic50_etc,250516/7_ic50_etc/plots/e3_s42/pred-deepneo_fold2.csv,250516/7_ic50_etc/plots/e3_s42/pred-deepneo_fold2.csv,/home/hwjang/project/250516/7_ic50_etc/plots/e3_s42/pred-deepneo_fold2.csv,250516/7_ic50_etc/plots/e3_s42/pred-deepneo_fold2.csv,0.74623,0.41189,dataset/full/test_beta.csv,Exact 15-mer match,0.869455039385423,0.8727172234133636,0.778879015721121,0.7811293096157641,0.5640636370300348
deepneo,e3,s42,2,plots,plots,,250516/7_ic50_etc,250516/7_ic50_etc/plots/e3_s42/pred-deepneo_fold2.csv,250516/7_ic50_etc/plots/e3_s42/pred-deepneo_fold2.csv,/home/hwjang/project/250516/7_ic50_etc/plots/e3_s42/pred-deepneo_fold2.csv,250516/7_ic50_etc/plots/e3_s42/pred-deepneo_fold2.csv,0.74623,0.41189,dataset/full/test_beta.csv,"9-mer overlap, not exact",0.9104139516621796,0.979630350377173,0.9270986109912864,0.8787835317744943,0.5678763087367789
deepneo,e3,s42,3,plots,plots,,250516/7_ic50_etc,250516/7_ic50_etc/plots/e3_s42/pred-deepneo_fold3.csv,250516/7_ic50_etc/plots/e3_s42/pred-deepneo_fold3.csv,/home/hwjang/project/250516/7_ic50_etc/plots/e3_s42/pred-deepneo_fold3.csv,250516/7_ic50_etc/plots/e3_s42/pred-deepneo_fold3.csv,0.75039,0.40839,dataset/full/test_beta.csv,Overall,0.8951873578217336,0.9276832334884672,0.8424454333545243,0.8128225569588385,0.6125835220814488
deepneo,e3,s42,3,plots,plots,,250516/7_ic50_etc,250516/7_ic50_etc/plots/e3_s42/pred-deepneo_fold3.csv,250516/7_ic50_etc/plots/e3_s42/pred-deepneo_fold3.csv,/home/hwjang/project/250516/7_ic50_etc/plots/e3_s42/pred-deepneo_fold3.csv,250516/7_ic50_etc/plots/e3_s42/pred-deepneo_fold3.csv,0.75039,0.40839,dataset/full/test_beta.csv,No 9-mer overlap,0.8457306552947688,0.9935366493499996,0.9666098465857816,0.9362313289927232,0.2933416872500409
deepneo,e3,s42,3,plots,plots,,250516/7_ic50_etc,250516/7_ic50_etc/plots/e3_s42/pred-deepneo_fold3.csv,250516/7_ic50_etc/plots/e3_s42/pred-deepneo_fold3.csv,/home/hwjang/project/250516/7_ic50_etc/plots/e3_s42/pred-deepneo_fold3.csv,250516/7_ic50_etc/plots/e3_s42/pred-deepneo_fold3.csv,0.75039,0.40839,dataset/full/test_beta.csv,>=1 9-mer overlap,0.8837473271172536,0.9056390197044432,0.8159039759939986,0.7976392422957308,0.592393320166887
deepneo,e3,s42,3,plots,plots,,250516/7_ic50_etc,250516/7_ic50_etc/plots/e3_s42/pred-deepneo_fold3.csv,250516/7_ic50_etc/plots/e3_s42/pred-deepneo_fold3.csv,/home/hwjang/project/250516/7_ic50_etc/plots/e3_s42/pred-deepneo_fold3.csv,250516/7_ic50_etc/plots/e3_s42/pred-deepneo_fold3.csv,0.75039,0.40839,dataset/full/test_beta.csv,Exact 15-mer match,0.8688608558387305,0.8719331517559668,0.7792,0.7821441659853974,0.5657388944796752
deepneo,e3,s42,3,plots,plots,,250516/7_ic50_etc,250516/7_ic50_etc/plots/e3_s42/pred-deepneo_fold3.csv,250516/7_ic50_etc/plots/e3_s42/pred-deepneo_fold3.csv,/home/hwjang/project/250516/7_ic50_etc/plots/e3_s42/pred-deepneo_fold3.csv,250516/7_ic50_etc/plots/e3_s42/pred-deepneo_fold3.csv,0.75039,0.40839,dataset/full/test_beta.csv,"9-mer overlap, not exact",0.9020031064424968,0.9778104450791216,0.926126126126126,0.8764883087075025,0.5496770068823081
deepneo,e3,s42,4,plots,plots,,250516/7_ic50_etc,250516/7_ic50_etc/plots/e3_s42/pred-deepneo_fold4.csv,250516/7_ic50_etc/plots/e3_s42/pred-deepneo_fold4.csv,/home/hwjang/project/250516/7_ic50_etc/plots/e3_s42/pred-deepneo_fold4.csv,250516/7_ic50_etc/plots/e3_s42/pred-deepneo_fold4.csv,0.74797,0.42084,dataset/full/test_beta.csv,Overall,0.8943051973693157,0.92690471816845,0.8338889400497284,0.8107875634624261,0.6155562646507615
deepneo,e3,s42,4,plots,plots,,250516/7_ic50_etc,250516/7_ic50_etc/plots/e3_s42/pred-deepneo_fold4.csv,250516/7_ic50_etc/plots/e3_s42/pred-deepneo_fold4.csv,/home/hwjang/project/250516/7_ic50_etc/plots/e3_s42/pred-deepneo_fold4.csv,250516/7_ic50_etc/plots/e3_s42/pred-deepneo_fold4.csv,0.74797,0.42084,dataset/full/test_beta.csv,No 9-mer overlap,0.8565340527106153,0.9946473501593712,0.957550030321407,0.9195710455764076,0.2388396203600291
deepneo,e3,s42,4,plots,plots,,250516/7_ic50_etc,250516/7_ic50_etc/plots/e3_s42/pred-deepneo_fold4.csv,250516/7_ic50_etc/plots/e3_s42/pred-deepneo_fold4.csv,/home/hwjang/project/250516/7_ic50_etc/plots/e3_s42/pred-deepneo_fold4.csv,250516/7_ic50_etc/plots/e3_s42/pred-deepneo_fold4.csv,0.74797,0.42084,dataset/full/test_beta.csv,>=1 9-mer overlap,0.8824951943663959,0.9039500049723695,0.8063331906939033,0.7974036377344266,0.5950768240633021
deepneo,e3,s42,4,plots,plots,,250516/7_ic50_etc,250516/7_ic50_etc/plots/e3_s42/pred-deepneo_fold4.csv,250516/7_ic50_etc/plots/e3_s42/pred-deepneo_fold4.csv,/home/hwjang/project/250516/7_ic50_etc/plots/e3_s42/pred-deepneo_fold4.csv,250516/7_ic50_etc/plots/e3_s42/pred-deepneo_fold4.csv,0.74797,0.42084,dataset/full/test_beta.csv,Exact 15-mer match,0.8674683232539665,0.8694265900627894,0.7687243295482,0.7841174978152398,0.5670772992209898
deepneo,e3,s42,4,plots,plots,,250516/7_ic50_etc,250516/7_ic50_etc/plots/e3_s42/pred-deepneo_fold4.csv,250516/7_ic50_etc/plots/e3_s42/pred-deepneo_fold4.csv,/home/hwjang/project/250516/7_ic50_etc/plots/e3_s42/pred-deepneo_fold4.csv,250516/7_ic50_etc/plots/e3_s42/pred-deepneo_fold4.csv,0.74797,0.42084,dataset/full/test_beta.csv,"9-mer overlap, not exact",0.9089369593859196,0.979525521366578,0.9166445212153423,0.8650121933725434,0.5712536452353871
esm3_large,e5,s100,0,plots,plots,,250524/0_bulk,250524/0_bulk/plots/e5_s100/pred-esm3_large_fold0.csv,250524/0_bulk/plots/e5_s100/pred-esm3_large_fold0.csv,/home/hwjang/project/250524/0_bulk/plots/e5_s100/pred-esm3_large_fold0.csv,250524/0_bulk/plots/e5_s100/pred-esm3_large_fold0.csv,-0.09398,0.33683,dataset/full/test.csv,Overall,0.9316661679672092,0.9536805674129548,0.8715935085286118,0.8525603904698875,0.6988790467607636
esm3_large,e5,s100,0,plots,plots,,250524/0_bulk,250524/0_bulk/plots/e5_s100/pred-esm3_large_fold0.csv,250524/0_bulk/plots/e5_s100/pred-esm3_large_fold0.csv,/home/hwjang/project/250524/0_bulk/plots/e5_s100/pred-esm3_large_fold0.csv,250524/0_bulk/plots/e5_s100/pred-esm3_large_fold0.csv,-0.09398,0.33683,dataset/full/test.csv,No 9-mer overlap,0.897971786677596,0.9965868865984296,0.9743385717127512,0.9506503442999236,0.3514996072005203
esm3_large,e5,s100,0,plots,plots,,250524/0_bulk,250524/0_bulk/plots/e5_s100/pred-esm3_large_fold0.csv,250524/0_bulk/plots/e5_s100/pred-esm3_large_fold0.csv,/home/hwjang/project/250524/0_bulk/plots/e5_s100/pred-esm3_large_fold0.csv,250524/0_bulk/plots/e5_s100/pred-esm3_large_fold0.csv,-0.09398,0.33683,dataset/full/test.csv,>=1 9-mer overlap,0.9226943534559792,0.9379941762098412,0.848872759265369,0.8406687691308784,0.6807152087812334
esm3_large,e5,s100,0,plots,plots,,250524/0_bulk,250524/0_bulk/plots/e5_s100/pred-esm3_large_fold0.csv,250524/0_bulk/plots/e5_s100/pred-esm3_large_fold0.csv,/home/hwjang/project/250524/0_bulk/plots/e5_s100/pred-esm3_large_fold0.csv,250524/0_bulk/plots/e5_s100/pred-esm3_large_fold0.csv,-0.09398,0.33683,dataset/full/test.csv,Exact 15-mer match,0.910210655856722,0.912588758779606,0.8153568148828391,0.8275604492889946,0.6541652847514208
esm3_large,e5,s100,0,plots,plots,,250524/0_bulk,250524/0_bulk/plots/e5_s100/pred-esm3_large_fold0.csv,250524/0_bulk/plots/e5_s100/pred-esm3_large_fold0.csv,/home/hwjang/project/250524/0_bulk/plots/e5_s100/pred-esm3_large_fold0.csv,250524/0_bulk/plots/e5_s100/pred-esm3_large_fold0.csv,-0.09398,0.33683,dataset/full/test.csv,"9-mer overlap, not exact",0.9401704265560364,0.9869624887686916,0.9455073454048514,0.9085697907709944,0.6621893904769447
esm3_large,e5,s100,1,plots,plots,,250524/0_bulk,250524/0_bulk/plots/e5_s100/pred-esm3_large_fold1.csv,250524/0_bulk/plots/e5_s100/pred-esm3_large_fold1.csv,/home/hwjang/project/250524/0_bulk/plots/e5_s100/pred-esm3_large_fold1.csv,250524/0_bulk/plots/e5_s100/pred-esm3_large_fold1.csv,-0.13026,0.36126,dataset/full/test.csv,Overall,0.9304749627460565,0.9531125370828596,0.8725868725868726,0.8518985771012575,0.69577697861895
esm3_large,e5,s100,1,plots,plots,,250524/0_bulk,250524/0_bulk/plots/e5_s100/pred-esm3_large_fold1.csv,250524/0_bulk/plots/e5_s100/pred-esm3_large_fold1.csv,/home/hwjang/project/250524/0_bulk/plots/e5_s100/pred-esm3_large_fold1.csv,250524/0_bulk/plots/e5_s100/pred-esm3_large_fold1.csv,-0.13026,0.36126,dataset/full/test.csv,No 9-mer overlap,0.9074357667831606,0.996884127930848,0.9733931240657698,0.948928844682479,0.3634454723986473
esm3_large,e5,s100,1,plots,plots,,250524/0_bulk,250524/0_bulk/plots/e5_s100/pred-esm3_large_fold1.csv,250524/0_bulk/plots/e5_s100/pred-esm3_large_fold1.csv,/home/hwjang/project/250524/0_bulk/plots/e5_s100/pred-esm3_large_fold1.csv,250524/0_bulk/plots/e5_s100/pred-esm3_large_fold1.csv,-0.13026,0.36126,dataset/full/test.csv,>=1 9-mer overlap,0.9218438609665014,0.9375697890182672,0.8506757927568879,0.8401354234301085,0.6786808262060696
esm3_large,e5,s100,1,plots,plots,,250524/0_bulk,250524/0_bulk/plots/e5_s100/pred-esm3_large_fold1.csv,250524/0_bulk/plots/e5_s100/pred-esm3_large_fold1.csv,/home/hwjang/project/250524/0_bulk/plots/e5_s100/pred-esm3_large_fold1.csv,250524/0_bulk/plots/e5_s100/pred-esm3_large_fold1.csv,-0.13026,0.36126,dataset/full/test.csv,Exact 15-mer match,0.9097274513082276,0.9124577975895666,0.819672131147541,0.828058429701765,0.6553743090011299
esm3_large,e5,s100,1,plots,plots,,250524/0_bulk,250524/0_bulk/plots/e5_s100/pred-esm3_large_fold1.csv,250524/0_bulk/plots/e5_s100/pred-esm3_large_fold1.csv,/home/hwjang/project/250524/0_bulk/plots/e5_s100/pred-esm3_large_fold1.csv,250524/0_bulk/plots/e5_s100/pred-esm3_large_fold1.csv,-0.13026,0.36126,dataset/full/test.csv,"9-mer overlap, not exact",0.9402241392613168,0.9871126621996196,0.941980688712296,0.902694181713958,0.6410152181331612
esm3_large,e5,s100,2,plots,plots,,250524/0_bulk,250524/0_bulk/plots/e5_s100/pred-esm3_large_fold2.csv,250524/0_bulk/plots/e5_s100/pred-esm3_large_fold2.csv,/home/hwjang/project/250524/0_bulk/plots/e5_s100/pred-esm3_large_fold2.csv,250524/0_bulk/plots/e5_s100/pred-esm3_large_fold2.csv,-0.13437,0.34991,dataset/full/test.csv,Overall,0.9268442924315032,0.9503429447762836,0.8661767095830549,0.8467281601588352,0.6873855243661425
esm3_large,e5,s100,2,plots,plots,,250524/0_bulk,250524/0_bulk/plots/e5_s100/pred-esm3_large_fold2.csv,250524/0_bulk/plots/e5_s100/pred-esm3_large_fold2.csv,/home/hwjang/project/250524/0_bulk/plots/e5_s100/pred-esm3_large_fold2.csv,250524/0_bulk/plots/e5_s100/pred-esm3_large_fold2.csv,-0.13437,0.34991,dataset/full/test.csv,No 9-mer overlap,0.8963656100978662,0.99632630161154,0.9716849451645064,0.9456771231828616,0.3285591106069641
esm3_large,e5,s100,2,plots,plots,,250524/0_bulk,250524/0_bulk/plots/e5_s100/pred-esm3_large_fold2.csv,250524/0_bulk/plots/e5_s100/pred-esm3_large_fold2.csv,/home/hwjang/project/250524/0_bulk/plots/e5_s100/pred-esm3_large_fold2.csv,250524/0_bulk/plots/e5_s100/pred-esm3_large_fold2.csv,-0.13437,0.34991,dataset/full/test.csv,>=1 9-mer overlap,0.9172172518804816,0.9333770508009932,0.8428410769807493,0.8347323995918746,0.6690358591753527
esm3_large,e5,s100,2,plots,plots,,250524/0_bulk,250524/0_bulk/plots/e5_s100/pred-esm3_large_fold2.csv,250524/0_bulk/plots/e5_s100/pred-esm3_large_fold2.csv,/home/hwjang/project/250524/0_bulk/plots/e5_s100/pred-esm3_large_fold2.csv,250524/0_bulk/plots/e5_s100/pred-esm3_large_fold2.csv,-0.13437,0.34991,dataset/full/test.csv,Exact 15-mer match,0.9042151251934748,0.9063842570851844,0.8100658011737507,0.8227189730537265,0.6444439951410955
esm3_large,e5,s100,2,plots,plots,,250524/0_bulk,250524/0_bulk/plots/e5_s100/pred-esm3_large_fold2.csv,250524/0_bulk/plots/e5_s100/pred-esm3_large_fold2.csv,/home/hwjang/project/250524/0_bulk/plots/e5_s100/pred-esm3_large_fold2.csv,250524/0_bulk/plots/e5_s100/pred-esm3_large_fold2.csv,-0.13437,0.34991,dataset/full/test.csv,"9-mer overlap, not exact",0.9391713999133476,0.9868617054424924,0.9380759624494014,0.8969618801948982,0.6315473066714857
esm3_large,e5,s100,3,plots,plots,,250524/0_bulk,250524/0_bulk/plots/e5_s100/pred-esm3_large_fold3.csv,250524/0_bulk/plots/e5_s100/pred-esm3_large_fold3.csv,/home/hwjang/project/250524/0_bulk/plots/e5_s100/pred-esm3_large_fold3.csv,250524/0_bulk/plots/e5_s100/pred-esm3_large_fold3.csv,-1.56066,0.357,dataset/full/test.csv,Overall,0.922762315292224,0.9473304924953267,0.8622521565308218,0.8418059232296492,0.6768510428968457
esm3_large,e5,s100,3,plots,plots,,250524/0_bulk,250524/0_bulk/plots/e5_s100/pred-esm3_large_fold3.csv,250524/0_bulk/plots/e5_s100/pred-esm3_large_fold3.csv,/home/hwjang/project/250524/0_bulk/plots/e5_s100/pred-esm3_large_fold3.csv,250524/0_bulk/plots/e5_s100/pred-esm3_large_fold3.csv,-1.56066,0.357,dataset/full/test.csv,No 9-mer overlap,0.8954212890397832,0.9962768327171624,0.96720489419316,0.937452180566182,0.3311727770290927
esm3_large,e5,s100,3,plots,plots,,250524/0_bulk,250524/0_bulk/plots/e5_s100/pred-esm3_large_fold3.csv,250524/0_bulk/plots/e5_s100/pred-esm3_large_fold3.csv,/home/hwjang/project/250524/0_bulk/plots/e5_s100/pred-esm3_large_fold3.csv,250524/0_bulk/plots/e5_s100/pred-esm3_large_fold3.csv,-1.56066,0.357,dataset/full/test.csv,>=1 9-mer overlap,0.9133448515659868,0.9300878308583372,0.8392817946354099,0.8302105556070866,0.6595602412106124
esm3_large,e5,s100,3,plots,plots,,250524/0_bulk,250524/0_bulk/plots/e5_s100/pred-esm3_large_fold3.csv,250524/0_bulk/plots/e5_s100/pred-esm3_large_fold3.csv,/home/hwjang/project/250524/0_bulk/plots/e5_s100/pred-esm3_large_fold3.csv,250524/0_bulk/plots/e5_s100/pred-esm3_large_fold3.csv,-1.56066,0.357,dataset/full/test.csv,Exact 15-mer match,0.8997507748341584,0.901592778703488,0.8044623671739323,0.8162175621092237,0.6313507429303484
esm3_large,e5,s100,3,plots,plots,,250524/0_bulk,250524/0_bulk/plots/e5_s100/pred-esm3_large_fold3.csv,250524/0_bulk/plots/e5_s100/pred-esm3_large_fold3.csv,/home/hwjang/project/250524/0_bulk/plots/e5_s100/pred-esm3_large_fold3.csv,250524/0_bulk/plots/e5_s100/pred-esm3_large_fold3.csv,-1.56066,0.357,dataset/full/test.csv,"9-mer overlap, not exact",0.9384244668791432,0.9865161056086188,0.9413897280966768,0.902694181713958,0.6553065166694371
esm3_large,e5,s100,4,plots,plots,,250524/0_bulk,250524/0_bulk/plots/e5_s100/pred-esm3_large_fold4.csv,250524/0_bulk/plots/e5_s100/pred-esm3_large_fold4.csv,/home/hwjang/project/250524/0_bulk/plots/e5_s100/pred-esm3_large_fold4.csv,250524/0_bulk/plots/e5_s100/pred-esm3_large_fold4.csv,-1333.91296,0.36486,dataset/full/test.csv,Overall,0.9304462772380616,0.9525875403710976,0.8643623449788966,0.8491272336201191,0.6988520213581134
esm3_large,e5,s100,4,plots,plots,,250524/0_bulk,250524/0_bulk/plots/e5_s100/pred-esm3_large_fold4.csv,250524/0_bulk/plots/e5_s100/pred-esm3_large_fold4.csv,/home/hwjang/project/250524/0_bulk/plots/e5_s100/pred-esm3_large_fold4.csv,250524/0_bulk/plots/e5_s100/pred-esm3_large_fold4.csv,-1333.91296,0.36486,dataset/full/test.csv,No 9-mer overlap,0.8967463847180606,0.9966439191950712,0.9576494427558258,0.9200459066564652,0.3036606600288808
esm3_large,e5,s100,4,plots,plots,,250524/0_bulk,250524/0_bulk/plots/e5_s100/pred-esm3_large_fold4.csv,250524/0_bulk/plots/e5_s100/pred-esm3_large_fold4.csv,/home/hwjang/project/250524/0_bulk/plots/e5_s100/pred-esm3_large_fold4.csv,250524/0_bulk/plots/e5_s100/pred-esm3_large_fold4.csv,-1333.91296,0.36486,dataset/full/test.csv,>=1 9-mer overlap,0.9228945251382088,0.9378652201064636,0.8433948944503905,0.840529635469808,0.6851241640900875
esm3_large,e5,s100,4,plots,plots,,250524/0_bulk,250524/0_bulk/plots/e5_s100/pred-esm3_large_fold4.csv,250524/0_bulk/plots/e5_s100/pred-esm3_large_fold4.csv,/home/hwjang/project/250524/0_bulk/plots/e5_s100/pred-esm3_large_fold4.csv,250524/0_bulk/plots/e5_s100/pred-esm3_large_fold4.csv,-1333.91296,0.36486,dataset/full/test.csv,Exact 15-mer match,0.9117068470207264,0.9138835899324388,0.8106558135232633,0.8301056825098213,0.6616956339169301
esm3_large,e5,s100,4,plots,plots,,250524/0_bulk,250524/0_bulk/plots/e5_s100/pred-esm3_large_fold4.csv,250524/0_bulk/plots/e5_s100/pred-esm3_large_fold4.csv,/home/hwjang/project/250524/0_bulk/plots/e5_s100/pred-esm3_large_fold4.csv,250524/0_bulk/plots/e5_s100/pred-esm3_large_fold4.csv,-1333.91296,0.36486,dataset/full/test.csv,"9-mer overlap, not exact",0.9347767510045168,0.98574294426387,0.9358885017421604,0.8945256520492978,0.6409372319163497
esm3_large,e5,s128,0,plots,plots,,250524/0_bulk,250524/0_bulk/plots/e5_s128/pred-esm3_large_fold0.csv,250524/0_bulk/plots/e5_s128/pred-esm3_large_fold0.csv,/home/hwjang/project/250524/0_bulk/plots/e5_s128/pred-esm3_large_fold0.csv,250524/0_bulk/plots/e5_s128/pred-esm3_large_fold0.csv,0.08015,0.34884,dataset/full/test.csv,Overall,0.9315229856100284,0.953282151090511,0.8717183558918612,0.8506369953673064,0.6929860441551411
esm3_large,e5,s128,0,plots,plots,,250524/0_bulk,250524/0_bulk/plots/e5_s128/pred-esm3_large_fold0.csv,250524/0_bulk/plots/e5_s128/pred-esm3_large_fold0.csv,/home/hwjang/project/250524/0_bulk/plots/e5_s128/pred-esm3_large_fold0.csv,250524/0_bulk/plots/e5_s128/pred-esm3_large_fold0.csv,0.08015,0.34884,dataset/full/test.csv,No 9-mer overlap,0.898392715712284,0.9967352870908832,0.9715082685793984,0.9452945677123182,0.3078504518411026
esm3_large,e5,s128,0,plots,plots,,250524/0_bulk,250524/0_bulk/plots/e5_s128/pred-esm3_large_fold0.csv,250524/0_bulk/plots/e5_s128/pred-esm3_large_fold0.csv,/home/hwjang/project/250524/0_bulk/plots/e5_s128/pred-esm3_large_fold0.csv,250524/0_bulk/plots/e5_s128/pred-esm3_large_fold0.csv,0.08015,0.34884,dataset/full/test.csv,>=1 9-mer overlap,0.923218269604804,0.9377918259100776,0.8500648508430609,0.8391614878026157,0.6766499575914038
esm3_large,e5,s128,0,plots,plots,,250524/0_bulk,250524/0_bulk/plots/e5_s128/pred-esm3_large_fold0.csv,250524/0_bulk/plots/e5_s128/pred-esm3_large_fold0.csv,/home/hwjang/project/250524/0_bulk/plots/e5_s128/pred-esm3_large_fold0.csv,250524/0_bulk/plots/e5_s128/pred-esm3_large_fold0.csv,0.08015,0.34884,dataset/full/test.csv,Exact 15-mer match,0.9111502212794218,0.91213797289836,0.8177842143374366,0.8259558457367343,0.6512247428653993
esm3_large,e5,s128,0,plots,plots,,250524/0_bulk,250524/0_bulk/plots/e5_s128/pred-esm3_large_fold0.csv,250524/0_bulk/plots/e5_s128/pred-esm3_large_fold0.csv,/home/hwjang/project/250524/0_bulk/plots/e5_s128/pred-esm3_large_fold0.csv,250524/0_bulk/plots/e5_s128/pred-esm3_large_fold0.csv,0.08015,0.34884,dataset/full/test.csv,"9-mer overlap, not exact",0.944085964068871,0.9881835759202082,0.9450362164465276,0.907566638005159,0.6555942287031272
esm3_large,e5,s128,1,plots,plots,,250524/0_bulk,250524/0_bulk/plots/e5_s128/pred-esm3_large_fold1.csv,250524/0_bulk/plots/e5_s128/pred-esm3_large_fold1.csv,/home/hwjang/project/250524/0_bulk/plots/e5_s128/pred-esm3_large_fold1.csv,250524/0_bulk/plots/e5_s128/pred-esm3_large_fold1.csv,-0.45993,0.35313,dataset/full/test.csv,Overall,0.9322438441125692,0.9538027794701162,0.8709135873783779,0.8521053937789543,0.6983194091522146
esm3_large,e5,s128,1,plots,plots,,250524/0_bulk,250524/0_bulk/plots/e5_s128/pred-esm3_large_fold1.csv,250524/0_bulk/plots/e5_s128/pred-esm3_large_fold1.csv,/home/hwjang/project/250524/0_bulk/plots/e5_s128/pred-esm3_large_fold1.csv,250524/0_bulk/plots/e5_s128/pred-esm3_large_fold1.csv,-0.45993,0.35313,dataset/full/test.csv,No 9-mer overlap,0.8943419660709043,0.9962837848139152,0.9653927174240144,0.9340091813312932,0.2921040513474189
esm3_large,e5,s128,1,plots,plots,,250524/0_bulk,250524/0_bulk/plots/e5_s128/pred-esm3_large_fold1.csv,250524/0_bulk/plots/e5_s128/pred-esm3_large_fold1.csv,/home/hwjang/project/250524/0_bulk/plots/e5_s128/pred-esm3_large_fold1.csv,250524/0_bulk/plots/e5_s128/pred-esm3_large_fold1.csv,-0.45993,0.35313,dataset/full/test.csv,>=1 9-mer overlap,0.9244007018164002,0.9390435077212912,0.8501805054151624,0.8421760504591411,0.6838097433810432
esm3_large,e5,s128,1,plots,plots,,250524/0_bulk,250524/0_bulk/plots/e5_s128/pred-esm3_large_fold1.csv,250524/0_bulk/plots/e5_s128/pred-esm3_large_fold1.csv,/home/hwjang/project/250524/0_bulk/plots/e5_s128/pred-esm3_large_fold1.csv,250524/0_bulk/plots/e5_s128/pred-esm3_large_fold1.csv,-0.45993,0.35313,dataset/full/test.csv,Exact 15-mer match,0.9131518563071248,0.9147927524489634,0.8184966991325971,0.8303823382946938,0.6598264507971945
esm3_large,e5,s128,1,plots,plots,,250524/0_bulk,250524/0_bulk/plots/e5_s128/pred-esm3_large_fold1.csv,250524/0_bulk/plots/e5_s128/pred-esm3_large_fold1.csv,/home/hwjang/project/250524/0_bulk/plots/e5_s128/pred-esm3_large_fold1.csv,250524/0_bulk/plots/e5_s128/pred-esm3_large_fold1.csv,-0.45993,0.35313,dataset/full/test.csv,"9-mer overlap, not exact",0.9392242223527943,0.9870001989083644,0.9420551120267834,0.903267411865864,0.6494754858142916
esm3_large,e5,s128,2,plots,plots,,250524/0_bulk,250524/0_bulk/plots/e5_s128/pred-esm3_large_fold2.csv,250524/0_bulk/plots/e5_s128/pred-esm3_large_fold2.csv,/home/hwjang/project/250524/0_bulk/plots/e5_s128/pred-esm3_large_fold2.csv,250524/0_bulk/plots/e5_s128/pred-esm3_large_fold2.csv,-1.45956,0.34583,dataset/full/test.csv,Overall,0.9241687031265314,0.9482815400703096,0.8617013561534557,0.8422402382528127,0.6789653916545694
esm3_large,e5,s128,2,plots,plots,,250524/0_bulk,250524/0_bulk/plots/e5_s128/pred-esm3_large_fold2.csv,250524/0_bulk/plots/e5_s128/pred-esm3_large_fold2.csv,/home/hwjang/project/250524/0_bulk/plots/e5_s128/pred-esm3_large_fold2.csv,250524/0_bulk/plots/e5_s128/pred-esm3_large_fold2.csv,-1.45956,0.34583,dataset/full/test.csv,No 9-mer overlap,0.8809933925218634,0.9959868739987916,0.9597417011401472,0.923680183626626,0.2737608940807519
esm3_large,e5,s128,2,plots,plots,,250524/0_bulk,250524/0_bulk/plots/e5_s128/pred-esm3_large_fold2.csv,250524/0_bulk/plots/e5_s128/pred-esm3_large_fold2.csv,/home/hwjang/project/250524/0_bulk/plots/e5_s128/pred-esm3_large_fold2.csv,250524/0_bulk/plots/e5_s128/pred-esm3_large_fold2.csv,-1.45956,0.34583,dataset/full/test.csv,>=1 9-mer overlap,0.9163395729678702,0.9325398313382736,0.840225439275058,0.8323671273536778,0.6645154532779615
esm3_large,e5,s128,2,plots,plots,,250524/0_bulk,250524/0_bulk/plots/e5_s128/pred-esm3_large_fold2.csv,250524/0_bulk/plots/e5_s128/pred-esm3_large_fold2.csv,/home/hwjang/project/250524/0_bulk/plots/e5_s128/pred-esm3_large_fold2.csv,250524/0_bulk/plots/e5_s128/pred-esm3_large_fold2.csv,-1.45956,0.34583,dataset/full/test.csv,Exact 15-mer match,0.9045235804295292,0.9070951619275762,0.8070332024277044,0.8205610579317214,0.640172362565238
esm3_large,e5,s128,2,plots,plots,,250524/0_bulk,250524/0_bulk/plots/e5_s128/pred-esm3_large_fold2.csv,250524/0_bulk/plots/e5_s128/pred-esm3_large_fold2.csv,/home/hwjang/project/250524/0_bulk/plots/e5_s128/pred-esm3_large_fold2.csv,250524/0_bulk/plots/e5_s128/pred-esm3_large_fold2.csv,-1.45956,0.34583,dataset/full/test.csv,"9-mer overlap, not exact",0.9268897376089832,0.9836410115707078,0.9361299750709188,0.8935224992834623,0.6162896699414543
esm3_large,e5,s128,3,plots,plots,,250524/0_bulk,250524/0_bulk/plots/e5_s128/pred-esm3_large_fold3.csv,250524/0_bulk/plots/e5_s128/pred-esm3_large_fold3.csv,/home/hwjang/project/250524/0_bulk/plots/e5_s128/pred-esm3_large_fold3.csv,250524/0_bulk/plots/e5_s128/pred-esm3_large_fold3.csv,-0.6372,0.35442,dataset/full/test.csv,Overall,0.926898892618294,0.9501321943231787,0.8678200206832484,0.8440395433487756,0.6781587881757588
esm3_large,e5,s128,3,plots,plots,,250524/0_bulk,250524/0_bulk/plots/e5_s128/pred-esm3_large_fold3.csv,250524/0_bulk/plots/e5_s128/pred-esm3_large_fold3.csv,/home/hwjang/project/250524/0_bulk/plots/e5_s128/pred-esm3_large_fold3.csv,250524/0_bulk/plots/e5_s128/pred-esm3_large_fold3.csv,-0.6372,0.35442,dataset/full/test.csv,No 9-mer overlap,0.9044283396011144,0.9967214530877696,0.970864098982239,0.9441469013006886,0.3231760797142272
esm3_large,e5,s128,3,plots,plots,,250524/0_bulk,250524/0_bulk/plots/e5_s128/pred-esm3_large_fold3.csv,250524/0_bulk/plots/e5_s128/pred-esm3_large_fold3.csv,/home/hwjang/project/250524/0_bulk/plots/e5_s128/pred-esm3_large_fold3.csv,250524/0_bulk/plots/e5_s128/pred-esm3_large_fold3.csv,-0.6372,0.35442,dataset/full/test.csv,>=1 9-mer overlap,0.9181239950480128,0.9338294410642706,0.845861064449595,0.831903348483443,0.6618823059547367
esm3_large,e5,s128,3,plots,plots,,250524/0_bulk,250524/0_bulk/plots/e5_s128/pred-esm3_large_fold3.csv,250524/0_bulk/plots/e5_s128/pred-esm3_large_fold3.csv,/home/hwjang/project/250524/0_bulk/plots/e5_s128/pred-esm3_large_fold3.csv,250524/0_bulk/plots/e5_s128/pred-esm3_large_fold3.csv,-0.6372,0.35442,dataset/full/test.csv,Exact 15-mer match,0.906450727943341,0.9083794403292416,0.8145646497899875,0.8192331101643335,0.6390773096628138
esm3_large,e5,s128,3,plots,plots,,250524/0_bulk,250524/0_bulk/plots/e5_s128/pred-esm3_large_fold3.csv,250524/0_bulk/plots/e5_s128/pred-esm3_large_fold3.csv,/home/hwjang/project/250524/0_bulk/plots/e5_s128/pred-esm3_large_fold3.csv,250524/0_bulk/plots/e5_s128/pred-esm3_large_fold3.csv,-0.6372,0.35442,dataset/full/test.csv,"9-mer overlap, not exact",0.9279711138412596,0.9840584332188024,0.9393708131942676,0.8975351103468042,0.6113116812610979
esm3_large,e5,s128,4,plots,plots,,250524/0_bulk,250524/0_bulk/plots/e5_s128/pred-esm3_large_fold4.csv,250524/0_bulk/plots/e5_s128/pred-esm3_large_fold4.csv,/home/hwjang/project/250524/0_bulk/plots/e5_s128/pred-esm3_large_fold4.csv,250524/0_bulk/plots/e5_s128/pred-esm3_large_fold4.csv,-0.07085,0.3593,dataset/full/test.csv,Overall,0.9281005493052448,0.9515519575944632,0.869725682245644,0.8481551952349438,0.6877622144069343
esm3_large,e5,s128,4,plots,plots,,250524/0_bulk,250524/0_bulk/plots/e5_s128/pred-esm3_large_fold4.csv,250524/0_bulk/plots/e5_s128/pred-esm3_large_fold4.csv,/home/hwjang/project/250524/0_bulk/plots/e5_s128/pred-esm3_large_fold4.csv,250524/0_bulk/plots/e5_s128/pred-esm3_large_fold4.csv,-0.07085,0.3593,dataset/full/test.csv,No 9-mer overlap,0.899151495682708,0.9966893225759588,0.971793082826672,0.9458684009181332,0.3254156198219371
esm3_large,e5,s128,4,plots,plots,,250524/0_bulk,250524/0_bulk/plots/e5_s128/pred-esm3_large_fold4.csv,250524/0_bulk/plots/e5_s128/pred-esm3_large_fold4.csv,/home/hwjang/project/250524/0_bulk/plots/e5_s128/pred-esm3_large_fold4.csv,250524/0_bulk/plots/e5_s128/pred-esm3_large_fold4.csv,-0.07085,0.3593,dataset/full/test.csv,>=1 9-mer overlap,0.9192967701476952,0.93572642655108,0.847620075553157,0.8363092477506725,0.6708693985327497
esm3_large,e5,s128,4,plots,plots,,250524/0_bulk,250524/0_bulk/plots/e5_s128/pred-esm3_large_fold4.csv,250524/0_bulk/plots/e5_s128/pred-esm3_large_fold4.csv,/home/hwjang/project/250524/0_bulk/plots/e5_s128/pred-esm3_large_fold4.csv,250524/0_bulk/plots/e5_s128/pred-esm3_large_fold4.csv,-0.07085,0.3593,dataset/full/test.csv,Exact 15-mer match,0.9069770011235772,0.9101720862747412,0.8159157943438783,0.8238809273501909,0.6471351775412914
esm3_large,e5,s128,4,plots,plots,,250524/0_bulk,250524/0_bulk/plots/e5_s128/pred-esm3_large_fold4.csv,250524/0_bulk/plots/e5_s128/pred-esm3_large_fold4.csv,/home/hwjang/project/250524/0_bulk/plots/e5_s128/pred-esm3_large_fold4.csv,250524/0_bulk/plots/e5_s128/pred-esm3_large_fold4.csv,-0.07085,0.3593,dataset/full/test.csv,"9-mer overlap, not exact",0.9361125948875,0.986213812788207,0.9409861193902752,0.9006878761822872,0.6289505613516858
esm3_large,e5,s42,0,plots,plots,,250524/0_bulk,250524/0_bulk/plots/e5_s42/pred-esm3_large_fold0.csv,250524/0_bulk/plots/e5_s42/pred-esm3_large_fold0.csv,/home/hwjang/project/250524/0_bulk/plots/e5_s42/pred-esm3_large_fold0.csv,250524/0_bulk/plots/e5_s42/pred-esm3_large_fold0.csv,0.07596,0.33918,dataset/full/test.csv,Overall,0.9292504820895684,0.951702863589898,0.8695421131874944,0.8476795168762409,0.6865946612212558
esm3_large,e5,s42,0,plots,plots,,250524/0_bulk,250524/0_bulk/plots/e5_s42/pred-esm3_large_fold0.csv,250524/0_bulk/plots/e5_s42/pred-esm3_large_fold0.csv,/home/hwjang/project/250524/0_bulk/plots/e5_s42/pred-esm3_large_fold0.csv,250524/0_bulk/plots/e5_s42/pred-esm3_large_fold0.csv,0.07596,0.33918,dataset/full/test.csv,No 9-mer overlap,0.898161481670202,0.9967019689653172,0.9715880769614196,0.9454858454475898,0.3240467756770194
esm3_large,e5,s42,0,plots,plots,,250524/0_bulk,250524/0_bulk/plots/e5_s42/pred-esm3_large_fold0.csv,250524/0_bulk/plots/e5_s42/pred-esm3_large_fold0.csv,/home/hwjang/project/250524/0_bulk/plots/e5_s42/pred-esm3_large_fold0.csv,250524/0_bulk/plots/e5_s42/pred-esm3_large_fold0.csv,0.07596,0.33918,dataset/full/test.csv,>=1 9-mer overlap,0.9204958435360302,0.935698812073154,0.8474926762019646,0.835822279936926,0.6698319955885933
esm3_large,e5,s42,0,plots,plots,,250524/0_bulk,250524/0_bulk/plots/e5_s42/pred-esm3_large_fold0.csv,250524/0_bulk/plots/e5_s42/pred-esm3_large_fold0.csv,/home/hwjang/project/250524/0_bulk/plots/e5_s42/pred-esm3_large_fold0.csv,250524/0_bulk/plots/e5_s42/pred-esm3_large_fold0.csv,0.07596,0.33918,dataset/full/test.csv,Exact 15-mer match,0.9086339551497008,0.910048704416329,0.8153890489913544,0.8227743042107011,0.6450808681768113
esm3_large,e5,s42,0,plots,plots,,250524/0_bulk,250524/0_bulk/plots/e5_s42/pred-esm3_large_fold0.csv,250524/0_bulk/plots/e5_s42/pred-esm3_large_fold0.csv,/home/hwjang/project/250524/0_bulk/plots/e5_s42/pred-esm3_large_fold0.csv,250524/0_bulk/plots/e5_s42/pred-esm3_large_fold0.csv,0.07596,0.33918,dataset/full/test.csv,"9-mer overlap, not exact",0.9382207443809388,0.9865836135641672,0.9425110883657456,0.9034107194038408,0.6412801522769794
esm3_large,e5,s42,1,plots,plots,,250524/0_bulk,250524/0_bulk/plots/e5_s42/pred-esm3_large_fold1.csv,250524/0_bulk/plots/e5_s42/pred-esm3_large_fold1.csv,/home/hwjang/project/250524/0_bulk/plots/e5_s42/pred-esm3_large_fold1.csv,250524/0_bulk/plots/e5_s42/pred-esm3_large_fold1.csv,54.83508,0.36818,dataset/full/test.csv,Overall,0.9193159503771468,0.9443111487745012,0.8578377103032723,0.8380004963600265,0.670514088435307
esm3_large,e5,s42,1,plots,plots,,250524/0_bulk,250524/0_bulk/plots/e5_s42/pred-esm3_large_fold1.csv,250524/0_bulk/plots/e5_s42/pred-esm3_large_fold1.csv,/home/hwjang/project/250524/0_bulk/plots/e5_s42/pred-esm3_large_fold1.csv,250524/0_bulk/plots/e5_s42/pred-esm3_large_fold1.csv,54.83508,0.36818,dataset/full/test.csv,No 9-mer overlap,0.8799064540605807,0.9959070831282306,0.956830158086745,0.9185156847742922,0.2901763216882213
esm3_large,e5,s42,1,plots,plots,,250524/0_bulk,250524/0_bulk/plots/e5_s42/pred-esm3_large_fold1.csv,250524/0_bulk/plots/e5_s42/pred-esm3_large_fold1.csv,/home/hwjang/project/250524/0_bulk/plots/e5_s42/pred-esm3_large_fold1.csv,250524/0_bulk/plots/e5_s42/pred-esm3_large_fold1.csv,54.83508,0.36818,dataset/full/test.csv,>=1 9-mer overlap,0.9112767980128608,0.9275995081324324,0.8362406314253499,0.8282394954085892,0.6562687080858116
esm3_large,e5,s42,1,plots,plots,,250524/0_bulk,250524/0_bulk/plots/e5_s42/pred-esm3_large_fold1.csv,250524/0_bulk/plots/e5_s42/pred-esm3_large_fold1.csv,/home/hwjang/project/250524/0_bulk/plots/e5_s42/pred-esm3_large_fold1.csv,250524/0_bulk/plots/e5_s42/pred-esm3_large_fold1.csv,54.83508,0.36818,dataset/full/test.csv,Exact 15-mer match,0.8994508900578995,0.9009250033737484,0.804374240583232,0.8173795164056881,0.6337118546489197
esm3_large,e5,s42,1,plots,plots,,250524/0_bulk,250524/0_bulk/plots/e5_s42/pred-esm3_large_fold1.csv,250524/0_bulk/plots/e5_s42/pred-esm3_large_fold1.csv,/home/hwjang/project/250524/0_bulk/plots/e5_s42/pred-esm3_large_fold1.csv,250524/0_bulk/plots/e5_s42/pred-esm3_large_fold1.csv,54.83508,0.36818,dataset/full/test.csv,"9-mer overlap, not exact",0.9274295354592882,0.9841049959325424,0.9298398328690808,0.884494124390943,0.605276410738745
esm3_large,e5,s42,2,plots,plots,,250524/0_bulk,250524/0_bulk/plots/e5_s42/pred-esm3_large_fold2.csv,250524/0_bulk/plots/e5_s42/pred-esm3_large_fold2.csv,/home/hwjang/project/250524/0_bulk/plots/e5_s42/pred-esm3_large_fold2.csv,250524/0_bulk/plots/e5_s42/pred-esm3_large_fold2.csv,-0.72338,0.34935,dataset/full/test.csv,Overall,0.927228721475168,0.950940408569468,0.866173285198556,0.8466661151555261,0.6871918641340461
esm3_large,e5,s42,2,plots,plots,,250524/0_bulk,250524/0_bulk/plots/e5_s42/pred-esm3_large_fold2.csv,250524/0_bulk/plots/e5_s42/pred-esm3_large_fold2.csv,/home/hwjang/project/250524/0_bulk/plots/e5_s42/pred-esm3_large_fold2.csv,250524/0_bulk/plots/e5_s42/pred-esm3_large_fold2.csv,-0.72338,0.34935,dataset/full/test.csv,No 9-mer overlap,0.892087088001861,0.9961771902377908,0.9715426859710434,0.9454858454475898,0.3541059534102632
esm3_large,e5,s42,2,plots,plots,,250524/0_bulk,250524/0_bulk/plots/e5_s42/pred-esm3_large_fold2.csv,250524/0_bulk/plots/e5_s42/pred-esm3_large_fold2.csv,/home/hwjang/project/250524/0_bulk/plots/e5_s42/pred-esm3_large_fold2.csv,250524/0_bulk/plots/e5_s42/pred-esm3_large_fold2.csv,-0.72338,0.34935,dataset/full/test.csv,>=1 9-mer overlap,0.918043104580612,0.9347114816490908,0.8429216701553377,0.8346860217048512,0.6688691442513722
esm3_large,e5,s42,2,plots,plots,,250524/0_bulk,250524/0_bulk/plots/e5_s42/pred-esm3_large_fold2.csv,250524/0_bulk/plots/e5_s42/pred-esm3_large_fold2.csv,/home/hwjang/project/250524/0_bulk/plots/e5_s42/pred-esm3_large_fold2.csv,250524/0_bulk/plots/e5_s42/pred-esm3_large_fold2.csv,-0.72338,0.34935,dataset/full/test.csv,Exact 15-mer match,0.9058446156982354,0.909308697825436,0.8108459357277883,0.8228296353676755,0.6446317437854815
esm3_large,e5,s42,2,plots,plots,,250524/0_bulk,250524/0_bulk/plots/e5_s42/pred-esm3_large_fold2.csv,250524/0_bulk/plots/e5_s42/pred-esm3_large_fold2.csv,/home/hwjang/project/250524/0_bulk/plots/e5_s42/pred-esm3_large_fold2.csv,250524/0_bulk/plots/e5_s42/pred-esm3_large_fold2.csv,-0.72338,0.34935,dataset/full/test.csv,"9-mer overlap, not exact",0.9378459424650868,0.9864145987184056,0.9371151010495272,0.8961020349670392,0.6395315602853991
esm3_large,e5,s42,3,plots,plots,,250524/0_bulk,250524/0_bulk/plots/e5_s42/pred-esm3_large_fold3.csv,250524/0_bulk/plots/e5_s42/pred-esm3_large_fold3.csv,/home/hwjang/project/250524/0_bulk/plots/e5_s42/pred-esm3_large_fold3.csv,250524/0_bulk/plots/e5_s42/pred-esm3_large_fold3.csv,-0.15643,0.35837,dataset/full/test.csv,Overall,0.923112691170188,0.9472574282297792,0.8659172598491789,0.8426125082726671,0.675629226186252
esm3_large,e5,s42,3,plots,plots,,250524/0_bulk,250524/0_bulk/plots/e5_s42/pred-esm3_large_fold3.csv,250524/0_bulk/plots/e5_s42/pred-esm3_large_fold3.csv,/home/hwjang/project/250524/0_bulk/plots/e5_s42/pred-esm3_large_fold3.csv,250524/0_bulk/plots/e5_s42/pred-esm3_large_fold3.csv,-0.15643,0.35837,dataset/full/test.csv,No 9-mer overlap,0.9012326020614444,0.9968864989066162,0.9728331177231564,0.9477811782708492,0.3207934202881496
esm3_large,e5,s42,3,plots,plots,,250524/0_bulk,250524/0_bulk/plots/e5_s42/pred-esm3_large_fold3.csv,250524/0_bulk/plots/e5_s42/pred-esm3_large_fold3.csv,/home/hwjang/project/250524/0_bulk/plots/e5_s42/pred-esm3_large_fold3.csv,250524/0_bulk/plots/e5_s42/pred-esm3_large_fold3.csv,-0.15643,0.35837,dataset/full/test.csv,>=1 9-mer overlap,0.9136311161092026,0.9297247484036024,0.8429143383218789,0.8298627214544105,0.6577402629635447
esm3_large,e5,s42,3,plots,plots,,250524/0_bulk,250524/0_bulk/plots/e5_s42/pred-esm3_large_fold3.csv,250524/0_bulk/plots/e5_s42/pred-esm3_large_fold3.csv,/home/hwjang/project/250524/0_bulk/plots/e5_s42/pred-esm3_large_fold3.csv,250524/0_bulk/plots/e5_s42/pred-esm3_large_fold3.csv,-0.15643,0.35837,dataset/full/test.csv,Exact 15-mer match,0.900273896613675,0.9013950810267208,0.8092382728446421,0.8160515686383002,0.631872292695194
esm3_large,e5,s42,3,plots,plots,,250524/0_bulk,250524/0_bulk/plots/e5_s42/pred-esm3_large_fold3.csv,250524/0_bulk/plots/e5_s42/pred-esm3_large_fold3.csv,/home/hwjang/project/250524/0_bulk/plots/e5_s42/pred-esm3_large_fold3.csv,250524/0_bulk/plots/e5_s42/pred-esm3_large_fold3.csv,-0.15643,0.35837,dataset/full/test.csv,"9-mer overlap, not exact",0.9327910130631673,0.985454529021992,0.94195072561593,0.9014044138721696,0.6200109614286394
esm3_large,e5,s42,4,plots,plots,,250524/0_bulk,250524/0_bulk/plots/e5_s42/pred-esm3_large_fold4.csv,250524/0_bulk/plots/e5_s42/pred-esm3_large_fold4.csv,/home/hwjang/project/250524/0_bulk/plots/e5_s42/pred-esm3_large_fold4.csv,250524/0_bulk/plots/e5_s42/pred-esm3_large_fold4.csv,-0.41699,0.34608,dataset/full/test.csv,Overall,0.9269048886118312,0.9502753346626552,0.8676885130373503,0.844680675049636,0.6798886800538856
esm3_large,e5,s42,4,plots,plots,,250524/0_bulk,250524/0_bulk/plots/e5_s42/pred-esm3_large_fold4.csv,250524/0_bulk/plots/e5_s42/pred-esm3_large_fold4.csv,/home/hwjang/project/250524/0_bulk/plots/e5_s42/pred-esm3_large_fold4.csv,250524/0_bulk/plots/e5_s42/pred-esm3_large_fold4.csv,-0.41699,0.34608,dataset/full/test.csv,No 9-mer overlap,0.9016161459516042,0.9966531155088696,0.9688,0.9403213465952563,0.3143390087024768
esm3_large,e5,s42,4,plots,plots,,250524/0_bulk,250524/0_bulk/plots/e5_s42/pred-esm3_large_fold4.csv,250524/0_bulk/plots/e5_s42/pred-esm3_large_fold4.csv,/home/hwjang/project/250524/0_bulk/plots/e5_s42/pred-esm3_large_fold4.csv,250524/0_bulk/plots/e5_s42/pred-esm3_large_fold4.csv,-0.41699,0.34608,dataset/full/test.csv,>=1 9-mer overlap,0.918584851487762,0.9344075389900016,0.84606501283148,0.8330859846025415,0.6642284950835367
esm3_large,e5,s42,4,plots,plots,,250524/0_bulk,250524/0_bulk/plots/e5_s42/pred-esm3_large_fold4.csv,250524/0_bulk/plots/e5_s42/pred-esm3_large_fold4.csv,/home/hwjang/project/250524/0_bulk/plots/e5_s42/pred-esm3_large_fold4.csv,250524/0_bulk/plots/e5_s42/pred-esm3_large_fold4.csv,-0.41699,0.34608,dataset/full/test.csv,Exact 15-mer match,0.9064014378267315,0.908391218576322,0.8140804022972085,0.8199800807834892,0.6400217385525148
esm3_large,e5,s42,4,plots,plots,,250524/0_bulk,250524/0_bulk/plots/e5_s42/pred-esm3_large_fold4.csv,250524/0_bulk/plots/e5_s42/pred-esm3_large_fold4.csv,/home/hwjang/project/250524/0_bulk/plots/e5_s42/pred-esm3_large_fold4.csv,250524/0_bulk/plots/e5_s42/pred-esm3_large_fold4.csv,-0.41699,0.34608,dataset/full/test.csv,"9-mer overlap, not exact",0.9370748238757428,0.9865766170465888,0.9412464926451832,0.90097449125824,0.627995344230406
esm3_medium,e5,s100,0,plots,plots,,250513/1_bulk,250513/1_bulk/3/plots/e5_s100/pred-esm3_medium_fold0.csv,250513/1_bulk/3/plots/e5_s100/pred-esm3_medium_fold0.csv,/home/hwjang/project/250513/1_bulk/3/plots/e5_s100/pred-esm3_medium_fold0.csv,250513/1_bulk/3/plots/e5_s100/pred-esm3_medium_fold0.csv,0.0204,0.37206,dataset/full/test.csv,Overall,0.9233933551649132,0.947674722981364,0.8620887391584833,0.8408338848444739,0.674058195312999
esm3_medium,e5,s100,0,plots,plots,,250513/1_bulk,250513/1_bulk/3/plots/e5_s100/pred-esm3_medium_fold0.csv,250513/1_bulk/3/plots/e5_s100/pred-esm3_medium_fold0.csv,/home/hwjang/project/250513/1_bulk/3/plots/e5_s100/pred-esm3_medium_fold0.csv,250513/1_bulk/3/plots/e5_s100/pred-esm3_medium_fold0.csv,0.0204,0.37206,dataset/full/test.csv,No 9-mer overlap,0.8857537675917875,0.9959948817746808,0.9662223113160268,0.935539403213466,0.296350212535115
esm3_medium,e5,s100,0,plots,plots,,250513/1_bulk,250513/1_bulk/3/plots/e5_s100/pred-esm3_medium_fold0.csv,250513/1_bulk/3/plots/e5_s100/pred-esm3_medium_fold0.csv,/home/hwjang/project/250513/1_bulk/3/plots/e5_s100/pred-esm3_medium_fold0.csv,250513/1_bulk/3/plots/e5_s100/pred-esm3_medium_fold0.csv,0.0204,0.37206,dataset/full/test.csv,>=1 9-mer overlap,0.9144301270515272,0.9306731885444254,0.8394178104610819,0.8293525646971524,0.6574068736892705
esm3_medium,e5,s100,0,plots,plots,,250513/1_bulk,250513/1_bulk/3/plots/e5_s100/pred-esm3_medium_fold0.csv,250513/1_bulk/3/plots/e5_s100/pred-esm3_medium_fold0.csv,/home/hwjang/project/250513/1_bulk/3/plots/e5_s100/pred-esm3_medium_fold0.csv,250513/1_bulk/3/plots/e5_s100/pred-esm3_medium_fold0.csv,0.0204,0.37206,dataset/full/test.csv,Exact 15-mer match,0.9020714178409288,0.9036460368283272,0.8069571307672104,0.8169921983068666,0.633021269690038
esm3_medium,e5,s100,0,plots,plots,,250513/1_bulk,250513/1_bulk/3/plots/e5_s100/pred-esm3_medium_fold0.csv,250513/1_bulk/3/plots/e5_s100/pred-esm3_medium_fold0.csv,/home/hwjang/project/250513/1_bulk/3/plots/e5_s100/pred-esm3_medium_fold0.csv,250513/1_bulk/3/plots/e5_s100/pred-esm3_medium_fold0.csv,0.0204,0.37206,dataset/full/test.csv,"9-mer overlap, not exact",0.9350940565852964,0.985954555312551,0.9356401384083044,0.8933791917454859,0.625717529864116
esm3_medium,e5,s100,1,plots,plots,,250513/1_bulk,250513/1_bulk/3/plots/e5_s100/pred-esm3_medium_fold1.csv,250513/1_bulk/3/plots/e5_s100/pred-esm3_medium_fold1.csv,/home/hwjang/project/250513/1_bulk/3/plots/e5_s100/pred-esm3_medium_fold1.csv,250513/1_bulk/3/plots/e5_s100/pred-esm3_medium_fold1.csv,-2.01229,0.39191,dataset/full/test.csv,Overall,0.9098882325889394,0.9376764818953496,0.8499248447092487,0.8286110191925877,0.6509144847449332
esm3_medium,e5,s100,1,plots,plots,,250513/1_bulk,250513/1_bulk/3/plots/e5_s100/pred-esm3_medium_fold1.csv,250513/1_bulk/3/plots/e5_s100/pred-esm3_medium_fold1.csv,/home/hwjang/project/250513/1_bulk/3/plots/e5_s100/pred-esm3_medium_fold1.csv,250513/1_bulk/3/plots/e5_s100/pred-esm3_medium_fold1.csv,-2.01229,0.39191,dataset/full/test.csv,No 9-mer overlap,0.8774044186471562,0.995659238267069,0.9602180936995154,0.924636572302984,0.2970408249210585
esm3_medium,e5,s100,1,plots,plots,,250513/1_bulk,250513/1_bulk/3/plots/e5_s100/pred-esm3_medium_fold1.csv,250513/1_bulk/3/plots/e5_s100/pred-esm3_medium_fold1.csv,/home/hwjang/project/250513/1_bulk/3/plots/e5_s100/pred-esm3_medium_fold1.csv,250513/1_bulk/3/plots/e5_s100/pred-esm3_medium_fold1.csv,-2.01229,0.39191,dataset/full/test.csv,>=1 9-mer overlap,0.9001273532984164,0.9182031793226806,0.8258192651439921,0.8169696688618866,0.633479094152926
esm3_medium,e5,s100,1,plots,plots,,250513/1_bulk,250513/1_bulk/3/plots/e5_s100/pred-esm3_medium_fold1.csv,250513/1_bulk/3/plots/e5_s100/pred-esm3_medium_fold1.csv,/home/hwjang/project/250513/1_bulk/3/plots/e5_s100/pred-esm3_medium_fold1.csv,250513/1_bulk/3/plots/e5_s100/pred-esm3_medium_fold1.csv,-2.01229,0.39191,dataset/full/test.csv,Exact 15-mer match,0.8859827224133354,0.8869800912388186,0.79028971383007,0.803546727162065,0.6059010305524721
esm3_medium,e5,s100,1,plots,plots,,250513/1_bulk,250513/1_bulk/3/plots/e5_s100/pred-esm3_medium_fold1.csv,250513/1_bulk/3/plots/e5_s100/pred-esm3_medium_fold1.csv,/home/hwjang/project/250513/1_bulk/3/plots/e5_s100/pred-esm3_medium_fold1.csv,250513/1_bulk/3/plots/e5_s100/pred-esm3_medium_fold1.csv,-2.01229,0.39191,dataset/full/test.csv,"9-mer overlap, not exact",0.927605659716658,0.9842945079489184,0.930853850183342,0.8865004299226139,0.6173035972939986
esm3_medium,e5,s100,2,plots,plots,,250513/1_bulk,250513/1_bulk/3/plots/e5_s100/pred-esm3_medium_fold2.csv,250513/1_bulk/3/plots/e5_s100/pred-esm3_medium_fold2.csv,/home/hwjang/project/250513/1_bulk/3/plots/e5_s100/pred-esm3_medium_fold2.csv,250513/1_bulk/3/plots/e5_s100/pred-esm3_medium_fold2.csv,-0.44692,0.36954,dataset/full/test.csv,Overall,0.9243504521219036,0.9487247624931932,0.8638613861386139,0.8430261416280609,0.6786937042871632
esm3_medium,e5,s100,2,plots,plots,,250513/1_bulk,250513/1_bulk/3/plots/e5_s100/pred-esm3_medium_fold2.csv,250513/1_bulk/3/plots/e5_s100/pred-esm3_medium_fold2.csv,/home/hwjang/project/250513/1_bulk/3/plots/e5_s100/pred-esm3_medium_fold2.csv,250513/1_bulk/3/plots/e5_s100/pred-esm3_medium_fold2.csv,-0.44692,0.36954,dataset/full/test.csv,No 9-mer overlap,0.8872616350877581,0.9959953675916428,0.966271832965268,0.9357306809487376,0.3260653069428604
esm3_medium,e5,s100,2,plots,plots,,250513/1_bulk,250513/1_bulk/3/plots/e5_s100/pred-esm3_medium_fold2.csv,250513/1_bulk/3/plots/e5_s100/pred-esm3_medium_fold2.csv,/home/hwjang/project/250513/1_bulk/3/plots/e5_s100/pred-esm3_medium_fold2.csv,250513/1_bulk/3/plots/e5_s100/pred-esm3_medium_fold2.csv,-0.44692,0.36954,dataset/full/test.csv,>=1 9-mer overlap,0.9156370542714238,0.9323901487944096,0.8415811312513649,0.8317874037658844,0.6623487285808892
esm3_medium,e5,s100,2,plots,plots,,250513/1_bulk,250513/1_bulk/3/plots/e5_s100/pred-esm3_medium_fold2.csv,250513/1_bulk/3/plots/e5_s100/pred-esm3_medium_fold2.csv,/home/hwjang/project/250513/1_bulk/3/plots/e5_s100/pred-esm3_medium_fold2.csv,250513/1_bulk/3/plots/e5_s100/pred-esm3_medium_fold2.csv,-0.44692,0.36954,dataset/full/test.csv,Exact 15-mer match,0.9033482399087908,0.9061936909159736,0.8094069529652351,0.819509765949206,0.638046936917477
esm3_medium,e5,s100,2,plots,plots,,250513/1_bulk,250513/1_bulk/3/plots/e5_s100/pred-esm3_medium_fold2.csv,250513/1_bulk/3/plots/e5_s100/pred-esm3_medium_fold2.csv,/home/hwjang/project/250513/1_bulk/3/plots/e5_s100/pred-esm3_medium_fold2.csv,250513/1_bulk/3/plots/e5_s100/pred-esm3_medium_fold2.csv,-0.44692,0.36954,dataset/full/test.csv,"9-mer overlap, not exact",0.934384143771997,0.985708228113248,0.9368512110726644,0.8953854972771568,0.6327757786899832
esm3_medium,e5,s100,3,plots,plots,,250513/1_bulk,250513/1_bulk/3/plots/e5_s100/pred-esm3_medium_fold3.csv,250513/1_bulk/3/plots/e5_s100/pred-esm3_medium_fold3.csv,/home/hwjang/project/250513/1_bulk/3/plots/e5_s100/pred-esm3_medium_fold3.csv,250513/1_bulk/3/plots/e5_s100/pred-esm3_medium_fold3.csv,-0.17188,0.37303,dataset/full/test.csv,Overall,0.9284509664864034,0.9508796043440038,0.8689697208726986,0.8488376902713435,0.6905182504472276
esm3_medium,e5,s100,3,plots,plots,,250513/1_bulk,250513/1_bulk/3/plots/e5_s100/pred-esm3_medium_fold3.csv,250513/1_bulk/3/plots/e5_s100/pred-esm3_medium_fold3.csv,/home/hwjang/project/250513/1_bulk/3/plots/e5_s100/pred-esm3_medium_fold3.csv,250513/1_bulk/3/plots/e5_s100/pred-esm3_medium_fold3.csv,-0.17188,0.37303,dataset/full/test.csv,No 9-mer overlap,0.8877227185369393,0.9959955698193862,0.9699390791970438,0.942425401683244,0.3173635884639746
esm3_medium,e5,s100,3,plots,plots,,250513/1_bulk,250513/1_bulk/3/plots/e5_s100/pred-esm3_medium_fold3.csv,250513/1_bulk/3/plots/e5_s100/pred-esm3_medium_fold3.csv,/home/hwjang/project/250513/1_bulk/3/plots/e5_s100/pred-esm3_medium_fold3.csv,250513/1_bulk/3/plots/e5_s100/pred-esm3_medium_fold3.csv,-0.17188,0.37303,dataset/full/test.csv,>=1 9-mer overlap,0.9197381524561926,0.9346669593562696,0.8468799160985842,0.8374918838697709,0.6738335984429599
esm3_medium,e5,s100,3,plots,plots,,250513/1_bulk,250513/1_bulk/3/plots/e5_s100/pred-esm3_medium_fold3.csv,250513/1_bulk/3/plots/e5_s100/pred-esm3_medium_fold3.csv,/home/hwjang/project/250513/1_bulk/3/plots/e5_s100/pred-esm3_medium_fold3.csv,250513/1_bulk/3/plots/e5_s100/pred-esm3_medium_fold3.csv,-0.17188,0.37303,dataset/full/test.csv,Exact 15-mer match,0.907626587049008,0.9084756243321284,0.8147757873785271,0.8249322193327062,0.6488903800588495
esm3_medium,e5,s100,3,plots,plots,,250513/1_bulk,250513/1_bulk/3/plots/e5_s100/pred-esm3_medium_fold3.csv,250513/1_bulk/3/plots/e5_s100/pred-esm3_medium_fold3.csv,/home/hwjang/project/250513/1_bulk/3/plots/e5_s100/pred-esm3_medium_fold3.csv,250513/1_bulk/3/plots/e5_s100/pred-esm3_medium_fold3.csv,-0.17188,0.37303,dataset/full/test.csv,"9-mer overlap, not exact",0.939260723251963,0.986821037693858,0.9413995174077904,0.9025508741759816,0.6524109228596949
esm3_medium,e5,s100,4,plots,plots,,250513/1_bulk,250513/1_bulk/3/plots/e5_s100/pred-esm3_medium_fold4.csv,250513/1_bulk/3/plots/e5_s100/pred-esm3_medium_fold4.csv,/home/hwjang/project/250513/1_bulk/3/plots/e5_s100/pred-esm3_medium_fold4.csv,250513/1_bulk/3/plots/e5_s100/pred-esm3_medium_fold4.csv,0.14386,0.37788,dataset/full/test.csv,Overall,0.9217648967506696,0.9460041536643784,0.8653916053656425,0.8391586697551291,0.6674433312266891
esm3_medium,e5,s100,4,plots,plots,,250513/1_bulk,250513/1_bulk/3/plots/e5_s100/pred-esm3_medium_fold4.csv,250513/1_bulk/3/plots/e5_s100/pred-esm3_medium_fold4.csv,/home/hwjang/project/250513/1_bulk/3/plots/e5_s100/pred-esm3_medium_fold4.csv,250513/1_bulk/3/plots/e5_s100/pred-esm3_medium_fold4.csv,0.14386,0.37788,dataset/full/test.csv,No 9-mer overlap,0.897195006452399,0.9965967053686088,0.9777470082088814,0.9569625095638868,0.3318745275756709
esm3_medium,e5,s100,4,plots,plots,,250513/1_bulk,250513/1_bulk/3/plots/e5_s100/pred-esm3_medium_fold4.csv,250513/1_bulk/3/plots/e5_s100/pred-esm3_medium_fold4.csv,/home/hwjang/project/250513/1_bulk/3/plots/e5_s100/pred-esm3_medium_fold4.csv,250513/1_bulk/3/plots/e5_s100/pred-esm3_medium_fold4.csv,0.14386,0.37788,dataset/full/test.csv,>=1 9-mer overlap,0.91165670023833,0.9274943461499456,0.8415575696542464,0.8248770985993878,0.6481606697943889
esm3_medium,e5,s100,4,plots,plots,,250513/1_bulk,250513/1_bulk/3/plots/e5_s100/pred-esm3_medium_fold4.csv,250513/1_bulk/3/plots/e5_s100/pred-esm3_medium_fold4.csv,/home/hwjang/project/250513/1_bulk/3/plots/e5_s100/pred-esm3_medium_fold4.csv,250513/1_bulk/3/plots/e5_s100/pred-esm3_medium_fold4.csv,0.14386,0.37788,dataset/full/test.csv,Exact 15-mer match,0.8979352120679267,0.8979332675101477,0.8082490359358409,0.8101588004205168,0.6226044939539832
esm3_medium,e5,s100,4,plots,plots,,250513/1_bulk,250513/1_bulk/3/plots/e5_s100/pred-esm3_medium_fold4.csv,250513/1_bulk/3/plots/e5_s100/pred-esm3_medium_fold4.csv,/home/hwjang/project/250513/1_bulk/3/plots/e5_s100/pred-esm3_medium_fold4.csv,250513/1_bulk/3/plots/e5_s100/pred-esm3_medium_fold4.csv,0.14386,0.37788,dataset/full/test.csv,"9-mer overlap, not exact",0.9357236970959528,0.9860983207459608,0.941909412358983,0.9011177987962168,0.6163330213018605
esm3_medium,e5,s128,0,plots,plots,,250513/1_bulk,250513/1_bulk/4/plots/e5_s128/pred-esm3_medium_fold0.csv,250513/1_bulk/4/plots/e5_s128/pred-esm3_medium_fold0.csv,/home/hwjang/project/250513/1_bulk/4/plots/e5_s128/pred-esm3_medium_fold0.csv,250513/1_bulk/4/plots/e5_s128/pred-esm3_medium_fold0.csv,-3.85931,0.35334,dataset/full/test.csv,Overall,0.9181602263576758,0.9443556070849402,0.8543259994925514,0.8337607544672402,0.6615760626973651
esm3_medium,e5,s128,0,plots,plots,,250513/1_bulk,250513/1_bulk/4/plots/e5_s128/pred-esm3_medium_fold0.csv,250513/1_bulk/4/plots/e5_s128/pred-esm3_medium_fold0.csv,/home/hwjang/project/250513/1_bulk/4/plots/e5_s128/pred-esm3_medium_fold0.csv,250513/1_bulk/4/plots/e5_s128/pred-esm3_medium_fold0.csv,-3.85931,0.35334,dataset/full/test.csv,No 9-mer overlap,0.8775705748450593,0.995807890177635,0.9539587356438662,0.9133511859219586,0.2829045842171311
esm3_medium,e5,s128,0,plots,plots,,250513/1_bulk,250513/1_bulk/4/plots/e5_s128/pred-esm3_medium_fold0.csv,250513/1_bulk/4/plots/e5_s128/pred-esm3_medium_fold0.csv,/home/hwjang/project/250513/1_bulk/4/plots/e5_s128/pred-esm3_medium_fold0.csv,250513/1_bulk/4/plots/e5_s128/pred-esm3_medium_fold0.csv,-3.85931,0.35334,dataset/full/test.csv,>=1 9-mer overlap,0.9103448197249612,0.92789695144774,0.832704735437482,0.8241118634635006,0.6477534283157718
esm3_medium,e5,s128,0,plots,plots,,250513/1_bulk,250513/1_bulk/4/plots/e5_s128/pred-esm3_medium_fold0.csv,250513/1_bulk/4/plots/e5_s128/pred-esm3_medium_fold0.csv,/home/hwjang/project/250513/1_bulk/4/plots/e5_s128/pred-esm3_medium_fold0.csv,250513/1_bulk/4/plots/e5_s128/pred-esm3_medium_fold0.csv,-3.85931,0.35334,dataset/full/test.csv,Exact 15-mer match,0.8988185355742802,0.901532095261729,0.8000236169333412,0.8125933713273945,0.6240704635282119
esm3_medium,e5,s128,0,plots,plots,,250513/1_bulk,250513/1_bulk/4/plots/e5_s128/pred-esm3_medium_fold0.csv,250513/1_bulk/4/plots/e5_s128/pred-esm3_medium_fold0.csv,/home/hwjang/project/250513/1_bulk/4/plots/e5_s128/pred-esm3_medium_fold0.csv,250513/1_bulk/4/plots/e5_s128/pred-esm3_medium_fold0.csv,-3.85931,0.35334,dataset/full/test.csv,"9-mer overlap, not exact",0.9260582293206086,0.984125988259975,0.929262974269516,0.8837775867010604,0.6063318246590083
esm3_medium,e5,s128,1,plots,plots,,250513/1_bulk,250513/1_bulk/4/plots/e5_s128/pred-esm3_medium_fold1.csv,250513/1_bulk/4/plots/e5_s128/pred-esm3_medium_fold1.csv,/home/hwjang/project/250513/1_bulk/4/plots/e5_s128/pred-esm3_medium_fold1.csv,250513/1_bulk/4/plots/e5_s128/pred-esm3_medium_fold1.csv,-1.89184,0.38324,dataset/full/test.csv,Overall,0.9123253187940932,0.9395365147309688,0.8509580752053019,0.8288385175380543,0.6503292258189596
esm3_medium,e5,s128,1,plots,plots,,250513/1_bulk,250513/1_bulk/4/plots/e5_s128/pred-esm3_medium_fold1.csv,250513/1_bulk/4/plots/e5_s128/pred-esm3_medium_fold1.csv,/home/hwjang/project/250513/1_bulk/4/plots/e5_s128/pred-esm3_medium_fold1.csv,250513/1_bulk/4/plots/e5_s128/pred-esm3_medium_fold1.csv,-1.89184,0.38324,dataset/full/test.csv,No 9-mer overlap,0.8782075069370212,0.9957681223792048,0.9629480467176802,0.929609793420046,0.3057615146766803
esm3_medium,e5,s128,1,plots,plots,,250513/1_bulk,250513/1_bulk/4/plots/e5_s128/pred-esm3_medium_fold1.csv,250513/1_bulk/4/plots/e5_s128/pred-esm3_medium_fold1.csv,/home/hwjang/project/250513/1_bulk/4/plots/e5_s128/pred-esm3_medium_fold1.csv,250513/1_bulk/4/plots/e5_s128/pred-esm3_medium_fold1.csv,-1.89184,0.38324,dataset/full/test.csv,>=1 9-mer overlap,0.9026365806321144,0.920582176710764,0.8265637336608475,0.8166218347092107,0.6322229946734662
esm3_medium,e5,s128,1,plots,plots,,250513/1_bulk,250513/1_bulk/4/plots/e5_s128/pred-esm3_medium_fold1.csv,250513/1_bulk/4/plots/e5_s128/pred-esm3_medium_fold1.csv,/home/hwjang/project/250513/1_bulk/4/plots/e5_s128/pred-esm3_medium_fold1.csv,250513/1_bulk/4/plots/e5_s128/pred-esm3_medium_fold1.csv,-1.89184,0.38324,dataset/full/test.csv,Exact 15-mer match,0.8893419882355296,0.8904996885671733,0.7924406491181736,0.8043213633597078,0.6075001520628879
esm3_medium,e5,s128,1,plots,plots,,250513/1_bulk,250513/1_bulk/4/plots/e5_s128/pred-esm3_medium_fold1.csv,250513/1_bulk/4/plots/e5_s128/pred-esm3_medium_fold1.csv,/home/hwjang/project/250513/1_bulk/4/plots/e5_s128/pred-esm3_medium_fold1.csv,250513/1_bulk/4/plots/e5_s128/pred-esm3_medium_fold1.csv,-1.89184,0.38324,dataset/full/test.csv,"9-mer overlap, not exact",0.9247557704063768,0.9837557145057888,0.9275110686691552,0.8803382057896245,0.5861534883594242
esm3_medium,e5,s128,2,plots,plots,,250513/1_bulk,250513/1_bulk/4/plots/e5_s128/pred-esm3_medium_fold2.csv,250513/1_bulk/4/plots/e5_s128/pred-esm3_medium_fold2.csv,/home/hwjang/project/250513/1_bulk/4/plots/e5_s128/pred-esm3_medium_fold2.csv,250513/1_bulk/4/plots/e5_s128/pred-esm3_medium_fold2.csv,-2.45653,0.37225,dataset/full/test.csv,Overall,0.9166716513177992,0.9431008986713372,0.8517052879571515,0.8333678027796162,0.6641998484356604
esm3_medium,e5,s128,2,plots,plots,,250513/1_bulk,250513/1_bulk/4/plots/e5_s128/pred-esm3_medium_fold2.csv,250513/1_bulk/4/plots/e5_s128/pred-esm3_medium_fold2.csv,/home/hwjang/project/250513/1_bulk/4/plots/e5_s128/pred-esm3_medium_fold2.csv,250513/1_bulk/4/plots/e5_s128/pred-esm3_medium_fold2.csv,-2.45653,0.37225,dataset/full/test.csv,No 9-mer overlap,0.8844785187728811,0.9959650194081114,0.9563982964915838,0.9177505738332058,0.2919295807700706
esm3_medium,e5,s128,2,plots,plots,,250513/1_bulk,250513/1_bulk/4/plots/e5_s128/pred-esm3_medium_fold2.csv,250513/1_bulk/4/plots/e5_s128/pred-esm3_medium_fold2.csv,/home/hwjang/project/250513/1_bulk/4/plots/e5_s128/pred-esm3_medium_fold2.csv,250513/1_bulk/4/plots/e5_s128/pred-esm3_medium_fold2.csv,-2.45653,0.37225,dataset/full/test.csv,>=1 9-mer overlap,0.9074345110756474,0.9252022876158305,0.8284872607884144,0.8231379278360078,0.6481730830350594
esm3_medium,e5,s128,2,plots,plots,,250513/1_bulk,250513/1_bulk/4/plots/e5_s128/pred-esm3_medium_fold2.csv,250513/1_bulk/4/plots/e5_s128/pred-esm3_medium_fold2.csv,/home/hwjang/project/250513/1_bulk/4/plots/e5_s128/pred-esm3_medium_fold2.csv,250513/1_bulk/4/plots/e5_s128/pred-esm3_medium_fold2.csv,-2.45653,0.37225,dataset/full/test.csv,Exact 15-mer match,0.8942673161023353,0.8964427206744727,0.794162965648509,0.8115144137663919,0.6225188553583021
esm3_medium,e5,s128,2,plots,plots,,250513/1_bulk,250513/1_bulk/4/plots/e5_s128/pred-esm3_medium_fold2.csv,250513/1_bulk/4/plots/e5_s128/pred-esm3_medium_fold2.csv,/home/hwjang/project/250513/1_bulk/4/plots/e5_s128/pred-esm3_medium_fold2.csv,250513/1_bulk/4/plots/e5_s128/pred-esm3_medium_fold2.csv,-2.45653,0.37225,dataset/full/test.csv,"9-mer overlap, not exact",0.9317130495165856,0.9852048072899762,0.9284080914687776,0.883347664087131,0.6196762190084708
esm3_medium,e5,s128,3,plots,plots,,250513/1_bulk,250513/1_bulk/4/plots/e5_s128/pred-esm3_medium_fold3.csv,250513/1_bulk/4/plots/e5_s128/pred-esm3_medium_fold3.csv,/home/hwjang/project/250513/1_bulk/4/plots/e5_s128/pred-esm3_medium_fold3.csv,250513/1_bulk/4/plots/e5_s128/pred-esm3_medium_fold3.csv,-0.14703,0.3797,dataset/full/test.csv,Overall,0.9160205846685124,0.9420182244899952,0.8565848414262677,0.8344639311714097,0.6609901764750887
esm3_medium,e5,s128,3,plots,plots,,250513/1_bulk,250513/1_bulk/4/plots/e5_s128/pred-esm3_medium_fold3.csv,250513/1_bulk/4/plots/e5_s128/pred-esm3_medium_fold3.csv,/home/hwjang/project/250513/1_bulk/4/plots/e5_s128/pred-esm3_medium_fold3.csv,250513/1_bulk/4/plots/e5_s128/pred-esm3_medium_fold3.csv,-0.14703,0.3797,dataset/full/test.csv,No 9-mer overlap,0.8833348102773146,0.9960932613997932,0.9654204670742708,0.9340091813312932,0.2771834201639622
esm3_medium,e5,s128,3,plots,plots,,250513/1_bulk,250513/1_bulk/4/plots/e5_s128/pred-esm3_medium_fold3.csv,250513/1_bulk/4/plots/e5_s128/pred-esm3_medium_fold3.csv,/home/hwjang/project/250513/1_bulk/4/plots/e5_s128/pred-esm3_medium_fold3.csv,250513/1_bulk/4/plots/e5_s128/pred-esm3_medium_fold3.csv,-0.14703,0.3797,dataset/full/test.csv,>=1 9-mer overlap,0.9062958362343116,0.9233061037542382,0.83289333013331,0.8223958816436323,0.6434295391488826
esm3_medium,e5,s128,3,plots,plots,,250513/1_bulk,250513/1_bulk/4/plots/e5_s128/pred-esm3_medium_fold3.csv,250513/1_bulk/4/plots/e5_s128/pred-esm3_medium_fold3.csv,/home/hwjang/project/250513/1_bulk/4/plots/e5_s128/pred-esm3_medium_fold3.csv,250513/1_bulk/4/plots/e5_s128/pred-esm3_medium_fold3.csv,-0.14703,0.3797,dataset/full/test.csv,Exact 15-mer match,0.8930052537593626,0.893837130161796,0.7983389870160252,0.8092181707519505,0.617383931433857
esm3_medium,e5,s128,3,plots,plots,,250513/1_bulk,250513/1_bulk/4/plots/e5_s128/pred-esm3_medium_fold3.csv,250513/1_bulk/4/plots/e5_s128/pred-esm3_medium_fold3.csv,/home/hwjang/project/250513/1_bulk/4/plots/e5_s128/pred-esm3_medium_fold3.csv,250513/1_bulk/4/plots/e5_s128/pred-esm3_medium_fold3.csv,-0.14703,0.3797,dataset/full/test.csv,"9-mer overlap, not exact",0.9254742149339126,0.9837157142322436,0.934433273180373,0.8906563485239324,0.605413003602047
esm3_medium,e5,s128,4,plots,plots,,250513/1_bulk,250513/1_bulk/4/plots/e5_s128/pred-esm3_medium_fold4.csv,250513/1_bulk/4/plots/e5_s128/pred-esm3_medium_fold4.csv,/home/hwjang/project/250513/1_bulk/4/plots/e5_s128/pred-esm3_medium_fold4.csv,250513/1_bulk/4/plots/e5_s128/pred-esm3_medium_fold4.csv,-0.74831,0.37993,dataset/full/test.csv,Overall,0.91567855027826,0.9424719652322612,0.856285946155746,0.8315271343481139,0.6529003500863946
esm3_medium,e5,s128,4,plots,plots,,250513/1_bulk,250513/1_bulk/4/plots/e5_s128/pred-esm3_medium_fold4.csv,250513/1_bulk/4/plots/e5_s128/pred-esm3_medium_fold4.csv,/home/hwjang/project/250513/1_bulk/4/plots/e5_s128/pred-esm3_medium_fold4.csv,250513/1_bulk/4/plots/e5_s128/pred-esm3_medium_fold4.csv,-0.74831,0.37993,dataset/full/test.csv,No 9-mer overlap,0.8878639513051569,0.996211062756872,0.9631266954687028,0.9298010711553176,0.2700862924073514
esm3_medium,e5,s128,4,plots,plots,,250513/1_bulk,250513/1_bulk/4/plots/e5_s128/pred-esm3_medium_fold4.csv,250513/1_bulk/4/plots/e5_s128/pred-esm3_medium_fold4.csv,/home/hwjang/project/250513/1_bulk/4/plots/e5_s128/pred-esm3_medium_fold4.csv,250513/1_bulk/4/plots/e5_s128/pred-esm3_medium_fold4.csv,-0.74831,0.37993,dataset/full/test.csv,>=1 9-mer overlap,0.9067100699356204,0.9247369587617632,0.8335294998823001,0.8196132084222243,0.6370888009428767
esm3_medium,e5,s128,4,plots,plots,,250513/1_bulk,250513/1_bulk/4/plots/e5_s128/pred-esm3_medium_fold4.csv,250513/1_bulk/4/plots/e5_s128/pred-esm3_medium_fold4.csv,/home/hwjang/project/250513/1_bulk/4/plots/e5_s128/pred-esm3_medium_fold4.csv,250513/1_bulk/4/plots/e5_s128/pred-esm3_medium_fold4.csv,-0.74831,0.37993,dataset/full/test.csv,Exact 15-mer match,0.8937342522212305,0.8961134701138092,0.8002738709953499,0.8063132850107896,0.6127705836380777
esm3_medium,e5,s128,4,plots,plots,,250513/1_bulk,250513/1_bulk/4/plots/e5_s128/pred-esm3_medium_fold4.csv,250513/1_bulk/4/plots/e5_s128/pred-esm3_medium_fold4.csv,/home/hwjang/project/250513/1_bulk/4/plots/e5_s128/pred-esm3_medium_fold4.csv,250513/1_bulk/4/plots/e5_s128/pred-esm3_medium_fold4.csv,-0.74831,0.37993,dataset/full/test.csv,"9-mer overlap, not exact",0.9244099021301094,0.983602392489422,0.9333675916409728,0.8885067354542849,0.5922648517682855
esm3_medium,e5,s42,0,plots,plots,,250513/1_bulk,250513/1_bulk/2/plots/e5_s42/pred-esm3_medium_fold0.csv,250513/1_bulk/2/plots/e5_s42/pred-esm3_medium_fold0.csv,/home/hwjang/project/250513/1_bulk/2/plots/e5_s42/pred-esm3_medium_fold0.csv,250513/1_bulk/2/plots/e5_s42/pred-esm3_medium_fold0.csv,-0.64043,0.359,dataset/full/test.csv,Overall,0.9206559683718064,0.945129579471874,0.8627779361459521,0.8407097948378557,0.6729691015840368
esm3_medium,e5,s42,0,plots,plots,,250513/1_bulk,250513/1_bulk/2/plots/e5_s42/pred-esm3_medium_fold0.csv,250513/1_bulk/2/plots/e5_s42/pred-esm3_medium_fold0.csv,/home/hwjang/project/250513/1_bulk/2/plots/e5_s42/pred-esm3_medium_fold0.csv,250513/1_bulk/2/plots/e5_s42/pred-esm3_medium_fold0.csv,-0.64043,0.359,dataset/full/test.csv,No 9-mer overlap,0.873091280676588,0.9951733354917592,0.9665494726268208,0.9363045141545524,0.3454832378990913
esm3_medium,e5,s42,0,plots,plots,,250513/1_bulk,250513/1_bulk/2/plots/e5_s42/pred-esm3_medium_fold0.csv,250513/1_bulk/2/plots/e5_s42/pred-esm3_medium_fold0.csv,/home/hwjang/project/250513/1_bulk/2/plots/e5_s42/pred-esm3_medium_fold0.csv,250513/1_bulk/2/plots/e5_s42/pred-esm3_medium_fold0.csv,-0.64043,0.359,dataset/full/test.csv,>=1 9-mer overlap,0.912356703634202,0.928464806282991,0.8404045654386763,0.829120675262035,0.6565362275539978
esm3_medium,e5,s42,0,plots,plots,,250513/1_bulk,250513/1_bulk/2/plots/e5_s42/pred-esm3_medium_fold0.csv,250513/1_bulk/2/plots/e5_s42/pred-esm3_medium_fold0.csv,/home/hwjang/project/250513/1_bulk/2/plots/e5_s42/pred-esm3_medium_fold0.csv,250513/1_bulk/2/plots/e5_s42/pred-esm3_medium_fold0.csv,-0.64043,0.359,dataset/full/test.csv,Exact 15-mer match,0.9003327560030632,0.9013870788630634,0.8083330918784226,0.8169921983068666,0.6332471384227192
esm3_medium,e5,s42,0,plots,plots,,250513/1_bulk,250513/1_bulk/2/plots/e5_s42/pred-esm3_medium_fold0.csv,250513/1_bulk/2/plots/e5_s42/pred-esm3_medium_fold0.csv,/home/hwjang/project/250513/1_bulk/2/plots/e5_s42/pred-esm3_medium_fold0.csv,250513/1_bulk/2/plots/e5_s42/pred-esm3_medium_fold0.csv,-0.64043,0.359,dataset/full/test.csv,"9-mer overlap, not exact",0.9268619909905096,0.9840773789224926,0.9353344768439108,0.8919461163657209,0.6069761270335138
esm3_medium,e5,s42,1,plots,plots,,250513/1_bulk,250513/1_bulk/2/plots/e5_s42/pred-esm3_medium_fold1.csv,250513/1_bulk/2/plots/e5_s42/pred-esm3_medium_fold1.csv,/home/hwjang/project/250513/1_bulk/2/plots/e5_s42/pred-esm3_medium_fold1.csv,250513/1_bulk/2/plots/e5_s42/pred-esm3_medium_fold1.csv,-0.53248,0.38279,dataset/full/test.csv,Overall,0.9204664719516904,0.9457255277986076,0.8577351834003164,0.8382073130377233,0.6713401689793171
esm3_medium,e5,s42,1,plots,plots,,250513/1_bulk,250513/1_bulk/2/plots/e5_s42/pred-esm3_medium_fold1.csv,250513/1_bulk/2/plots/e5_s42/pred-esm3_medium_fold1.csv,/home/hwjang/project/250513/1_bulk/2/plots/e5_s42/pred-esm3_medium_fold1.csv,250513/1_bulk/2/plots/e5_s42/pred-esm3_medium_fold1.csv,-0.53248,0.38279,dataset/full/test.csv,No 9-mer overlap,0.8911358437688656,0.9963742468103304,0.961460855528652,0.9269319051262432,0.3095262344463775
esm3_medium,e5,s42,1,plots,plots,,250513/1_bulk,250513/1_bulk/2/plots/e5_s42/pred-esm3_medium_fold1.csv,250513/1_bulk/2/plots/e5_s42/pred-esm3_medium_fold1.csv,/home/hwjang/project/250513/1_bulk/2/plots/e5_s42/pred-esm3_medium_fold1.csv,250513/1_bulk/2/plots/e5_s42/pred-esm3_medium_fold1.csv,-0.53248,0.38279,dataset/full/test.csv,>=1 9-mer overlap,0.9114338984141191,0.9284737165441654,0.8349269028551146,0.8274510713291903,0.6550525173741438
esm3_medium,e5,s42,1,plots,plots,,250513/1_bulk,250513/1_bulk/2/plots/e5_s42/pred-esm3_medium_fold1.csv,250513/1_bulk/2/plots/e5_s42/pred-esm3_medium_fold1.csv,/home/hwjang/project/250513/1_bulk/2/plots/e5_s42/pred-esm3_medium_fold1.csv,250513/1_bulk/2/plots/e5_s42/pred-esm3_medium_fold1.csv,-0.53248,0.38279,dataset/full/test.csv,Exact 15-mer match,0.8982033910526235,0.9002110137626936,0.800870316831093,0.8151662701267084,0.6293634132681795
esm3_medium,e5,s42,1,plots,plots,,250513/1_bulk,250513/1_bulk/2/plots/e5_s42/pred-esm3_medium_fold1.csv,250513/1_bulk/2/plots/e5_s42/pred-esm3_medium_fold1.csv,/home/hwjang/project/250513/1_bulk/2/plots/e5_s42/pred-esm3_medium_fold1.csv,250513/1_bulk/2/plots/e5_s42/pred-esm3_medium_fold1.csv,-0.53248,0.38279,dataset/full/test.csv,"9-mer overlap, not exact",0.9346185804414532,0.9858842656237268,0.9340621204233904,0.8910862711378619,0.6224847264275394
esm3_medium,e5,s42,2,plots,plots,,250513/1_bulk,250513/1_bulk/2/plots/e5_s42/pred-esm3_medium_fold2.csv,250513/1_bulk/2/plots/e5_s42/pred-esm3_medium_fold2.csv,/home/hwjang/project/250513/1_bulk/2/plots/e5_s42/pred-esm3_medium_fold2.csv,250513/1_bulk/2/plots/e5_s42/pred-esm3_medium_fold2.csv,15.84138,0.37355,dataset/full/test.csv,Overall,0.9191774133111638,0.945009584983862,0.8533980404051545,0.8350636995367307,0.6673459406464668
esm3_medium,e5,s42,2,plots,plots,,250513/1_bulk,250513/1_bulk/2/plots/e5_s42/pred-esm3_medium_fold2.csv,250513/1_bulk/2/plots/e5_s42/pred-esm3_medium_fold2.csv,/home/hwjang/project/250513/1_bulk/2/plots/e5_s42/pred-esm3_medium_fold2.csv,250513/1_bulk/2/plots/e5_s42/pred-esm3_medium_fold2.csv,15.84138,0.37355,dataset/full/test.csv,No 9-mer overlap,0.89242632357258,0.9963779013404424,0.9559569717881063,0.9169854628921194,0.2970277906663743
esm3_medium,e5,s42,2,plots,plots,,250513/1_bulk,250513/1_bulk/2/plots/e5_s42/pred-esm3_medium_fold2.csv,250513/1_bulk/2/plots/e5_s42/pred-esm3_medium_fold2.csv,/home/hwjang/project/250513/1_bulk/2/plots/e5_s42/pred-esm3_medium_fold2.csv,250513/1_bulk/2/plots/e5_s42/pred-esm3_medium_fold2.csv,15.84138,0.37355,dataset/full/test.csv,>=1 9-mer overlap,0.9104708235343666,0.9278929214631688,0.8307105174542597,0.8251321769780169,0.6519215868433929
esm3_medium,e5,s42,2,plots,plots,,250513/1_bulk,250513/1_bulk/2/plots/e5_s42/pred-esm3_medium_fold2.csv,250513/1_bulk/2/plots/e5_s42/pred-esm3_medium_fold2.csv,/home/hwjang/project/250513/1_bulk/2/plots/e5_s42/pred-esm3_medium_fold2.csv,250513/1_bulk/2/plots/e5_s42/pred-esm3_medium_fold2.csv,15.84138,0.37355,dataset/full/test.csv,Exact 15-mer match,0.8980770465801544,0.9005467001201057,0.7980592472048941,0.8146129585569635,0.6286417315615831
esm3_medium,e5,s42,2,plots,plots,,250513/1_bulk,250513/1_bulk/2/plots/e5_s42/pred-esm3_medium_fold2.csv,250513/1_bulk/2/plots/e5_s42/pred-esm3_medium_fold2.csv,/home/hwjang/project/250513/1_bulk/2/plots/e5_s42/pred-esm3_medium_fold2.csv,250513/1_bulk/2/plots/e5_s42/pred-esm3_medium_fold2.csv,15.84138,0.37355,dataset/full/test.csv,"9-mer overlap, not exact",0.9318535631406204,0.9855204645622064,0.926069353986974,0.8796216680997421,0.6085533349663559
esm3_medium,e5,s42,3,plots,plots,,250513/1_bulk,250513/1_bulk/2/plots/e5_s42/pred-esm3_medium_fold3.csv,250513/1_bulk/2/plots/e5_s42/pred-esm3_medium_fold3.csv,/home/hwjang/project/250513/1_bulk/2/plots/e5_s42/pred-esm3_medium_fold3.csv,250513/1_bulk/2/plots/e5_s42/pred-esm3_medium_fold3.csv,-0.60713,0.36846,dataset/full/test.csv,Overall,0.920886594864549,0.9457477976648871,0.8604112418065907,0.8392413964262078,0.6711351123492707
esm3_medium,e5,s42,3,plots,plots,,250513/1_bulk,250513/1_bulk/2/plots/e5_s42/pred-esm3_medium_fold3.csv,250513/1_bulk/2/plots/e5_s42/pred-esm3_medium_fold3.csv,/home/hwjang/project/250513/1_bulk/2/plots/e5_s42/pred-esm3_medium_fold3.csv,250513/1_bulk/2/plots/e5_s42/pred-esm3_medium_fold3.csv,-0.60713,0.36846,dataset/full/test.csv,No 9-mer overlap,0.8886919630247073,0.9962969324625758,0.966105094263939,0.9353481254781943,0.3031980623556137
esm3_medium,e5,s42,3,plots,plots,,250513/1_bulk,250513/1_bulk/2/plots/e5_s42/pred-esm3_medium_fold3.csv,250513/1_bulk/2/plots/e5_s42/pred-esm3_medium_fold3.csv,/home/hwjang/project/250513/1_bulk/2/plots/e5_s42/pred-esm3_medium_fold3.csv,250513/1_bulk/2/plots/e5_s42/pred-esm3_medium_fold3.csv,-0.60713,0.36846,dataset/full/test.csv,>=1 9-mer overlap,0.9116726888199028,0.9282341747963658,0.837354800603767,0.8275902049902606,0.6540396166591359
esm3_medium,e5,s42,3,plots,plots,,250513/1_bulk,250513/1_bulk/2/plots/e5_s42/pred-esm3_medium_fold3.csv,250513/1_bulk/2/plots/e5_s42/pred-esm3_medium_fold3.csv,/home/hwjang/project/250513/1_bulk/2/plots/e5_s42/pred-esm3_medium_fold3.csv,250513/1_bulk/2/plots/e5_s42/pred-esm3_medium_fold3.csv,-0.60713,0.36846,dataset/full/test.csv,Exact 15-mer match,0.8990885909772244,0.9004806229403315,0.8045134818288394,0.8154705914900681,0.6298894757906841
esm3_medium,e5,s42,3,plots,plots,,250513/1_bulk,250513/1_bulk/2/plots/e5_s42/pred-esm3_medium_fold3.csv,250513/1_bulk/2/plots/e5_s42/pred-esm3_medium_fold3.csv,/home/hwjang/project/250513/1_bulk/2/plots/e5_s42/pred-esm3_medium_fold3.csv,250513/1_bulk/2/plots/e5_s42/pred-esm3_medium_fold3.csv,-0.60713,0.36846,dataset/full/test.csv,"9-mer overlap, not exact",0.933349358118334,0.985855314698485,0.9340119037350124,0.8903697334479793,0.6104773175889644
esm3_medium,e5,s42,4,plots,plots,,250513/1_bulk,250513/1_bulk/2/plots/e5_s42/pred-esm3_medium_fold4.csv,250513/1_bulk/2/plots/e5_s42/pred-esm3_medium_fold4.csv,/home/hwjang/project/250513/1_bulk/2/plots/e5_s42/pred-esm3_medium_fold4.csv,250513/1_bulk/2/plots/e5_s42/pred-esm3_medium_fold4.csv,-0.22893,0.36386,dataset/full/test.csv,Overall,0.9259065306422996,0.9494358132249672,0.8677218767665348,0.8451356717405691,0.6810784824177673
esm3_medium,e5,s42,4,plots,plots,,250513/1_bulk,250513/1_bulk/2/plots/e5_s42/pred-esm3_medium_fold4.csv,250513/1_bulk/2/plots/e5_s42/pred-esm3_medium_fold4.csv,/home/hwjang/project/250513/1_bulk/2/plots/e5_s42/pred-esm3_medium_fold4.csv,250513/1_bulk/2/plots/e5_s42/pred-esm3_medium_fold4.csv,-0.22893,0.36386,dataset/full/test.csv,No 9-mer overlap,0.903468787558224,0.9968156830815746,0.9687625150180216,0.9403213465952563,0.3364890120076426
esm3_medium,e5,s42,4,plots,plots,,250513/1_bulk,250513/1_bulk/2/plots/e5_s42/pred-esm3_medium_fold4.csv,250513/1_bulk/2/plots/e5_s42/pred-esm3_medium_fold4.csv,/home/hwjang/project/250513/1_bulk/2/plots/e5_s42/pred-esm3_medium_fold4.csv,250513/1_bulk/2/plots/e5_s42/pred-esm3_medium_fold4.csv,-0.22893,0.36386,dataset/full/test.csv,>=1 9-mer overlap,0.9172140278010512,0.9330707271562172,0.8460746460746461,0.8335961413597996,0.6652767673820682
esm3_medium,e5,s42,4,plots,plots,,250513/1_bulk,250513/1_bulk/2/plots/e5_s42/pred-esm3_medium_fold4.csv,250513/1_bulk/2/plots/e5_s42/pred-esm3_medium_fold4.csv,/home/hwjang/project/250513/1_bulk/2/plots/e5_s42/pred-esm3_medium_fold4.csv,250513/1_bulk/2/plots/e5_s42/pred-esm3_medium_fold4.csv,-0.22893,0.36386,dataset/full/test.csv,Exact 15-mer match,0.905301927310454,0.9068266724784212,0.8152432215764308,0.8214740220218004,0.6428679319682784
esm3_medium,e5,s42,4,plots,plots,,250513/1_bulk,250513/1_bulk/2/plots/e5_s42/pred-esm3_medium_fold4.csv,250513/1_bulk/2/plots/e5_s42/pred-esm3_medium_fold4.csv,/home/hwjang/project/250513/1_bulk/2/plots/e5_s42/pred-esm3_medium_fold4.csv,250513/1_bulk/2/plots/e5_s42/pred-esm3_medium_fold4.csv,-0.22893,0.36386,dataset/full/test.csv,"9-mer overlap, not exact",0.9364807198096018,0.9864298628179182,0.9381681347814932,0.8963886500429923,0.6189630166045378
esm3_small,e5,s100,0,plots,plots,,250513/1_bulk,250513/1_bulk/3/plots/e5_s100/pred-esm3_small_fold0.csv,250513/1_bulk/3/plots/e5_s100/pred-esm3_small_fold0.csv,/home/hwjang/project/250513/1_bulk/3/plots/e5_s100/pred-esm3_small_fold0.csv,250513/1_bulk/3/plots/e5_s100/pred-esm3_small_fold0.csv,-0.24396,0.36002,dataset/full/test.csv,Overall,0.921308244238022,0.9462114464929936,0.8605670751428469,0.8395102581072138,0.6717766511196259
esm3_small,e5,s100,0,plots,plots,,250513/1_bulk,250513/1_bulk/3/plots/e5_s100/pred-esm3_small_fold0.csv,250513/1_bulk/3/plots/e5_s100/pred-esm3_small_fold0.csv,/home/hwjang/project/250513/1_bulk/3/plots/e5_s100/pred-esm3_small_fold0.csv,250513/1_bulk/3/plots/e5_s100/pred-esm3_small_fold0.csv,-0.24396,0.36002,dataset/full/test.csv,No 9-mer overlap,0.8891281230442032,0.9961544381085752,0.9668170426065162,0.9366870696250956,0.3143896554020345
esm3_small,e5,s100,0,plots,plots,,250513/1_bulk,250513/1_bulk/3/plots/e5_s100/pred-esm3_small_fold0.csv,250513/1_bulk/3/plots/e5_s100/pred-esm3_small_fold0.csv,/home/hwjang/project/250513/1_bulk/3/plots/e5_s100/pred-esm3_small_fold0.csv,250513/1_bulk/3/plots/e5_s100/pred-esm3_small_fold0.csv,-0.24396,0.36002,dataset/full/test.csv,>=1 9-mer overlap,0.912151391144355,0.9288139388737504,0.8373650911797543,0.827729338651331,0.6543735655993392
esm3_small,e5,s100,0,plots,plots,,250513/1_bulk,250513/1_bulk/3/plots/e5_s100/pred-esm3_small_fold0.csv,250513/1_bulk/3/plots/e5_s100/pred-esm3_small_fold0.csv,/home/hwjang/project/250513/1_bulk/3/plots/e5_s100/pred-esm3_small_fold0.csv,250513/1_bulk/3/plots/e5_s100/pred-esm3_small_fold0.csv,-0.24396,0.36002,dataset/full/test.csv,Exact 15-mer match,0.8985763886324306,0.8997883256731748,0.8028173147468819,0.814114978144193,0.6271528788091455
esm3_small,e5,s100,0,plots,plots,,250513/1_bulk,250513/1_bulk/3/plots/e5_s100/pred-esm3_small_fold0.csv,250513/1_bulk/3/plots/e5_s100/pred-esm3_small_fold0.csv,/home/hwjang/project/250513/1_bulk/3/plots/e5_s100/pred-esm3_small_fold0.csv,250513/1_bulk/3/plots/e5_s100/pred-esm3_small_fold0.csv,-0.24396,0.36002,dataset/full/test.csv,"9-mer overlap, not exact",0.9371295752244956,0.986591316347881,0.9388142019993104,0.8982516480366868,0.6370686343051183
esm3_small,e5,s100,1,plots,plots,,250513/1_bulk,250513/1_bulk/3/plots/e5_s100/pred-esm3_small_fold1.csv,250513/1_bulk/3/plots/e5_s100/pred-esm3_small_fold1.csv,/home/hwjang/project/250513/1_bulk/3/plots/e5_s100/pred-esm3_small_fold1.csv,250513/1_bulk/3/plots/e5_s100/pred-esm3_small_fold1.csv,-0.46111,0.39025,dataset/full/test.csv,Overall,0.9178949693333008,0.9436778065568464,0.8604548737734087,0.8361805095962939,0.6623508374465414
esm3_small,e5,s100,1,plots,plots,,250513/1_bulk,250513/1_bulk/3/plots/e5_s100/pred-esm3_small_fold1.csv,250513/1_bulk/3/plots/e5_s100/pred-esm3_small_fold1.csv,/home/hwjang/project/250513/1_bulk/3/plots/e5_s100/pred-esm3_small_fold1.csv,250513/1_bulk/3/plots/e5_s100/pred-esm3_small_fold1.csv,-0.46111,0.39025,dataset/full/test.csv,No 9-mer overlap,0.8636993015901148,0.9952974859074036,0.9693043651584612,0.9410864575363428,0.2581609643797922
esm3_small,e5,s100,1,plots,plots,,250513/1_bulk,250513/1_bulk/3/plots/e5_s100/pred-esm3_small_fold1.csv,250513/1_bulk/3/plots/e5_s100/pred-esm3_small_fold1.csv,/home/hwjang/project/250513/1_bulk/3/plots/e5_s100/pred-esm3_small_fold1.csv,250513/1_bulk/3/plots/e5_s100/pred-esm3_small_fold1.csv,-0.46111,0.39025,dataset/full/test.csv,>=1 9-mer overlap,0.9085691720245288,0.9257525055237714,0.8370818977508614,0.823462573045172,0.6448436272851856
esm3_small,e5,s100,1,plots,plots,,250513/1_bulk,250513/1_bulk/3/plots/e5_s100/pred-esm3_small_fold1.csv,250513/1_bulk/3/plots/e5_s100/pred-esm3_small_fold1.csv,/home/hwjang/project/250513/1_bulk/3/plots/e5_s100/pred-esm3_small_fold1.csv,250513/1_bulk/3/plots/e5_s100/pred-esm3_small_fold1.csv,-0.46111,0.39025,dataset/full/test.csv,Exact 15-mer match,0.8949866777833273,0.8963381731267486,0.803276341037317,0.8099651413711061,0.619799722717974
esm3_small,e5,s100,1,plots,plots,,250513/1_bulk,250513/1_bulk/3/plots/e5_s100/pred-esm3_small_fold1.csv,250513/1_bulk/3/plots/e5_s100/pred-esm3_small_fold1.csv,/home/hwjang/project/250513/1_bulk/3/plots/e5_s100/pred-esm3_small_fold1.csv,250513/1_bulk/3/plots/e5_s100/pred-esm3_small_fold1.csv,-0.46111,0.39025,dataset/full/test.csv,"9-mer overlap, not exact",0.927475532527346,0.9843405324560726,0.9370132069082288,0.8933791917454859,0.5931409130593791
esm3_small,e5,s100,2,plots,plots,,250513/1_bulk,250513/1_bulk/3/plots/e5_s100/pred-esm3_small_fold2.csv,250513/1_bulk/3/plots/e5_s100/pred-esm3_small_fold2.csv,/home/hwjang/project/250513/1_bulk/3/plots/e5_s100/pred-esm3_small_fold2.csv,250513/1_bulk/3/plots/e5_s100/pred-esm3_small_fold2.csv,-0.37278,0.36862,dataset/full/test.csv,Overall,0.9220011422354506,0.9462752263044512,0.8609283396382021,0.8395723031105228,0.671548935804914
esm3_small,e5,s100,2,plots,plots,,250513/1_bulk,250513/1_bulk/3/plots/e5_s100/pred-esm3_small_fold2.csv,250513/1_bulk/3/plots/e5_s100/pred-esm3_small_fold2.csv,/home/hwjang/project/250513/1_bulk/3/plots/e5_s100/pred-esm3_small_fold2.csv,250513/1_bulk/3/plots/e5_s100/pred-esm3_small_fold2.csv,-0.37278,0.36862,dataset/full/test.csv,No 9-mer overlap,0.8827878794592169,0.9958028815228837,0.96691397633848,0.9368783473603672,0.3186014490049224
esm3_small,e5,s100,2,plots,plots,,250513/1_bulk,250513/1_bulk/3/plots/e5_s100/pred-esm3_small_fold2.csv,250513/1_bulk/3/plots/e5_s100/pred-esm3_small_fold2.csv,/home/hwjang/project/250513/1_bulk/3/plots/e5_s100/pred-esm3_small_fold2.csv,250513/1_bulk/3/plots/e5_s100/pred-esm3_small_fold2.csv,-0.37278,0.36862,dataset/full/test.csv,>=1 9-mer overlap,0.9131784581663432,0.9291761887662972,0.8378490491889178,0.8277757165383545,0.65427520117534
esm3_small,e5,s100,2,plots,plots,,250513/1_bulk,250513/1_bulk/3/plots/e5_s100/pred-esm3_small_fold2.csv,250513/1_bulk/3/plots/e5_s100/pred-esm3_small_fold2.csv,/home/hwjang/project/250513/1_bulk/3/plots/e5_s100/pred-esm3_small_fold2.csv,250513/1_bulk/3/plots/e5_s100/pred-esm3_small_fold2.csv,-0.37278,0.36862,dataset/full/test.csv,Exact 15-mer match,0.9012249522213744,0.9021534049621364,0.8046057835984882,0.8154982570685553,0.6299495394635083
esm3_small,e5,s100,2,plots,plots,,250513/1_bulk,250513/1_bulk/3/plots/e5_s100/pred-esm3_small_fold2.csv,250513/1_bulk/3/plots/e5_s100/pred-esm3_small_fold2.csv,/home/hwjang/project/250513/1_bulk/3/plots/e5_s100/pred-esm3_small_fold2.csv,250513/1_bulk/3/plots/e5_s100/pred-esm3_small_fold2.csv,-0.37278,0.36862,dataset/full/test.csv,"9-mer overlap, not exact",0.925284736689042,0.9835547983085776,0.9350582590815628,0.8913728862138148,0.6032842455013909
esm3_small,e5,s100,3,plots,plots,,250513/1_bulk,250513/1_bulk/3/plots/e5_s100/pred-esm3_small_fold3.csv,250513/1_bulk/3/plots/e5_s100/pred-esm3_small_fold3.csv,/home/hwjang/project/250513/1_bulk/3/plots/e5_s100/pred-esm3_small_fold3.csv,250513/1_bulk/3/plots/e5_s100/pred-esm3_small_fold3.csv,-0.48389,0.37188,dataset/full/test.csv,Overall,0.9228262157281142,0.9475908507102224,0.8616202245963999,0.842757279947055,0.6807923864207875
esm3_small,e5,s100,3,plots,plots,,250513/1_bulk,250513/1_bulk/3/plots/e5_s100/pred-esm3_small_fold3.csv,250513/1_bulk/3/plots/e5_s100/pred-esm3_small_fold3.csv,/home/hwjang/project/250513/1_bulk/3/plots/e5_s100/pred-esm3_small_fold3.csv,250513/1_bulk/3/plots/e5_s100/pred-esm3_small_fold3.csv,-0.48389,0.37188,dataset/full/test.csv,No 9-mer overlap,0.8884108821232547,0.9961493641880566,0.9637826961770624,0.9311400153022188,0.309751747146556
esm3_small,e5,s100,3,plots,plots,,250513/1_bulk,250513/1_bulk/3/plots/e5_s100/pred-esm3_small_fold3.csv,250513/1_bulk/3/plots/e5_s100/pred-esm3_small_fold3.csv,/home/hwjang/project/250513/1_bulk/3/plots/e5_s100/pred-esm3_small_fold3.csv,250513/1_bulk/3/plots/e5_s100/pred-esm3_small_fold3.csv,-0.48389,0.37188,dataset/full/test.csv,>=1 9-mer overlap,0.9138868307710852,0.930904762851566,0.8390551740995045,0.8320424821445135,0.6644455977156891
esm3_small,e5,s100,3,plots,plots,,250513/1_bulk,250513/1_bulk/3/plots/e5_s100/pred-esm3_small_fold3.csv,250513/1_bulk/3/plots/e5_s100/pred-esm3_small_fold3.csv,/home/hwjang/project/250513/1_bulk/3/plots/e5_s100/pred-esm3_small_fold3.csv,250513/1_bulk/3/plots/e5_s100/pred-esm3_small_fold3.csv,-0.48389,0.37188,dataset/full/test.csv,Exact 15-mer match,0.9020597865026356,0.9043997855136472,0.808367553413081,0.8218336745421346,0.642735423184068
esm3_small,e5,s100,3,plots,plots,,250513/1_bulk,250513/1_bulk/3/plots/e5_s100/pred-esm3_small_fold3.csv,250513/1_bulk/3/plots/e5_s100/pred-esm3_small_fold3.csv,/home/hwjang/project/250513/1_bulk/3/plots/e5_s100/pred-esm3_small_fold3.csv,250513/1_bulk/3/plots/e5_s100/pred-esm3_small_fold3.csv,-0.48389,0.37188,dataset/full/test.csv,"9-mer overlap, not exact",0.9361535471158356,0.9865386998491552,0.929542862156708,0.8849240470048725,0.6207184481354439
esm3_small,e5,s100,4,plots,plots,,250513/1_bulk,250513/1_bulk/3/plots/e5_s100/pred-esm3_small_fold4.csv,250513/1_bulk/3/plots/e5_s100/pred-esm3_small_fold4.csv,/home/hwjang/project/250513/1_bulk/3/plots/e5_s100/pred-esm3_small_fold4.csv,250513/1_bulk/3/plots/e5_s100/pred-esm3_small_fold4.csv,0.05858,0.36374,dataset/full/test.csv,Overall,0.92774260088202,0.9507472247170098,0.8705227408003922,0.8470383851753805,0.684279230418218
esm3_small,e5,s100,4,plots,plots,,250513/1_bulk,250513/1_bulk/3/plots/e5_s100/pred-esm3_small_fold4.csv,250513/1_bulk/3/plots/e5_s100/pred-esm3_small_fold4.csv,/home/hwjang/project/250513/1_bulk/3/plots/e5_s100/pred-esm3_small_fold4.csv,250513/1_bulk/3/plots/e5_s100/pred-esm3_small_fold4.csv,0.05858,0.36374,dataset/full/test.csv,No 9-mer overlap,0.8992359584166423,0.9964209261667132,0.9722028494570092,0.9466335118592196,0.3281950711928615
esm3_small,e5,s100,4,plots,plots,,250513/1_bulk,250513/1_bulk/3/plots/e5_s100/pred-esm3_small_fold4.csv,250513/1_bulk/3/plots/e5_s100/pred-esm3_small_fold4.csv,/home/hwjang/project/250513/1_bulk/3/plots/e5_s100/pred-esm3_small_fold4.csv,250513/1_bulk/3/plots/e5_s100/pred-esm3_small_fold4.csv,0.05858,0.36374,dataset/full/test.csv,>=1 9-mer overlap,0.9191849451567774,0.9347904258004724,0.848847828395455,0.8349642890269919,0.6680807959162881
esm3_small,e5,s100,4,plots,plots,,250513/1_bulk,250513/1_bulk/3/plots/e5_s100/pred-esm3_small_fold4.csv,250513/1_bulk/3/plots/e5_s100/pred-esm3_small_fold4.csv,/home/hwjang/project/250513/1_bulk/3/plots/e5_s100/pred-esm3_small_fold4.csv,250513/1_bulk/3/plots/e5_s100/pred-esm3_small_fold4.csv,0.05858,0.36374,dataset/full/test.csv,Exact 15-mer match,0.9067670785582184,0.9086961800434474,0.8167986425339366,0.8207823825596193,0.6425116913773276
esm3_small,e5,s100,4,plots,plots,,250513/1_bulk,250513/1_bulk/3/plots/e5_s100/pred-esm3_small_fold4.csv,250513/1_bulk/3/plots/e5_s100/pred-esm3_small_fold4.csv,/home/hwjang/project/250513/1_bulk/3/plots/e5_s100/pred-esm3_small_fold4.csv,250513/1_bulk/3/plots/e5_s100/pred-esm3_small_fold4.csv,0.05858,0.36374,dataset/full/test.csv,"9-mer overlap, not exact",0.9401943153558986,0.9867838609485684,0.945501066098081,0.908426483233018,0.6598550353804543
esm3_small,e5,s128,0,plots,plots,,250513/1_bulk,250513/1_bulk/4/plots/e5_s128/pred-esm3_small_fold0.csv,250513/1_bulk/4/plots/e5_s128/pred-esm3_small_fold0.csv,/home/hwjang/project/250513/1_bulk/4/plots/e5_s128/pred-esm3_small_fold0.csv,250513/1_bulk/4/plots/e5_s128/pred-esm3_small_fold0.csv,-0.70572,0.3656,dataset/full/test.csv,Overall,0.9191966632361874,0.945061638254336,0.8581170061154908,0.8373386829913965,0.6680186204964128
esm3_small,e5,s128,0,plots,plots,,250513/1_bulk,250513/1_bulk/4/plots/e5_s128/pred-esm3_small_fold0.csv,250513/1_bulk/4/plots/e5_s128/pred-esm3_small_fold0.csv,/home/hwjang/project/250513/1_bulk/4/plots/e5_s128/pred-esm3_small_fold0.csv,250513/1_bulk/4/plots/e5_s128/pred-esm3_small_fold0.csv,-0.70572,0.3656,dataset/full/test.csv,No 9-mer overlap,0.8724238866150105,0.9955688974680528,0.9609761016436422,0.9259755164498852,0.2897007820751332
esm3_small,e5,s128,0,plots,plots,,250513/1_bulk,250513/1_bulk/4/plots/e5_s128/pred-esm3_small_fold0.csv,250513/1_bulk/4/plots/e5_s128/pred-esm3_small_fold0.csv,/home/hwjang/project/250513/1_bulk/4/plots/e5_s128/pred-esm3_small_fold0.csv,250513/1_bulk/4/plots/e5_s128/pred-esm3_small_fold0.csv,-0.70572,0.3656,dataset/full/test.csv,>=1 9-mer overlap,0.9106158779364392,0.9282210033713222,0.8357061253185692,0.826593080419256,0.652378289171444
esm3_small,e5,s128,0,plots,plots,,250513/1_bulk,250513/1_bulk/4/plots/e5_s128/pred-esm3_small_fold0.csv,250513/1_bulk/4/plots/e5_s128/pred-esm3_small_fold0.csv,/home/hwjang/project/250513/1_bulk/4/plots/e5_s128/pred-esm3_small_fold0.csv,250513/1_bulk/4/plots/e5_s128/pred-esm3_small_fold0.csv,-0.70572,0.3656,dataset/full/test.csv,Exact 15-mer match,0.8984348793864894,0.901272955796054,0.8018656275829495,0.8143086371936037,0.627515265719811
esm3_small,e5,s128,0,plots,plots,,250513/1_bulk,250513/1_bulk/4/plots/e5_s128/pred-esm3_small_fold0.csv,250513/1_bulk/4/plots/e5_s128/pred-esm3_small_fold0.csv,/home/hwjang/project/250513/1_bulk/4/plots/e5_s128/pred-esm3_small_fold0.csv,250513/1_bulk/4/plots/e5_s128/pred-esm3_small_fold0.csv,-0.70572,0.3656,dataset/full/test.csv,"9-mer overlap, not exact",0.9218710123509548,0.982968252699584,0.934192439862543,0.8902264259100029,0.6034497801043391
esm3_small,e5,s128,1,plots,plots,,250513/1_bulk,250513/1_bulk/4/plots/e5_s128/pred-esm3_small_fold1.csv,250513/1_bulk/4/plots/e5_s128/pred-esm3_small_fold1.csv,/home/hwjang/project/250513/1_bulk/4/plots/e5_s128/pred-esm3_small_fold1.csv,250513/1_bulk/4/plots/e5_s128/pred-esm3_small_fold1.csv,9.40619,0.38726,dataset/full/test.csv,Overall,0.9124888021107797,0.9404420239013048,0.8459044179962416,0.8270185307743216,0.6515267756510147
esm3_small,e5,s128,1,plots,plots,,250513/1_bulk,250513/1_bulk/4/plots/e5_s128/pred-esm3_small_fold1.csv,250513/1_bulk/4/plots/e5_s128/pred-esm3_small_fold1.csv,/home/hwjang/project/250513/1_bulk/4/plots/e5_s128/pred-esm3_small_fold1.csv,250513/1_bulk/4/plots/e5_s128/pred-esm3_small_fold1.csv,9.40619,0.38726,dataset/full/test.csv,No 9-mer overlap,0.8891793545385567,0.996228369796446,0.9504545918888548,0.9072302983932672,0.3004410479716853
esm3_small,e5,s128,1,plots,plots,,250513/1_bulk,250513/1_bulk/4/plots/e5_s128/pred-esm3_small_fold1.csv,250513/1_bulk/4/plots/e5_s128/pred-esm3_small_fold1.csv,/home/hwjang/project/250513/1_bulk/4/plots/e5_s128/pred-esm3_small_fold1.csv,250513/1_bulk/4/plots/e5_s128/pred-esm3_small_fold1.csv,9.40619,0.38726,dataset/full/test.csv,>=1 9-mer overlap,0.9038872803486492,0.9225795375754215,0.8229000427071861,0.8172943140710509,0.6363922024551626
esm3_small,e5,s128,1,plots,plots,,250513/1_bulk,250513/1_bulk/4/plots/e5_s128/pred-esm3_small_fold1.csv,250513/1_bulk/4/plots/e5_s128/pred-esm3_small_fold1.csv,/home/hwjang/project/250513/1_bulk/4/plots/e5_s128/pred-esm3_small_fold1.csv,250513/1_bulk/4/plots/e5_s128/pred-esm3_small_fold1.csv,9.40619,0.38726,dataset/full/test.csv,Exact 15-mer match,0.890862941062734,0.893365902069582,0.7884296023430659,0.8061472915398661,0.6116638314735685
esm3_small,e5,s128,1,plots,plots,,250513/1_bulk,250513/1_bulk/4/plots/e5_s128/pred-esm3_small_fold1.csv,250513/1_bulk/4/plots/e5_s128/pred-esm3_small_fold1.csv,/home/hwjang/project/250513/1_bulk/4/plots/e5_s128/pred-esm3_small_fold1.csv,250513/1_bulk/4/plots/e5_s128/pred-esm3_small_fold1.csv,9.40619,0.38726,dataset/full/test.csv,"9-mer overlap, not exact",0.923091270053238,0.9835790573010134,0.9233069481090588,0.8750358268844941,0.5919875171050897
esm3_small,e5,s128,2,plots,plots,,250513/1_bulk,250513/1_bulk/4/plots/e5_s128/pred-esm3_small_fold2.csv,250513/1_bulk/4/plots/e5_s128/pred-esm3_small_fold2.csv,/home/hwjang/project/250513/1_bulk/4/plots/e5_s128/pred-esm3_small_fold2.csv,250513/1_bulk/4/plots/e5_s128/pred-esm3_small_fold2.csv,-3.11421,0.36876,dataset/full/test.csv,Overall,0.9235213194918888,0.9477104075396544,0.8560453563316035,0.8387863997352747,0.6760576360563383
esm3_small,e5,s128,2,plots,plots,,250513/1_bulk,250513/1_bulk/4/plots/e5_s128/pred-esm3_small_fold2.csv,250513/1_bulk/4/plots/e5_s128/pred-esm3_small_fold2.csv,/home/hwjang/project/250513/1_bulk/4/plots/e5_s128/pred-esm3_small_fold2.csv,250513/1_bulk/4/plots/e5_s128/pred-esm3_small_fold2.csv,-3.11421,0.36876,dataset/full/test.csv,No 9-mer overlap,0.8854837637701949,0.99597665541002,0.9612512613521697,0.9265493496557,0.3085837459061634
esm3_small,e5,s128,2,plots,plots,,250513/1_bulk,250513/1_bulk/4/plots/e5_s128/pred-esm3_small_fold2.csv,250513/1_bulk/4/plots/e5_s128/pred-esm3_small_fold2.csv,/home/hwjang/project/250513/1_bulk/4/plots/e5_s128/pred-esm3_small_fold2.csv,250513/1_bulk/4/plots/e5_s128/pred-esm3_small_fold2.csv,-3.11421,0.36876,dataset/full/test.csv,>=1 9-mer overlap,0.9144475893745015,0.9308297032229516,0.8324781301566491,0.8281467396345422,0.6590188432301892
esm3_small,e5,s128,2,plots,plots,,250513/1_bulk,250513/1_bulk/4/plots/e5_s128/pred-esm3_small_fold2.csv,250513/1_bulk/4/plots/e5_s128/pred-esm3_small_fold2.csv,/home/hwjang/project/250513/1_bulk/4/plots/e5_s128/pred-esm3_small_fold2.csv,250513/1_bulk/4/plots/e5_s128/pred-esm3_small_fold2.csv,-3.11421,0.36876,dataset/full/test.csv,Exact 15-mer match,0.9020013582445046,0.9036593511062556,0.7986628172010333,0.8167155425219942,0.6333632770698232
esm3_small,e5,s128,2,plots,plots,,250513/1_bulk,250513/1_bulk/4/plots/e5_s128/pred-esm3_small_fold2.csv,250513/1_bulk/4/plots/e5_s128/pred-esm3_small_fold2.csv,/home/hwjang/project/250513/1_bulk/4/plots/e5_s128/pred-esm3_small_fold2.csv,250513/1_bulk/4/plots/e5_s128/pred-esm3_small_fold2.csv,-3.11421,0.36876,dataset/full/test.csv,"9-mer overlap, not exact",0.9382504199087184,0.986929301790622,0.930651138168343,0.8873602751504729,0.6386259758104028
esm3_small,e5,s128,3,plots,plots,,250513/1_bulk,250513/1_bulk/4/plots/e5_s128/pred-esm3_small_fold3.csv,250513/1_bulk/4/plots/e5_s128/pred-esm3_small_fold3.csv,/home/hwjang/project/250513/1_bulk/4/plots/e5_s128/pred-esm3_small_fold3.csv,250513/1_bulk/4/plots/e5_s128/pred-esm3_small_fold3.csv,-4.16525,0.37305,dataset/full/test.csv,Overall,0.9194702476876122,0.9448207770837996,0.8567221697084273,0.8369870946393118,0.6687652493357646
esm3_small,e5,s128,3,plots,plots,,250513/1_bulk,250513/1_bulk/4/plots/e5_s128/pred-esm3_small_fold3.csv,250513/1_bulk/4/plots/e5_s128/pred-esm3_small_fold3.csv,/home/hwjang/project/250513/1_bulk/4/plots/e5_s128/pred-esm3_small_fold3.csv,250513/1_bulk/4/plots/e5_s128/pred-esm3_small_fold3.csv,-4.16525,0.37305,dataset/full/test.csv,No 9-mer overlap,0.8575667532525076,0.9949854469703068,0.9572424946932174,0.9190895179801072,0.2532582040230264
esm3_small,e5,s128,3,plots,plots,,250513/1_bulk,250513/1_bulk/4/plots/e5_s128/pred-esm3_small_fold3.csv,250513/1_bulk/4/plots/e5_s128/pred-esm3_small_fold3.csv,/home/hwjang/project/250513/1_bulk/4/plots/e5_s128/pred-esm3_small_fold3.csv,250513/1_bulk/4/plots/e5_s128/pred-esm3_small_fold3.csv,-4.16525,0.37305,dataset/full/test.csv,>=1 9-mer overlap,0.9111806698805108,0.9280954115050252,0.834681619716749,0.8270336703459791,0.6541126715160188
esm3_small,e5,s128,3,plots,plots,,250513/1_bulk,250513/1_bulk/4/plots/e5_s128/pred-esm3_small_fold3.csv,250513/1_bulk/4/plots/e5_s128/pred-esm3_small_fold3.csv,/home/hwjang/project/250513/1_bulk/4/plots/e5_s128/pred-esm3_small_fold3.csv,250513/1_bulk/4/plots/e5_s128/pred-esm3_small_fold3.csv,-4.16525,0.37305,dataset/full/test.csv,Exact 15-mer match,0.8987099135116023,0.9007037177699557,0.8015726454994937,0.815691916117966,0.630404928538345
esm3_small,e5,s128,3,plots,plots,,250513/1_bulk,250513/1_bulk/4/plots/e5_s128/pred-esm3_small_fold3.csv,250513/1_bulk/4/plots/e5_s128/pred-esm3_small_fold3.csv,/home/hwjang/project/250513/1_bulk/4/plots/e5_s128/pred-esm3_small_fold3.csv,250513/1_bulk/4/plots/e5_s128/pred-esm3_small_fold3.csv,-4.16525,0.37305,dataset/full/test.csv,"9-mer overlap, not exact",0.9266956596573068,0.9841618386789251,0.930965786054569,0.8857838922327315,0.6012090205741055
esm3_small,e5,s128,4,plots,plots,,250513/1_bulk,250513/1_bulk/4/plots/e5_s128/pred-esm3_small_fold4.csv,250513/1_bulk/4/plots/e5_s128/pred-esm3_small_fold4.csv,/home/hwjang/project/250513/1_bulk/4/plots/e5_s128/pred-esm3_small_fold4.csv,250513/1_bulk/4/plots/e5_s128/pred-esm3_small_fold4.csv,-0.09539,0.36251,dataset/full/test.csv,Overall,0.9264607764520753,0.9499495053205076,0.8663660696642536,0.8461490734612839,0.6853289357043575
esm3_small,e5,s128,4,plots,plots,,250513/1_bulk,250513/1_bulk/4/plots/e5_s128/pred-esm3_small_fold4.csv,250513/1_bulk/4/plots/e5_s128/pred-esm3_small_fold4.csv,/home/hwjang/project/250513/1_bulk/4/plots/e5_s128/pred-esm3_small_fold4.csv,250513/1_bulk/4/plots/e5_s128/pred-esm3_small_fold4.csv,-0.09539,0.36251,dataset/full/test.csv,No 9-mer overlap,0.9146580228520158,0.9973224970130808,0.971417149710174,0.9452945677123182,0.3679809581707593
esm3_small,e5,s128,4,plots,plots,,250513/1_bulk,250513/1_bulk/4/plots/e5_s128/pred-esm3_small_fold4.csv,250513/1_bulk/4/plots/e5_s128/pred-esm3_small_fold4.csv,/home/hwjang/project/250513/1_bulk/4/plots/e5_s128/pred-esm3_small_fold4.csv,250513/1_bulk/4/plots/e5_s128/pred-esm3_small_fold4.csv,-0.09539,0.36251,dataset/full/test.csv,>=1 9-mer overlap,0.9173487206341764,0.9331821618320212,0.8433455246271435,0.8341294870605696,0.6672490128493106
esm3_small,e5,s128,4,plots,plots,,250513/1_bulk,250513/1_bulk/4/plots/e5_s128/pred-esm3_small_fold4.csv,250513/1_bulk/4/plots/e5_s128/pred-esm3_small_fold4.csv,/home/hwjang/project/250513/1_bulk/4/plots/e5_s128/pred-esm3_small_fold4.csv,250513/1_bulk/4/plots/e5_s128/pred-esm3_small_fold4.csv,-0.09539,0.36251,dataset/full/test.csv,Exact 15-mer match,0.9041036815991887,0.9056233315707312,0.8096105269341479,0.8206717202456704,0.6403035363648202
esm3_small,e5,s128,4,plots,plots,,250513/1_bulk,250513/1_bulk/4/plots/e5_s128/pred-esm3_small_fold4.csv,250513/1_bulk/4/plots/e5_s128/pred-esm3_small_fold4.csv,/home/hwjang/project/250513/1_bulk/4/plots/e5_s128/pred-esm3_small_fold4.csv,250513/1_bulk/4/plots/e5_s128/pred-esm3_small_fold4.csv,-0.09539,0.36251,dataset/full/test.csv,"9-mer overlap, not exact",0.9427133225314412,0.9877853825270728,0.9422298751614292,0.90384064201777,0.6556621228227941
esm3_small,e5,s42,0,plots,plots,,250513/1_bulk,250513/1_bulk/2/plots/e5_s42/pred-esm3_small_fold0.csv,250513/1_bulk/2/plots/e5_s42/pred-esm3_small_fold0.csv,/home/hwjang/project/250513/1_bulk/2/plots/e5_s42/pred-esm3_small_fold0.csv,250513/1_bulk/2/plots/e5_s42/pred-esm3_small_fold0.csv,-0.30767,0.3649,dataset/full/test.csv,Overall,0.9203136448591922,0.945770185851252,0.8597215244383837,0.8383107213765718,0.6690930320946665
esm3_small,e5,s42,0,plots,plots,,250513/1_bulk,250513/1_bulk/2/plots/e5_s42/pred-esm3_small_fold0.csv,250513/1_bulk/2/plots/e5_s42/pred-esm3_small_fold0.csv,/home/hwjang/project/250513/1_bulk/2/plots/e5_s42/pred-esm3_small_fold0.csv,250513/1_bulk/2/plots/e5_s42/pred-esm3_small_fold0.csv,-0.30767,0.3649,dataset/full/test.csv,No 9-mer overlap,0.8733294378935825,0.9955722041268464,0.9632012869495274,0.9299923488905892,0.2852233192364234
esm3_small,e5,s42,0,plots,plots,,250513/1_bulk,250513/1_bulk/2/plots/e5_s42/pred-esm3_small_fold0.csv,250513/1_bulk/2/plots/e5_s42/pred-esm3_small_fold0.csv,/home/hwjang/project/250513/1_bulk/2/plots/e5_s42/pred-esm3_small_fold0.csv,250513/1_bulk/2/plots/e5_s42/pred-esm3_small_fold0.csv,-0.30767,0.3649,dataset/full/test.csv,>=1 9-mer overlap,0.9116117370796504,0.9287912457145744,0.8372428253177827,0.8271959929505611,0.6531362393665404
esm3_small,e5,s42,0,plots,plots,,250513/1_bulk,250513/1_bulk/2/plots/e5_s42/pred-esm3_small_fold0.csv,250513/1_bulk/2/plots/e5_s42/pred-esm3_small_fold0.csv,/home/hwjang/project/250513/1_bulk/2/plots/e5_s42/pred-esm3_small_fold0.csv,250513/1_bulk/2/plots/e5_s42/pred-esm3_small_fold0.csv,-0.30767,0.3649,dataset/full/test.csv,Exact 15-mer match,0.8986564087417426,0.9007113752200855,0.8034832412845914,0.8139489846732695,0.626888170205647
esm3_small,e5,s42,0,plots,plots,,250513/1_bulk,250513/1_bulk/2/plots/e5_s42/pred-esm3_small_fold0.csv,250513/1_bulk/2/plots/e5_s42/pred-esm3_small_fold0.csv,/home/hwjang/project/250513/1_bulk/2/plots/e5_s42/pred-esm3_small_fold0.csv,250513/1_bulk/2/plots/e5_s42/pred-esm3_small_fold0.csv,-0.30767,0.3649,dataset/full/test.csv,"9-mer overlap, not exact",0.9344031361097755,0.9859862960787368,0.937137916126243,0.8958154198910863,0.6336095649511874
esm3_small,e5,s42,1,plots,plots,,250513/1_bulk,250513/1_bulk/2/plots/e5_s42/pred-esm3_small_fold1.csv,250513/1_bulk/2/plots/e5_s42/pred-esm3_small_fold1.csv,/home/hwjang/project/250513/1_bulk/2/plots/e5_s42/pred-esm3_small_fold1.csv,250513/1_bulk/2/plots/e5_s42/pred-esm3_small_fold1.csv,-1.83304,0.38281,dataset/full/test.csv,Overall,0.9177219941909958,0.9437334292534072,0.8553666582085765,0.8349602911978822,0.6640393715930238
esm3_small,e5,s42,1,plots,plots,,250513/1_bulk,250513/1_bulk/2/plots/e5_s42/pred-esm3_small_fold1.csv,250513/1_bulk/2/plots/e5_s42/pred-esm3_small_fold1.csv,/home/hwjang/project/250513/1_bulk/2/plots/e5_s42/pred-esm3_small_fold1.csv,250513/1_bulk/2/plots/e5_s42/pred-esm3_small_fold1.csv,-1.83304,0.38281,dataset/full/test.csv,No 9-mer overlap,0.8855585340592512,0.9962074845302747,0.9603390856796852,0.9248278500382556,0.2905082729098316
esm3_small,e5,s42,1,plots,plots,,250513/1_bulk,250513/1_bulk/2/plots/e5_s42/pred-esm3_small_fold1.csv,250513/1_bulk/2/plots/e5_s42/pred-esm3_small_fold1.csv,/home/hwjang/project/250513/1_bulk/2/plots/e5_s42/pred-esm3_small_fold1.csv,250513/1_bulk/2/plots/e5_s42/pred-esm3_small_fold1.csv,-1.83304,0.38281,dataset/full/test.csv,>=1 9-mer overlap,0.9087487610280884,0.9260734779309124,0.8323870540152436,0.8240654855764772,0.6478211859618583
esm3_small,e5,s42,1,plots,plots,,250513/1_bulk,250513/1_bulk/2/plots/e5_s42/pred-esm3_small_fold1.csv,250513/1_bulk/2/plots/e5_s42/pred-esm3_small_fold1.csv,/home/hwjang/project/250513/1_bulk/2/plots/e5_s42/pred-esm3_small_fold1.csv,250513/1_bulk/2/plots/e5_s42/pred-esm3_small_fold1.csv,-1.83304,0.38281,dataset/full/test.csv,Exact 15-mer match,0.8958059621881072,0.8975581102251917,0.7986857295089246,0.8118464007082388,0.6225822348222817
esm3_small,e5,s42,1,plots,plots,,250513/1_bulk,250513/1_bulk/2/plots/e5_s42/pred-esm3_small_fold1.csv,250513/1_bulk/2/plots/e5_s42/pred-esm3_small_fold1.csv,/home/hwjang/project/250513/1_bulk/2/plots/e5_s42/pred-esm3_small_fold1.csv,250513/1_bulk/2/plots/e5_s42/pred-esm3_small_fold1.csv,-1.83304,0.38281,dataset/full/test.csv,"9-mer overlap, not exact",0.9324570149980118,0.9856492139262564,0.9315450269987808,0.8873602751504729,0.61603550218026
esm3_small,e5,s42,2,plots,plots,,250513/1_bulk,250513/1_bulk/2/plots/e5_s42/pred-esm3_small_fold2.csv,250513/1_bulk/2/plots/e5_s42/pred-esm3_small_fold2.csv,/home/hwjang/project/250513/1_bulk/2/plots/e5_s42/pred-esm3_small_fold2.csv,250513/1_bulk/2/plots/e5_s42/pred-esm3_small_fold2.csv,-0.09366,0.36813,dataset/full/test.csv,Overall,0.921314090837026,0.9459488308821812,0.8632358124779697,0.8395102581072138,0.6692572917067078
esm3_small,e5,s42,2,plots,plots,,250513/1_bulk,250513/1_bulk/2/plots/e5_s42/pred-esm3_small_fold2.csv,250513/1_bulk/2/plots/e5_s42/pred-esm3_small_fold2.csv,/home/hwjang/project/250513/1_bulk/2/plots/e5_s42/pred-esm3_small_fold2.csv,250513/1_bulk/2/plots/e5_s42/pred-esm3_small_fold2.csv,-0.09366,0.36813,dataset/full/test.csv,No 9-mer overlap,0.8784955110133866,0.9957548481766844,0.9690907272181656,0.9408951798010712,0.327333269301915
esm3_small,e5,s42,2,plots,plots,,250513/1_bulk,250513/1_bulk/2/plots/e5_s42/pred-esm3_small_fold2.csv,250513/1_bulk/2/plots/e5_s42/pred-esm3_small_fold2.csv,/home/hwjang/project/250513/1_bulk/2/plots/e5_s42/pred-esm3_small_fold2.csv,250513/1_bulk/2/plots/e5_s42/pred-esm3_small_fold2.csv,-0.09366,0.36813,dataset/full/test.csv,>=1 9-mer overlap,0.912466148381492,0.9287563307915464,0.840596452944826,0.827219181894073,0.6524096532215177
esm3_small,e5,s42,2,plots,plots,,250513/1_bulk,250513/1_bulk/2/plots/e5_s42/pred-esm3_small_fold2.csv,250513/1_bulk/2/plots/e5_s42/pred-esm3_small_fold2.csv,/home/hwjang/project/250513/1_bulk/2/plots/e5_s42/pred-esm3_small_fold2.csv,250513/1_bulk/2/plots/e5_s42/pred-esm3_small_fold2.csv,-0.09366,0.36813,dataset/full/test.csv,Exact 15-mer match,0.8997375816039798,0.9008855280658408,0.8071651357770337,0.8135616665744481,0.6270617724492656
esm3_small,e5,s42,2,plots,plots,,250513/1_bulk,250513/1_bulk/2/plots/e5_s42/pred-esm3_small_fold2.csv,250513/1_bulk/2/plots/e5_s42/pred-esm3_small_fold2.csv,/home/hwjang/project/250513/1_bulk/2/plots/e5_s42/pred-esm3_small_fold2.csv,250513/1_bulk/2/plots/e5_s42/pred-esm3_small_fold2.csv,-0.09366,0.36813,dataset/full/test.csv,"9-mer overlap, not exact",0.9278343096581974,0.9840984458295736,0.9396405561207188,0.8979650329607337,0.6126193024389457
esm3_small,e5,s42,3,plots,plots,,250513/1_bulk,250513/1_bulk/2/plots/e5_s42/pred-esm3_small_fold3.csv,250513/1_bulk/2/plots/e5_s42/pred-esm3_small_fold3.csv,/home/hwjang/project/250513/1_bulk/2/plots/e5_s42/pred-esm3_small_fold3.csv,250513/1_bulk/2/plots/e5_s42/pred-esm3_small_fold3.csv,-0.84969,0.37337,dataset/full/test.csv,Overall,0.9214925346980448,0.946213631525298,0.8615379066580106,0.8412061548643283,0.6758649228942183
esm3_small,e5,s42,3,plots,plots,,250513/1_bulk,250513/1_bulk/2/plots/e5_s42/pred-esm3_small_fold3.csv,250513/1_bulk/2/plots/e5_s42/pred-esm3_small_fold3.csv,/home/hwjang/project/250513/1_bulk/2/plots/e5_s42/pred-esm3_small_fold3.csv,250513/1_bulk/2/plots/e5_s42/pred-esm3_small_fold3.csv,-0.84969,0.37337,dataset/full/test.csv,No 9-mer overlap,0.8805267705327522,0.9957398807977732,0.9627091312235436,0.9292272379495028,0.3188067874335011
esm3_small,e5,s42,3,plots,plots,,250513/1_bulk,250513/1_bulk/2/plots/e5_s42/pred-esm3_small_fold3.csv,250513/1_bulk/2/plots/e5_s42/pred-esm3_small_fold3.csv,/home/hwjang/project/250513/1_bulk/2/plots/e5_s42/pred-esm3_small_fold3.csv,250513/1_bulk/2/plots/e5_s42/pred-esm3_small_fold3.csv,-0.84969,0.37337,dataset/full/test.csv,>=1 9-mer overlap,0.912892409714242,0.9293709130891636,0.8394904458598726,0.8305352008162508,0.6602623692610515
esm3_small,e5,s42,3,plots,plots,,250513/1_bulk,250513/1_bulk/2/plots/e5_s42/pred-esm3_small_fold3.csv,250513/1_bulk/2/plots/e5_s42/pred-esm3_small_fold3.csv,/home/hwjang/project/250513/1_bulk/2/plots/e5_s42/pred-esm3_small_fold3.csv,250513/1_bulk/2/plots/e5_s42/pred-esm3_small_fold3.csv,-0.84969,0.37337,dataset/full/test.csv,Exact 15-mer match,0.9005919134511335,0.9022296606556044,0.8063574440480052,0.8183201460742544,0.6355696714440976
esm3_small,e5,s42,3,plots,plots,,250513/1_bulk,250513/1_bulk/2/plots/e5_s42/pred-esm3_small_fold3.csv,250513/1_bulk/2/plots/e5_s42/pred-esm3_small_fold3.csv,/home/hwjang/project/250513/1_bulk/2/plots/e5_s42/pred-esm3_small_fold3.csv,250513/1_bulk/2/plots/e5_s42/pred-esm3_small_fold3.csv,-0.84969,0.37337,dataset/full/test.csv,"9-mer overlap, not exact",0.929915306043718,0.9849096443661508,0.9362141688904192,0.8938091143594153,0.6194627488164184
esm3_small,e5,s42,4,plots,plots,,250513/1_bulk,250513/1_bulk/2/plots/e5_s42/pred-esm3_small_fold4.csv,250513/1_bulk/2/plots/e5_s42/pred-esm3_small_fold4.csv,/home/hwjang/project/250513/1_bulk/2/plots/e5_s42/pred-esm3_small_fold4.csv,250513/1_bulk/2/plots/e5_s42/pred-esm3_small_fold4.csv,-0.43575,0.37289,dataset/full/test.csv,Overall,0.9225013037089714,0.947475857755207,0.861191231612345,0.8407511581733951,0.6748713297384524
esm3_small,e5,s42,4,plots,plots,,250513/1_bulk,250513/1_bulk/2/plots/e5_s42/pred-esm3_small_fold4.csv,250513/1_bulk/2/plots/e5_s42/pred-esm3_small_fold4.csv,/home/hwjang/project/250513/1_bulk/2/plots/e5_s42/pred-esm3_small_fold4.csv,250513/1_bulk/2/plots/e5_s42/pred-esm3_small_fold4.csv,-0.43575,0.37289,dataset/full/test.csv,No 9-mer overlap,0.8837612778519327,0.996028580525715,0.9618059054721354,0.9275057383320582,0.2969362732578396
esm3_small,e5,s42,4,plots,plots,,250513/1_bulk,250513/1_bulk/2/plots/e5_s42/pred-esm3_small_fold4.csv,250513/1_bulk/2/plots/e5_s42/pred-esm3_small_fold4.csv,/home/hwjang/project/250513/1_bulk/2/plots/e5_s42/pred-esm3_small_fold4.csv,250513/1_bulk/2/plots/e5_s42/pred-esm3_small_fold4.csv,-0.43575,0.37289,dataset/full/test.csv,>=1 9-mer overlap,0.9141044161557884,0.9311410482549436,0.8392719927989638,0.8302337445505983,0.6596229517893338
esm3_small,e5,s42,4,plots,plots,,250513/1_bulk,250513/1_bulk/2/plots/e5_s42/pred-esm3_small_fold4.csv,250513/1_bulk/2/plots/e5_s42/pred-esm3_small_fold4.csv,/home/hwjang/project/250513/1_bulk/2/plots/e5_s42/pred-esm3_small_fold4.csv,250513/1_bulk/2/plots/e5_s42/pred-esm3_small_fold4.csv,-0.43575,0.37289,dataset/full/test.csv,Exact 15-mer match,0.9016180656798736,0.9045013897190322,0.8070237256283768,0.8181818181818182,0.6353088209130624
esm3_small,e5,s42,4,plots,plots,,250513/1_bulk,250513/1_bulk/2/plots/e5_s42/pred-esm3_small_fold4.csv,250513/1_bulk/2/plots/e5_s42/pred-esm3_small_fold4.csv,/home/hwjang/project/250513/1_bulk/2/plots/e5_s42/pred-esm3_small_fold4.csv,250513/1_bulk/2/plots/e5_s42/pred-esm3_small_fold4.csv,-0.43575,0.37289,dataset/full/test.csv,"9-mer overlap, not exact",0.93731445376256,0.9865572307126128,0.934829896458714,0.8926626540556033,0.6326720650911029
esmc_large,e5,s100,0,plots,plots,,250513/1_bulk,250513/1_bulk/3/plots/e5_s100/pred-esmc_large_fold0.csv,250513/1_bulk/3/plots/e5_s100/pred-esmc_large_fold0.csv,/home/hwjang/project/250513/1_bulk/3/plots/e5_s100/pred-esmc_large_fold0.csv,250513/1_bulk/3/plots/e5_s100/pred-esmc_large_fold0.csv,-1.08205,0.38222,dataset/full/test.csv,Overall,0.913504557513121,0.9412189642759338,0.8510568513119533,0.8309480476505625,0.6569538539246308
esmc_large,e5,s100,0,plots,plots,,250513/1_bulk,250513/1_bulk/3/plots/e5_s100/pred-esmc_large_fold0.csv,250513/1_bulk/3/plots/e5_s100/pred-esmc_large_fold0.csv,/home/hwjang/project/250513/1_bulk/3/plots/e5_s100/pred-esmc_large_fold0.csv,250513/1_bulk/3/plots/e5_s100/pred-esmc_large_fold0.csv,-1.08205,0.38222,dataset/full/test.csv,No 9-mer overlap,0.8563704286276053,0.995077188296607,0.96,0.9240627390971692,0.253042222605003
esmc_large,e5,s100,0,plots,plots,,250513/1_bulk,250513/1_bulk/3/plots/e5_s100/pred-esmc_large_fold0.csv,250513/1_bulk/3/plots/e5_s100/pred-esmc_large_fold0.csv,/home/hwjang/project/250513/1_bulk/3/plots/e5_s100/pred-esmc_large_fold0.csv,250513/1_bulk/3/plots/e5_s100/pred-esmc_large_fold0.csv,-1.08205,0.38222,dataset/full/test.csv,>=1 9-mer overlap,0.903882483125904,0.9230754359833648,0.8270047825603382,0.8196595863092477,0.6397439555468265
esmc_large,e5,s100,0,plots,plots,,250513/1_bulk,250513/1_bulk/3/plots/e5_s100/pred-esmc_large_fold0.csv,250513/1_bulk/3/plots/e5_s100/pred-esmc_large_fold0.csv,/home/hwjang/project/250513/1_bulk/3/plots/e5_s100/pred-esmc_large_fold0.csv,250513/1_bulk/3/plots/e5_s100/pred-esmc_large_fold0.csv,-1.08205,0.38222,dataset/full/test.csv,Exact 15-mer match,0.8911724687569689,0.8948560045837646,0.7930395264007654,0.808498865711282,0.6160288965765108
esmc_large,e5,s100,0,plots,plots,,250513/1_bulk,250513/1_bulk/3/plots/e5_s100/pred-esmc_large_fold0.csv,250513/1_bulk/3/plots/e5_s100/pred-esmc_large_fold0.csv,/home/hwjang/project/250513/1_bulk/3/plots/e5_s100/pred-esmc_large_fold0.csv,250513/1_bulk/3/plots/e5_s100/pred-esmc_large_fold0.csv,-1.08205,0.38222,dataset/full/test.csv,"9-mer overlap, not exact",0.91495616924547,0.9813232522501916,0.9257103136675644,0.8774720550300946,0.577778154857823
esmc_large,e5,s100,1,plots,plots,,250513/1_bulk,250513/1_bulk/3/plots/e5_s100/pred-esmc_large_fold1.csv,250513/1_bulk/3/plots/e5_s100/pred-esmc_large_fold1.csv,/home/hwjang/project/250513/1_bulk/3/plots/e5_s100/pred-esmc_large_fold1.csv,250513/1_bulk/3/plots/e5_s100/pred-esmc_large_fold1.csv,-6.14502,0.40065,dataset/full/test.csv,Overall,0.909876005964568,0.93775030312671,0.8443544676543664,0.8250951356717405,0.647352104584133
esmc_large,e5,s100,1,plots,plots,,250513/1_bulk,250513/1_bulk/3/plots/e5_s100/pred-esmc_large_fold1.csv,250513/1_bulk/3/plots/e5_s100/pred-esmc_large_fold1.csv,/home/hwjang/project/250513/1_bulk/3/plots/e5_s100/pred-esmc_large_fold1.csv,250513/1_bulk/3/plots/e5_s100/pred-esmc_large_fold1.csv,-6.14502,0.40065,dataset/full/test.csv,No 9-mer overlap,0.8746545335718597,0.9956913853960628,0.9447865353037768,0.8970925784238715,0.2700109015824053
esmc_large,e5,s100,1,plots,plots,,250513/1_bulk,250513/1_bulk/3/plots/e5_s100/pred-esmc_large_fold1.csv,250513/1_bulk/3/plots/e5_s100/pred-esmc_large_fold1.csv,/home/hwjang/project/250513/1_bulk/3/plots/e5_s100/pred-esmc_large_fold1.csv,250513/1_bulk/3/plots/e5_s100/pred-esmc_large_fold1.csv,-6.14502,0.40065,dataset/full/test.csv,>=1 9-mer overlap,0.9015302589524632,0.9198705092188878,0.8224081092597161,0.8163667563305815,0.6342030612115799
esmc_large,e5,s100,1,plots,plots,,250513/1_bulk,250513/1_bulk/3/plots/e5_s100/pred-esmc_large_fold1.csv,250513/1_bulk/3/plots/e5_s100/pred-esmc_large_fold1.csv,/home/hwjang/project/250513/1_bulk/3/plots/e5_s100/pred-esmc_large_fold1.csv,250513/1_bulk/3/plots/e5_s100/pred-esmc_large_fold1.csv,-6.14502,0.40065,dataset/full/test.csv,Exact 15-mer match,0.8912623220343487,0.8934179790638195,0.7913962989665946,0.8078902229845626,0.6149591538157156
esmc_large,e5,s100,1,plots,plots,,250513/1_bulk,250513/1_bulk/3/plots/e5_s100/pred-esmc_large_fold1.csv,250513/1_bulk/3/plots/e5_s100/pred-esmc_large_fold1.csv,/home/hwjang/project/250513/1_bulk/3/plots/e5_s100/pred-esmc_large_fold1.csv,250513/1_bulk/3/plots/e5_s100/pred-esmc_large_fold1.csv,-6.14502,0.40065,dataset/full/test.csv,"9-mer overlap, not exact",0.9063415119087892,0.9791953763907928,0.9137397151198796,0.8602751504729149,0.5547570284293099
esmc_large,e5,s100,2,plots,plots,,250513/1_bulk,250513/1_bulk/3/plots/e5_s100/pred-esmc_large_fold2.csv,250513/1_bulk/3/plots/e5_s100/pred-esmc_large_fold2.csv,/home/hwjang/project/250513/1_bulk/3/plots/e5_s100/pred-esmc_large_fold2.csv,250513/1_bulk/3/plots/e5_s100/pred-esmc_large_fold2.csv,-0.16692,0.38139,dataset/full/test.csv,Overall,0.9110470631359138,0.9394579470576564,0.852777138405425,0.8280319324950364,0.6461108436727547
esmc_large,e5,s100,2,plots,plots,,250513/1_bulk,250513/1_bulk/3/plots/e5_s100/pred-esmc_large_fold2.csv,250513/1_bulk/3/plots/e5_s100/pred-esmc_large_fold2.csv,/home/hwjang/project/250513/1_bulk/3/plots/e5_s100/pred-esmc_large_fold2.csv,250513/1_bulk/3/plots/e5_s100/pred-esmc_large_fold2.csv,-0.16692,0.38139,dataset/full/test.csv,No 9-mer overlap,0.8831395767447785,0.9961283053579852,0.9677612536181256,0.9382172915072684,0.2498163376974742
esmc_large,e5,s100,2,plots,plots,,250513/1_bulk,250513/1_bulk/3/plots/e5_s100/pred-esmc_large_fold2.csv,250513/1_bulk/3/plots/e5_s100/pred-esmc_large_fold2.csv,/home/hwjang/project/250513/1_bulk/3/plots/e5_s100/pred-esmc_large_fold2.csv,250513/1_bulk/3/plots/e5_s100/pred-esmc_large_fold2.csv,-0.16692,0.38139,dataset/full/test.csv,>=1 9-mer overlap,0.9003255866433476,0.91975915216257,0.8279810589754628,0.814673963454225,0.6272593953015193
esmc_large,e5,s100,2,plots,plots,,250513/1_bulk,250513/1_bulk/3/plots/e5_s100/pred-esmc_large_fold2.csv,250513/1_bulk/3/plots/e5_s100/pred-esmc_large_fold2.csv,/home/hwjang/project/250513/1_bulk/3/plots/e5_s100/pred-esmc_large_fold2.csv,250513/1_bulk/3/plots/e5_s100/pred-esmc_large_fold2.csv,-0.16692,0.38139,dataset/full/test.csv,Exact 15-mer match,0.8865099483783071,0.8894051879624424,0.7930129997405817,0.8013334808830853,0.6021168748057917
esmc_large,e5,s100,2,plots,plots,,250513/1_bulk,250513/1_bulk/3/plots/e5_s100/pred-esmc_large_fold2.csv,250513/1_bulk/3/plots/e5_s100/pred-esmc_large_fold2.csv,/home/hwjang/project/250513/1_bulk/3/plots/e5_s100/pred-esmc_large_fold2.csv,250513/1_bulk/3/plots/e5_s100/pred-esmc_large_fold2.csv,-0.16692,0.38139,dataset/full/test.csv,"9-mer overlap, not exact",0.9139063974502788,0.9812080961928882,0.9310784397042576,0.8837775867010604,0.5621954737105478
esmc_large,e5,s100,3,plots,plots,,250513/1_bulk,250513/1_bulk/3/plots/e5_s100/pred-esmc_large_fold3.csv,250513/1_bulk/3/plots/e5_s100/pred-esmc_large_fold3.csv,/home/hwjang/project/250513/1_bulk/3/plots/e5_s100/pred-esmc_large_fold3.csv,250513/1_bulk/3/plots/e5_s100/pred-esmc_large_fold3.csv,-0.68458,0.39626,dataset/full/test.csv,Overall,0.908222545056974,0.9363668523757628,0.8460769160832803,0.8249296823295831,0.6442329234539871
esmc_large,e5,s100,3,plots,plots,,250513/1_bulk,250513/1_bulk/3/plots/e5_s100/pred-esmc_large_fold3.csv,250513/1_bulk/3/plots/e5_s100/pred-esmc_large_fold3.csv,/home/hwjang/project/250513/1_bulk/3/plots/e5_s100/pred-esmc_large_fold3.csv,250513/1_bulk/3/plots/e5_s100/pred-esmc_large_fold3.csv,-0.68458,0.39626,dataset/full/test.csv,No 9-mer overlap,0.8424853090228354,0.9945646854984272,0.9589841781719238,0.922149961744453,0.2343102489712055
esmc_large,e5,s100,3,plots,plots,,250513/1_bulk,250513/1_bulk/3/plots/e5_s100/pred-esmc_large_fold3.csv,250513/1_bulk/3/plots/e5_s100/pred-esmc_large_fold3.csv,/home/hwjang/project/250513/1_bulk/3/plots/e5_s100/pred-esmc_large_fold3.csv,250513/1_bulk/3/plots/e5_s100/pred-esmc_large_fold3.csv,-0.68458,0.39626,dataset/full/test.csv,>=1 9-mer overlap,0.8981819411769518,0.916822944457333,0.8212193823216187,0.8131434931824506,0.6263761717106568
esmc_large,e5,s100,3,plots,plots,,250513/1_bulk,250513/1_bulk/3/plots/e5_s100/pred-esmc_large_fold3.csv,250513/1_bulk/3/plots/e5_s100/pred-esmc_large_fold3.csv,/home/hwjang/project/250513/1_bulk/3/plots/e5_s100/pred-esmc_large_fold3.csv,250513/1_bulk/3/plots/e5_s100/pred-esmc_large_fold3.csv,-0.68458,0.39626,dataset/full/test.csv,Exact 15-mer match,0.8852007730548599,0.8874773019570612,0.7842231553689262,0.8009738283627511,0.6009734387655418
esmc_large,e5,s100,3,plots,plots,,250513/1_bulk,250513/1_bulk/3/plots/e5_s100/pred-esmc_large_fold3.csv,250513/1_bulk/3/plots/e5_s100/pred-esmc_large_fold3.csv,/home/hwjang/project/250513/1_bulk/3/plots/e5_s100/pred-esmc_large_fold3.csv,250513/1_bulk/3/plots/e5_s100/pred-esmc_large_fold3.csv,-0.68458,0.39626,dataset/full/test.csv,"9-mer overlap, not exact",0.8920571224234223,0.975246652148132,0.9263552676440504,0.8761822871883062,0.538668085883222
esmc_large,e5,s100,4,plots,plots,,250513/1_bulk,250513/1_bulk/3/plots/e5_s100/pred-esmc_large_fold4.csv,250513/1_bulk/3/plots/e5_s100/pred-esmc_large_fold4.csv,/home/hwjang/project/250513/1_bulk/3/plots/e5_s100/pred-esmc_large_fold4.csv,250513/1_bulk/3/plots/e5_s100/pred-esmc_large_fold4.csv,2.62808,0.40659,dataset/full/test.csv,Overall,0.9041389157899132,0.9339827059626874,0.835304686330289,0.8180013236267373,0.6375329649153053
esmc_large,e5,s100,4,plots,plots,,250513/1_bulk,250513/1_bulk/3/plots/e5_s100/pred-esmc_large_fold4.csv,250513/1_bulk/3/plots/e5_s100/pred-esmc_large_fold4.csv,/home/hwjang/project/250513/1_bulk/3/plots/e5_s100/pred-esmc_large_fold4.csv,250513/1_bulk/3/plots/e5_s100/pred-esmc_large_fold4.csv,2.62808,0.40659,dataset/full/test.csv,No 9-mer overlap,0.8458278178706529,0.9946063088075784,0.9380348489535004,0.8850420811017597,0.2238742075798231
esmc_large,e5,s100,4,plots,plots,,250513/1_bulk,250513/1_bulk/3/plots/e5_s100/pred-esmc_large_fold4.csv,250513/1_bulk/3/plots/e5_s100/pred-esmc_large_fold4.csv,/home/hwjang/project/250513/1_bulk/3/plots/e5_s100/pred-esmc_large_fold4.csv,250513/1_bulk/3/plots/e5_s100/pred-esmc_large_fold4.csv,2.62808,0.40659,dataset/full/test.csv,>=1 9-mer overlap,0.8952926452276261,0.9153206416424092,0.8125214369011959,0.8098738521472961,0.6243952351533172
esmc_large,e5,s100,4,plots,plots,,250513/1_bulk,250513/1_bulk/3/plots/e5_s100/pred-esmc_large_fold4.csv,250513/1_bulk/3/plots/e5_s100/pred-esmc_large_fold4.csv,/home/hwjang/project/250513/1_bulk/3/plots/e5_s100/pred-esmc_large_fold4.csv,250513/1_bulk/3/plots/e5_s100/pred-esmc_large_fold4.csv,2.62808,0.40659,dataset/full/test.csv,Exact 15-mer match,0.8825988544925348,0.8864268995242797,0.7774585225692835,0.8007248381563659,0.6023046228809203
esmc_large,e5,s100,4,plots,plots,,250513/1_bulk,250513/1_bulk/3/plots/e5_s100/pred-esmc_large_fold4.csv,250513/1_bulk/3/plots/e5_s100/pred-esmc_large_fold4.csv,/home/hwjang/project/250513/1_bulk/3/plots/e5_s100/pred-esmc_large_fold4.csv,250513/1_bulk/3/plots/e5_s100/pred-esmc_large_fold4.csv,2.62808,0.40659,dataset/full/test.csv,"9-mer overlap, not exact",0.898477348669646,0.9772355751433596,0.9123702269927856,0.8572656921754084,0.5335126288647664
esmc_large,e5,s128,0,plots,plots,,250513/1_bulk,250513/1_bulk/4/plots/e5_s128/pred-esmc_large_fold0.csv,250513/1_bulk/4/plots/e5_s128/pred-esmc_large_fold0.csv,/home/hwjang/project/250513/1_bulk/4/plots/e5_s128/pred-esmc_large_fold0.csv,250513/1_bulk/4/plots/e5_s128/pred-esmc_large_fold0.csv,8.40801,0.38605,dataset/full/test.csv,Overall,0.9110898084270838,0.9396079209596118,0.8432050567019892,0.8255708140304434,0.6509737207974919
esmc_large,e5,s128,0,plots,plots,,250513/1_bulk,250513/1_bulk/4/plots/e5_s128/pred-esmc_large_fold0.csv,250513/1_bulk/4/plots/e5_s128/pred-esmc_large_fold0.csv,/home/hwjang/project/250513/1_bulk/4/plots/e5_s128/pred-esmc_large_fold0.csv,250513/1_bulk/4/plots/e5_s128/pred-esmc_large_fold0.csv,8.40801,0.38605,dataset/full/test.csv,No 9-mer overlap,0.8686466023826799,0.9955109594863591,0.949176807444524,0.9049349655700076,0.2929999386977775
esmc_large,e5,s128,0,plots,plots,,250513/1_bulk,250513/1_bulk/4/plots/e5_s128/pred-esmc_large_fold0.csv,250513/1_bulk/4/plots/e5_s128/pred-esmc_large_fold0.csv,/home/hwjang/project/250513/1_bulk/4/plots/e5_s128/pred-esmc_large_fold0.csv,250513/1_bulk/4/plots/e5_s128/pred-esmc_large_fold0.csv,8.40801,0.38605,dataset/full/test.csv,>=1 9-mer overlap,0.902164420466158,0.9216248450962852,0.8196587216832155,0.8159493553473703,0.6354306223058288
esmc_large,e5,s128,0,plots,plots,,250513/1_bulk,250513/1_bulk/4/plots/e5_s128/pred-esmc_large_fold0.csv,250513/1_bulk/4/plots/e5_s128/pred-esmc_large_fold0.csv,/home/hwjang/project/250513/1_bulk/4/plots/e5_s128/pred-esmc_large_fold0.csv,250513/1_bulk/4/plots/e5_s128/pred-esmc_large_fold0.csv,8.40801,0.38605,dataset/full/test.csv,Exact 15-mer match,0.8907323988140387,0.8945401013940611,0.7870647983846295,0.8074475737287666,0.615102870643528
esmc_large,e5,s128,0,plots,plots,,250513/1_bulk,250513/1_bulk/4/plots/e5_s128/pred-esmc_large_fold0.csv,250513/1_bulk/4/plots/e5_s128/pred-esmc_large_fold0.csv,/home/hwjang/project/250513/1_bulk/4/plots/e5_s128/pred-esmc_large_fold0.csv,250513/1_bulk/4/plots/e5_s128/pred-esmc_large_fold0.csv,8.40801,0.38605,dataset/full/test.csv,"9-mer overlap, not exact",0.906276077370036,0.9795676309706762,0.9137306843267108,0.8599885353969619,0.5498857117015804
esmc_large,e5,s128,1,plots,plots,,250513/1_bulk,250513/1_bulk/4/plots/e5_s128/pred-esmc_large_fold1.csv,250513/1_bulk/4/plots/e5_s128/pred-esmc_large_fold1.csv,/home/hwjang/project/250513/1_bulk/4/plots/e5_s128/pred-esmc_large_fold1.csv,250513/1_bulk/4/plots/e5_s128/pred-esmc_large_fold1.csv,-308.73718,0.39289,dataset/full/test.csv,Overall,0.9077976221856364,0.936534217936848,0.8478444480385285,0.8248883189940437,0.6418676623306292
esmc_large,e5,s128,1,plots,plots,,250513/1_bulk,250513/1_bulk/4/plots/e5_s128/pred-esmc_large_fold1.csv,250513/1_bulk/4/plots/e5_s128/pred-esmc_large_fold1.csv,/home/hwjang/project/250513/1_bulk/4/plots/e5_s128/pred-esmc_large_fold1.csv,250513/1_bulk/4/plots/e5_s128/pred-esmc_large_fold1.csv,-308.73718,0.39289,dataset/full/test.csv,No 9-mer overlap,0.8593141626004552,0.9953273023250188,0.9603462157809984,0.924636572302984,0.2395900308508076
esmc_large,e5,s128,1,plots,plots,,250513/1_bulk,250513/1_bulk/4/plots/e5_s128/pred-esmc_large_fold1.csv,250513/1_bulk/4/plots/e5_s128/pred-esmc_large_fold1.csv,/home/hwjang/project/250513/1_bulk/4/plots/e5_s128/pred-esmc_large_fold1.csv,250513/1_bulk/4/plots/e5_s128/pred-esmc_large_fold1.csv,-308.73718,0.39289,dataset/full/test.csv,>=1 9-mer overlap,0.898158582807914,0.9173278457146402,0.8233904311872415,0.8127956590297746,0.6243448833261117
esmc_large,e5,s128,1,plots,plots,,250513/1_bulk,250513/1_bulk/4/plots/e5_s128/pred-esmc_large_fold1.csv,250513/1_bulk/4/plots/e5_s128/pred-esmc_large_fold1.csv,/home/hwjang/project/250513/1_bulk/4/plots/e5_s128/pred-esmc_large_fold1.csv,250513/1_bulk/4/plots/e5_s128/pred-esmc_large_fold1.csv,-308.73718,0.39289,dataset/full/test.csv,Exact 15-mer match,0.8855789733609765,0.8880138631269149,0.7897973527000117,0.801416477618547,0.6017055750940343
esmc_large,e5,s128,1,plots,plots,,250513/1_bulk,250513/1_bulk/4/plots/e5_s128/pred-esmc_large_fold1.csv,250513/1_bulk/4/plots/e5_s128/pred-esmc_large_fold1.csv,/home/hwjang/project/250513/1_bulk/4/plots/e5_s128/pred-esmc_large_fold1.csv,250513/1_bulk/4/plots/e5_s128/pred-esmc_large_fold1.csv,-308.73718,0.39289,dataset/full/test.csv,"9-mer overlap, not exact",0.9066631204410972,0.9793559266738155,0.9225979417106288,0.8717397535110347,0.5491011971939623
esmc_large,e5,s128,2,plots,plots,,250513/1_bulk,250513/1_bulk/4/plots/e5_s128/pred-esmc_large_fold2.csv,250513/1_bulk/4/plots/e5_s128/pred-esmc_large_fold2.csv,/home/hwjang/project/250513/1_bulk/4/plots/e5_s128/pred-esmc_large_fold2.csv,250513/1_bulk/4/plots/e5_s128/pred-esmc_large_fold2.csv,7.1798,0.38487,dataset/full/test.csv,Overall,0.909269323552362,0.9382437443764698,0.8416962575991374,0.8238955989410987,0.6475765452152419
esmc_large,e5,s128,2,plots,plots,,250513/1_bulk,250513/1_bulk/4/plots/e5_s128/pred-esmc_large_fold2.csv,250513/1_bulk/4/plots/e5_s128/pred-esmc_large_fold2.csv,/home/hwjang/project/250513/1_bulk/4/plots/e5_s128/pred-esmc_large_fold2.csv,250513/1_bulk/4/plots/e5_s128/pred-esmc_large_fold2.csv,7.1798,0.38487,dataset/full/test.csv,No 9-mer overlap,0.8641410001495405,0.995449413355973,0.9512567416302024,0.9083779648048969,0.2500910220413905
esmc_large,e5,s128,2,plots,plots,,250513/1_bulk,250513/1_bulk/4/plots/e5_s128/pred-esmc_large_fold2.csv,250513/1_bulk/4/plots/e5_s128/pred-esmc_large_fold2.csv,/home/hwjang/project/250513/1_bulk/4/plots/e5_s128/pred-esmc_large_fold2.csv,250513/1_bulk/4/plots/e5_s128/pred-esmc_large_fold2.csv,7.1798,0.38487,dataset/full/test.csv,>=1 9-mer overlap,0.8996025230841764,0.9194653794117668,0.8172057686183523,0.8136536499397088,0.6310221442785552
esmc_large,e5,s128,2,plots,plots,,250513/1_bulk,250513/1_bulk/4/plots/e5_s128/pred-esmc_large_fold2.csv,250513/1_bulk/4/plots/e5_s128/pred-esmc_large_fold2.csv,/home/hwjang/project/250513/1_bulk/4/plots/e5_s128/pred-esmc_large_fold2.csv,250513/1_bulk/4/plots/e5_s128/pred-esmc_large_fold2.csv,7.1798,0.38487,dataset/full/test.csv,Exact 15-mer match,0.8867380551702131,0.8905819730100317,0.7823208484031141,0.8035190615835777,0.6072930595647645
esmc_large,e5,s128,2,plots,plots,,250513/1_bulk,250513/1_bulk/4/plots/e5_s128/pred-esmc_large_fold2.csv,250513/1_bulk/4/plots/e5_s128/pred-esmc_large_fold2.csv,/home/hwjang/project/250513/1_bulk/4/plots/e5_s128/pred-esmc_large_fold2.csv,250513/1_bulk/4/plots/e5_s128/pred-esmc_large_fold2.csv,7.1798,0.38487,dataset/full/test.csv,"9-mer overlap, not exact",0.9110348450047184,0.9804120866433224,0.917607621736062,0.8661507595299512,0.5682719946165588
esmc_large,e5,s128,3,plots,plots,,250513/1_bulk,250513/1_bulk/4/plots/e5_s128/pred-esmc_large_fold3.csv,250513/1_bulk/4/plots/e5_s128/pred-esmc_large_fold3.csv,/home/hwjang/project/250513/1_bulk/4/plots/e5_s128/pred-esmc_large_fold3.csv,250513/1_bulk/4/plots/e5_s128/pred-esmc_large_fold3.csv,-0.69858,0.40913,dataset/full/test.csv,Overall,0.9076738936330784,0.936395393950986,0.8455163389189778,0.824205823957644,0.642652446455324
esmc_large,e5,s128,3,plots,plots,,250513/1_bulk,250513/1_bulk/4/plots/e5_s128/pred-esmc_large_fold3.csv,250513/1_bulk/4/plots/e5_s128/pred-esmc_large_fold3.csv,/home/hwjang/project/250513/1_bulk/4/plots/e5_s128/pred-esmc_large_fold3.csv,250513/1_bulk/4/plots/e5_s128/pred-esmc_large_fold3.csv,-0.69858,0.40913,dataset/full/test.csv,No 9-mer overlap,0.87853566542788,0.9958835815553774,0.957481271512452,0.919663351185922,0.2858227741026926
esmc_large,e5,s128,3,plots,plots,,250513/1_bulk,250513/1_bulk/4/plots/e5_s128/pred-esmc_large_fold3.csv,250513/1_bulk/4/plots/e5_s128/pred-esmc_large_fold3.csv,/home/hwjang/project/250513/1_bulk/4/plots/e5_s128/pred-esmc_large_fold3.csv,250513/1_bulk/4/plots/e5_s128/pred-esmc_large_fold3.csv,-0.69858,0.40913,dataset/full/test.csv,>=1 9-mer overlap,0.897421093005929,0.9167772306375044,0.8210171894382421,0.8126333364251924,0.625175543904926
esmc_large,e5,s128,3,plots,plots,,250513/1_bulk,250513/1_bulk/4/plots/e5_s128/pred-esmc_large_fold3.csv,250513/1_bulk/4/plots/e5_s128/pred-esmc_large_fold3.csv,/home/hwjang/project/250513/1_bulk/4/plots/e5_s128/pred-esmc_large_fold3.csv,250513/1_bulk/4/plots/e5_s128/pred-esmc_large_fold3.csv,-0.69858,0.40913,dataset/full/test.csv,Exact 15-mer match,0.8848078452436279,0.8880670733063174,0.7862856463171667,0.8011674874121618,0.6011667572600036
esmc_large,e5,s128,3,plots,plots,,250513/1_bulk,250513/1_bulk/4/plots/e5_s128/pred-esmc_large_fold3.csv,250513/1_bulk/4/plots/e5_s128/pred-esmc_large_fold3.csv,/home/hwjang/project/250513/1_bulk/4/plots/e5_s128/pred-esmc_large_fold3.csv,250513/1_bulk/4/plots/e5_s128/pred-esmc_large_fold3.csv,-0.69858,0.40913,dataset/full/test.csv,"9-mer overlap, not exact",0.8995023413991418,0.9768297189014038,0.9224489795918368,0.8720263685869877,0.5579360471235653
esmc_large,e5,s128,4,plots,plots,,250513/1_bulk,250513/1_bulk/4/plots/e5_s128/pred-esmc_large_fold4.csv,250513/1_bulk/4/plots/e5_s128/pred-esmc_large_fold4.csv,/home/hwjang/project/250513/1_bulk/4/plots/e5_s128/pred-esmc_large_fold4.csv,250513/1_bulk/4/plots/e5_s128/pred-esmc_large_fold4.csv,4.74795,0.39596,dataset/full/test.csv,Overall,0.9061635588400168,0.9350730834682492,0.8421806693361743,0.8223031105228326,0.6411866168910043
esmc_large,e5,s128,4,plots,plots,,250513/1_bulk,250513/1_bulk/4/plots/e5_s128/pred-esmc_large_fold4.csv,250513/1_bulk/4/plots/e5_s128/pred-esmc_large_fold4.csv,/home/hwjang/project/250513/1_bulk/4/plots/e5_s128/pred-esmc_large_fold4.csv,250513/1_bulk/4/plots/e5_s128/pred-esmc_large_fold4.csv,4.74795,0.39596,dataset/full/test.csv,No 9-mer overlap,0.8481941590557898,0.9945235850126134,0.9503314635390108,0.9068477429227236,0.2706097243668348
esmc_large,e5,s128,4,plots,plots,,250513/1_bulk,250513/1_bulk/4/plots/e5_s128/pred-esmc_large_fold4.csv,250513/1_bulk/4/plots/e5_s128/pred-esmc_large_fold4.csv,/home/hwjang/project/250513/1_bulk/4/plots/e5_s128/pred-esmc_large_fold4.csv,250513/1_bulk/4/plots/e5_s128/pred-esmc_large_fold4.csv,4.74795,0.39596,dataset/full/test.csv,>=1 9-mer overlap,0.8971771304593165,0.916427917768359,0.8184241772520555,0.8120536128373991,0.6254126778502176
esmc_large,e5,s128,4,plots,plots,,250513/1_bulk,250513/1_bulk/4/plots/e5_s128/pred-esmc_large_fold4.csv,250513/1_bulk/4/plots/e5_s128/pred-esmc_large_fold4.csv,/home/hwjang/project/250513/1_bulk/4/plots/e5_s128/pred-esmc_large_fold4.csv,250513/1_bulk/4/plots/e5_s128/pred-esmc_large_fold4.csv,4.74795,0.39596,dataset/full/test.csv,Exact 15-mer match,0.8851863861587805,0.8880185675306833,0.7851214818378639,0.8023017761301389,0.6037358339447529
esmc_large,e5,s128,4,plots,plots,,250513/1_bulk,250513/1_bulk/4/plots/e5_s128/pred-esmc_large_fold4.csv,250513/1_bulk/4/plots/e5_s128/pred-esmc_large_fold4.csv,/home/hwjang/project/250513/1_bulk/4/plots/e5_s128/pred-esmc_large_fold4.csv,250513/1_bulk/4/plots/e5_s128/pred-esmc_large_fold4.csv,4.74795,0.39596,dataset/full/test.csv,"9-mer overlap, not exact",0.9036220465430976,0.9786333015951396,0.915736754239522,0.8625680710805388,0.548521591545646
esmc_large,e5,s42,0,plots,plots,,250513/1_bulk,250513/1_bulk/2/plots/e5_s42/pred-esmc_large_fold0.csv,250513/1_bulk/2/plots/e5_s42/pred-esmc_large_fold0.csv,/home/hwjang/project/250513/1_bulk/2/plots/e5_s42/pred-esmc_large_fold0.csv,250513/1_bulk/2/plots/e5_s42/pred-esmc_large_fold0.csv,-1.00539,0.3806,dataset/full/test.csv,Overall,0.9139764491469664,0.9412508714989174,0.8488079263248838,0.8298932825943084,0.65681604938847
esmc_large,e5,s42,0,plots,plots,,250513/1_bulk,250513/1_bulk/2/plots/e5_s42/pred-esmc_large_fold0.csv,250513/1_bulk/2/plots/e5_s42/pred-esmc_large_fold0.csv,/home/hwjang/project/250513/1_bulk/2/plots/e5_s42/pred-esmc_large_fold0.csv,250513/1_bulk/2/plots/e5_s42/pred-esmc_large_fold0.csv,-1.00539,0.3806,dataset/full/test.csv,No 9-mer overlap,0.8670155023732644,0.995331915091059,0.9601533340058508,0.9244452945677124,0.2790478117548915
esmc_large,e5,s42,0,plots,plots,,250513/1_bulk,250513/1_bulk/2/plots/e5_s42/pred-esmc_large_fold0.csv,250513/1_bulk/2/plots/e5_s42/pred-esmc_large_fold0.csv,/home/hwjang/project/250513/1_bulk/2/plots/e5_s42/pred-esmc_large_fold0.csv,250513/1_bulk/2/plots/e5_s42/pred-esmc_large_fold0.csv,-1.00539,0.3806,dataset/full/test.csv,>=1 9-mer overlap,0.9038671655072424,0.9227387528033856,0.8239974824671822,0.8184305723031259,0.6386733259719881
esmc_large,e5,s42,0,plots,plots,,250513/1_bulk,250513/1_bulk/2/plots/e5_s42/pred-esmc_large_fold0.csv,250513/1_bulk/2/plots/e5_s42/pred-esmc_large_fold0.csv,/home/hwjang/project/250513/1_bulk/2/plots/e5_s42/pred-esmc_large_fold0.csv,250513/1_bulk/2/plots/e5_s42/pred-esmc_large_fold0.csv,-1.00539,0.3806,dataset/full/test.csv,Exact 15-mer match,0.8913658272901133,0.8943651034936508,0.7893509404246297,0.8075859016212029,0.614724463696272
esmc_large,e5,s42,0,plots,plots,,250513/1_bulk,250513/1_bulk/2/plots/e5_s42/pred-esmc_large_fold0.csv,250513/1_bulk/2/plots/e5_s42/pred-esmc_large_fold0.csv,/home/hwjang/project/250513/1_bulk/2/plots/e5_s42/pred-esmc_large_fold0.csv,250513/1_bulk/2/plots/e5_s42/pred-esmc_large_fold0.csv,-1.00539,0.3806,dataset/full/test.csv,"9-mer overlap, not exact",0.9168203859005633,0.981962926673002,0.9237206869496992,0.8746059042705646,0.5740010573748914
esmc_large,e5,s42,1,plots,plots,,250513/1_bulk,250513/1_bulk/2/plots/e5_s42/pred-esmc_large_fold1.csv,250513/1_bulk/2/plots/e5_s42/pred-esmc_large_fold1.csv,/home/hwjang/project/250513/1_bulk/2/plots/e5_s42/pred-esmc_large_fold1.csv,250513/1_bulk/2/plots/e5_s42/pred-esmc_large_fold1.csv,-0.91731,0.39955,dataset/full/test.csv,Overall,0.9089914488414546,0.9377997181477836,0.8505493331433964,0.8264187624090007,0.6435484852562531
esmc_large,e5,s42,1,plots,plots,,250513/1_bulk,250513/1_bulk/2/plots/e5_s42/pred-esmc_large_fold1.csv,250513/1_bulk/2/plots/e5_s42/pred-esmc_large_fold1.csv,/home/hwjang/project/250513/1_bulk/2/plots/e5_s42/pred-esmc_large_fold1.csv,250513/1_bulk/2/plots/e5_s42/pred-esmc_large_fold1.csv,-0.91731,0.39955,dataset/full/test.csv,No 9-mer overlap,0.8684569073900739,0.9955691582191396,0.9618903971845147,0.9275057383320582,0.2571754720887452
esmc_large,e5,s42,1,plots,plots,,250513/1_bulk,250513/1_bulk/2/plots/e5_s42/pred-esmc_large_fold1.csv,250513/1_bulk/2/plots/e5_s42/pred-esmc_large_fold1.csv,/home/hwjang/project/250513/1_bulk/2/plots/e5_s42/pred-esmc_large_fold1.csv,250513/1_bulk/2/plots/e5_s42/pred-esmc_large_fold1.csv,-0.91731,0.39955,dataset/full/test.csv,>=1 9-mer overlap,0.8990148168383081,0.9187224133303312,0.8265893452200632,0.8141638066969669,0.6264309766613334
esmc_large,e5,s42,1,plots,plots,,250513/1_bulk,250513/1_bulk/2/plots/e5_s42/pred-esmc_large_fold1.csv,250513/1_bulk/2/plots/e5_s42/pred-esmc_large_fold1.csv,/home/hwjang/project/250513/1_bulk/2/plots/e5_s42/pred-esmc_large_fold1.csv,250513/1_bulk/2/plots/e5_s42/pred-esmc_large_fold1.csv,-0.91731,0.39955,dataset/full/test.csv,Exact 15-mer match,0.8855274616142592,0.8889971408902194,0.7924332129963899,0.8011674874121618,0.6016822837868543
esmc_large,e5,s42,1,plots,plots,,250513/1_bulk,250513/1_bulk/2/plots/e5_s42/pred-esmc_large_fold1.csv,250513/1_bulk/2/plots/e5_s42/pred-esmc_large_fold1.csv,/home/hwjang/project/250513/1_bulk/2/plots/e5_s42/pred-esmc_large_fold1.csv,250513/1_bulk/2/plots/e5_s42/pred-esmc_large_fold1.csv,-0.91731,0.39955,dataset/full/test.csv,"9-mer overlap, not exact",0.9180967303503492,0.9822180403295931,0.9286392268530504,0.8814846660934366,0.5794867722806004
esmc_large,e5,s42,2,plots,plots,,250513/1_bulk,250513/1_bulk/2/plots/e5_s42/pred-esmc_large_fold2.csv,250513/1_bulk/2/plots/e5_s42/pred-esmc_large_fold2.csv,/home/hwjang/project/250513/1_bulk/2/plots/e5_s42/pred-esmc_large_fold2.csv,250513/1_bulk/2/plots/e5_s42/pred-esmc_large_fold2.csv,-0.17568,0.39282,dataset/full/test.csv,Overall,0.9101714846242576,0.939184895508244,0.8510753074875926,0.8287144275314361,0.6498083019429084
esmc_large,e5,s42,2,plots,plots,,250513/1_bulk,250513/1_bulk/2/plots/e5_s42/pred-esmc_large_fold2.csv,250513/1_bulk/2/plots/e5_s42/pred-esmc_large_fold2.csv,/home/hwjang/project/250513/1_bulk/2/plots/e5_s42/pred-esmc_large_fold2.csv,250513/1_bulk/2/plots/e5_s42/pred-esmc_large_fold2.csv,-0.17568,0.39282,dataset/full/test.csv,No 9-mer overlap,0.8829443432122424,0.9959833124808568,0.9675935187037408,0.9380260137719968,0.2884494069585078
esmc_large,e5,s42,2,plots,plots,,250513/1_bulk,250513/1_bulk/2/plots/e5_s42/pred-esmc_large_fold2.csv,250513/1_bulk/2/plots/e5_s42/pred-esmc_large_fold2.csv,/home/hwjang/project/250513/1_bulk/2/plots/e5_s42/pred-esmc_large_fold2.csv,250513/1_bulk/2/plots/e5_s42/pred-esmc_large_fold2.csv,-0.17568,0.39282,dataset/full/test.csv,>=1 9-mer overlap,0.8988273048540298,0.9192415518456322,0.825536019643092,0.815462387533624,0.6298639767859348
esmc_large,e5,s42,2,plots,plots,,250513/1_bulk,250513/1_bulk/2/plots/e5_s42/pred-esmc_large_fold2.csv,250513/1_bulk/2/plots/e5_s42/pred-esmc_large_fold2.csv,/home/hwjang/project/250513/1_bulk/2/plots/e5_s42/pred-esmc_large_fold2.csv,250513/1_bulk/2/plots/e5_s42/pred-esmc_large_fold2.csv,-0.17568,0.39282,dataset/full/test.csv,Exact 15-mer match,0.8838656285938377,0.888116384639053,0.7890996652375639,0.801305815304598,0.6014393940485651
esmc_large,e5,s42,2,plots,plots,,250513/1_bulk,250513/1_bulk/2/plots/e5_s42/pred-esmc_large_fold2.csv,250513/1_bulk/2/plots/e5_s42/pred-esmc_large_fold2.csv,/home/hwjang/project/250513/1_bulk/2/plots/e5_s42/pred-esmc_large_fold2.csv,250513/1_bulk/2/plots/e5_s42/pred-esmc_large_fold2.csv,-0.17568,0.39282,dataset/full/test.csv,"9-mer overlap, not exact",0.923350189033112,0.9832532645654978,0.9328719723183392,0.8887933505302379,0.6095843896907048
esmc_large,e5,s42,3,plots,plots,,250513/1_bulk,250513/1_bulk/2/plots/e5_s42/pred-esmc_large_fold3.csv,250513/1_bulk/2/plots/e5_s42/pred-esmc_large_fold3.csv,/home/hwjang/project/250513/1_bulk/2/plots/e5_s42/pred-esmc_large_fold3.csv,250513/1_bulk/2/plots/e5_s42/pred-esmc_large_fold3.csv,-0.68527,0.40465,dataset/full/test.csv,Overall,0.907140527027532,0.936170662116964,0.8457126314075307,0.8236474189278623,0.6406055556095837
esmc_large,e5,s42,3,plots,plots,,250513/1_bulk,250513/1_bulk/2/plots/e5_s42/pred-esmc_large_fold3.csv,250513/1_bulk/2/plots/e5_s42/pred-esmc_large_fold3.csv,/home/hwjang/project/250513/1_bulk/2/plots/e5_s42/pred-esmc_large_fold3.csv,250513/1_bulk/2/plots/e5_s42/pred-esmc_large_fold3.csv,-0.68527,0.40465,dataset/full/test.csv,No 9-mer overlap,0.8926894042192598,0.9964172180259012,0.9609130390869608,0.9259755164498852,0.3175089616103297
esmc_large,e5,s42,3,plots,plots,,250513/1_bulk,250513/1_bulk/2/plots/e5_s42/pred-esmc_large_fold3.csv,250513/1_bulk/2/plots/e5_s42/pred-esmc_large_fold3.csv,/home/hwjang/project/250513/1_bulk/2/plots/e5_s42/pred-esmc_large_fold3.csv,250513/1_bulk/2/plots/e5_s42/pred-esmc_large_fold3.csv,-0.68527,0.40465,dataset/full/test.csv,>=1 9-mer overlap,0.8967820737639769,0.9162771315726644,0.8205704712780496,0.8112419998144884,0.621880472359727
esmc_large,e5,s42,3,plots,plots,,250513/1_bulk,250513/1_bulk/2/plots/e5_s42/pred-esmc_large_fold3.csv,250513/1_bulk/2/plots/e5_s42/pred-esmc_large_fold3.csv,/home/hwjang/project/250513/1_bulk/2/plots/e5_s42/pred-esmc_large_fold3.csv,250513/1_bulk/2/plots/e5_s42/pred-esmc_large_fold3.csv,-0.68527,0.40465,dataset/full/test.csv,Exact 15-mer match,0.8842365042714075,0.8863238189192509,0.7879286532867091,0.8003375200575444,0.5994876143099489
esmc_large,e5,s42,3,plots,plots,,250513/1_bulk,250513/1_bulk/2/plots/e5_s42/pred-esmc_large_fold3.csv,250513/1_bulk/2/plots/e5_s42/pred-esmc_large_fold3.csv,/home/hwjang/project/250513/1_bulk/2/plots/e5_s42/pred-esmc_large_fold3.csv,250513/1_bulk/2/plots/e5_s42/pred-esmc_large_fold3.csv,-0.68527,0.40465,dataset/full/test.csv,"9-mer overlap, not exact",0.9190962021259548,0.982552661668872,0.9185707984119984,0.8677271424476928,0.5736498998979432
esmc_large,e5,s42,4,plots,plots,,250513/1_bulk,250513/1_bulk/2/plots/e5_s42/pred-esmc_large_fold4.csv,250513/1_bulk/2/plots/e5_s42/pred-esmc_large_fold4.csv,/home/hwjang/project/250513/1_bulk/2/plots/e5_s42/pred-esmc_large_fold4.csv,250513/1_bulk/2/plots/e5_s42/pred-esmc_large_fold4.csv,-0.73549,0.38693,dataset/full/test.csv,Overall,0.9112933242059718,0.9395610918890978,0.8531490719359786,0.8277010258107214,0.6449198795925877
esmc_large,e5,s42,4,plots,plots,,250513/1_bulk,250513/1_bulk/2/plots/e5_s42/pred-esmc_large_fold4.csv,250513/1_bulk/2/plots/e5_s42/pred-esmc_large_fold4.csv,/home/hwjang/project/250513/1_bulk/2/plots/e5_s42/pred-esmc_large_fold4.csv,250513/1_bulk/2/plots/e5_s42/pred-esmc_large_fold4.csv,-0.73549,0.38693,dataset/full/test.csv,No 9-mer overlap,0.8804810775783288,0.9959042917923416,0.966436228834786,0.9359219586840092,0.2937080275669524
esmc_large,e5,s42,4,plots,plots,,250513/1_bulk,250513/1_bulk/2/plots/e5_s42/pred-esmc_large_fold4.csv,250513/1_bulk/2/plots/e5_s42/pred-esmc_large_fold4.csv,/home/hwjang/project/250513/1_bulk/2/plots/e5_s42/pred-esmc_large_fold4.csv,250513/1_bulk/2/plots/e5_s42/pred-esmc_large_fold4.csv,-0.73549,0.38693,dataset/full/test.csv,>=1 9-mer overlap,0.901138518175278,0.92059656809066,0.8289625668449198,0.814581207680178,0.6269461714651878
esmc_large,e5,s42,4,plots,plots,,250513/1_bulk,250513/1_bulk/2/plots/e5_s42/pred-esmc_large_fold4.csv,250513/1_bulk/2/plots/e5_s42/pred-esmc_large_fold4.csv,/home/hwjang/project/250513/1_bulk/2/plots/e5_s42/pred-esmc_large_fold4.csv,250513/1_bulk/2/plots/e5_s42/pred-esmc_large_fold4.csv,-0.73549,0.38693,dataset/full/test.csv,Exact 15-mer match,0.8874661560812431,0.8911881930158299,0.7936997970442786,0.8003375200575444,0.6006530135906717
esmc_large,e5,s42,4,plots,plots,,250513/1_bulk,250513/1_bulk/2/plots/e5_s42/pred-esmc_large_fold4.csv,250513/1_bulk/2/plots/e5_s42/pred-esmc_large_fold4.csv,/home/hwjang/project/250513/1_bulk/2/plots/e5_s42/pred-esmc_large_fold4.csv,250513/1_bulk/2/plots/e5_s42/pred-esmc_large_fold4.csv,-0.73549,0.38693,dataset/full/test.csv,"9-mer overlap, not exact",0.9117656048762828,0.9805439585980684,0.9337979094076656,0.8883634279163084,0.5795637561877626
esmc_medium,e5,s100,0,plots,plots,,250513/1_bulk,250513/1_bulk/2/plots/e5_s100/pred-esmc_medium_fold0.csv,250513/1_bulk/2/plots/e5_s100/pred-esmc_medium_fold0.csv,/home/hwjang/project/250513/1_bulk/2/plots/e5_s100/pred-esmc_medium_fold0.csv,250513/1_bulk/2/plots/e5_s100/pred-esmc_medium_fold0.csv,-0.60212,0.3603,dataset/full/test.csv,Overall,0.9217468235272944,0.9468357672294312,0.8583141359357144,0.8384554930509597,0.6713349892102393
esmc_medium,e5,s100,0,plots,plots,,250513/1_bulk,250513/1_bulk/2/plots/e5_s100/pred-esmc_medium_fold0.csv,250513/1_bulk/2/plots/e5_s100/pred-esmc_medium_fold0.csv,/home/hwjang/project/250513/1_bulk/2/plots/e5_s100/pred-esmc_medium_fold0.csv,250513/1_bulk/2/plots/e5_s100/pred-esmc_medium_fold0.csv,-0.60212,0.3603,dataset/full/test.csv,No 9-mer overlap,0.886718858174608,0.9962745468148462,0.96162755564508,0.927123182861515,0.2817690390373302
esmc_medium,e5,s100,0,plots,plots,,250513/1_bulk,250513/1_bulk/2/plots/e5_s100/pred-esmc_medium_fold0.csv,250513/1_bulk/2/plots/e5_s100/pred-esmc_medium_fold0.csv,/home/hwjang/project/250513/1_bulk/2/plots/e5_s100/pred-esmc_medium_fold0.csv,250513/1_bulk/2/plots/e5_s100/pred-esmc_medium_fold0.csv,-0.60212,0.3603,dataset/full/test.csv,>=1 9-mer overlap,0.9131620633334748,0.9301331265253068,0.8356194690265487,0.8277061497078193,0.65526984596462
esmc_medium,e5,s100,0,plots,plots,,250513/1_bulk,250513/1_bulk/2/plots/e5_s100/pred-esmc_medium_fold0.csv,250513/1_bulk/2/plots/e5_s100/pred-esmc_medium_fold0.csv,/home/hwjang/project/250513/1_bulk/2/plots/e5_s100/pred-esmc_medium_fold0.csv,250513/1_bulk/2/plots/e5_s100/pred-esmc_medium_fold0.csv,-0.60212,0.3603,dataset/full/test.csv,Exact 15-mer match,0.9006228137483541,0.9031279495758866,0.8017587118623927,0.8153875947546063,0.6297426317022136
esmc_medium,e5,s100,0,plots,plots,,250513/1_bulk,250513/1_bulk/2/plots/e5_s100/pred-esmc_medium_fold0.csv,250513/1_bulk/2/plots/e5_s100/pred-esmc_medium_fold0.csv,/home/hwjang/project/250513/1_bulk/2/plots/e5_s100/pred-esmc_medium_fold0.csv,250513/1_bulk/2/plots/e5_s100/pred-esmc_medium_fold0.csv,-0.60212,0.3603,dataset/full/test.csv,"9-mer overlap, not exact",0.9319365062407634,0.9852980973416592,0.9343963948349076,0.8915161937517914,0.6221312026492768
esmc_medium,e5,s100,1,plots,plots,,250513/1_bulk,250513/1_bulk/2/plots/e5_s100/pred-esmc_medium_fold1.csv,250513/1_bulk/2/plots/e5_s100/pred-esmc_medium_fold1.csv,/home/hwjang/project/250513/1_bulk/2/plots/e5_s100/pred-esmc_medium_fold1.csv,250513/1_bulk/2/plots/e5_s100/pred-esmc_medium_fold1.csv,-0.44606,0.38209,dataset/full/test.csv,Overall,0.91901526312099,0.9444441375370596,0.8601825842696629,0.8352911978821972,0.660201121929179
esmc_medium,e5,s100,1,plots,plots,,250513/1_bulk,250513/1_bulk/2/plots/e5_s100/pred-esmc_medium_fold1.csv,250513/1_bulk/2/plots/e5_s100/pred-esmc_medium_fold1.csv,/home/hwjang/project/250513/1_bulk/2/plots/e5_s100/pred-esmc_medium_fold1.csv,250513/1_bulk/2/plots/e5_s100/pred-esmc_medium_fold1.csv,-0.44606,0.38209,dataset/full/test.csv,No 9-mer overlap,0.8746462257619647,0.9957041298986212,0.9686876745113682,0.9399387911247132,0.2547503613767407
esmc_medium,e5,s100,1,plots,plots,,250513/1_bulk,250513/1_bulk/2/plots/e5_s100/pred-esmc_medium_fold1.csv,250513/1_bulk/2/plots/e5_s100/pred-esmc_medium_fold1.csv,/home/hwjang/project/250513/1_bulk/2/plots/e5_s100/pred-esmc_medium_fold1.csv,250513/1_bulk/2/plots/e5_s100/pred-esmc_medium_fold1.csv,-0.44606,0.38209,dataset/full/test.csv,>=1 9-mer overlap,0.909802039902283,0.9266824270755404,0.8369982101764255,0.8226045821352379,0.6431053459303488
esmc_medium,e5,s100,1,plots,plots,,250513/1_bulk,250513/1_bulk/2/plots/e5_s100/pred-esmc_medium_fold1.csv,250513/1_bulk/2/plots/e5_s100/pred-esmc_medium_fold1.csv,/home/hwjang/project/250513/1_bulk/2/plots/e5_s100/pred-esmc_medium_fold1.csv,250513/1_bulk/2/plots/e5_s100/pred-esmc_medium_fold1.csv,-0.44606,0.38209,dataset/full/test.csv,Exact 15-mer match,0.8965891895976048,0.898014483787507,0.8032535123144303,0.808609528025231,0.6176214021776688
esmc_medium,e5,s100,1,plots,plots,,250513/1_bulk,250513/1_bulk/2/plots/e5_s100/pred-esmc_medium_fold1.csv,250513/1_bulk/2/plots/e5_s100/pred-esmc_medium_fold1.csv,/home/hwjang/project/250513/1_bulk/2/plots/e5_s100/pred-esmc_medium_fold1.csv,250513/1_bulk/2/plots/e5_s100/pred-esmc_medium_fold1.csv,-0.44606,0.38209,dataset/full/test.csv,"9-mer overlap, not exact",0.9284043765468368,0.9842962020260692,0.9378079864061172,0.8950988822012038,0.6047137233326645
esmc_medium,e5,s100,2,plots,plots,,250513/1_bulk,250513/1_bulk/2/plots/e5_s100/pred-esmc_medium_fold2.csv,250513/1_bulk/2/plots/e5_s100/pred-esmc_medium_fold2.csv,/home/hwjang/project/250513/1_bulk/2/plots/e5_s100/pred-esmc_medium_fold2.csv,250513/1_bulk/2/plots/e5_s100/pred-esmc_medium_fold2.csv,-0.28874,0.36529,dataset/full/test.csv,Overall,0.921432827854586,0.946204757698354,0.8628964649993014,0.8376489080079418,0.6646979385154752
esmc_medium,e5,s100,2,plots,plots,,250513/1_bulk,250513/1_bulk/2/plots/e5_s100/pred-esmc_medium_fold2.csv,250513/1_bulk/2/plots/e5_s100/pred-esmc_medium_fold2.csv,/home/hwjang/project/250513/1_bulk/2/plots/e5_s100/pred-esmc_medium_fold2.csv,250513/1_bulk/2/plots/e5_s100/pred-esmc_medium_fold2.csv,-0.28874,0.36529,dataset/full/test.csv,No 9-mer overlap,0.8769613354527479,0.9958336404957436,0.9664,0.9357306809487376,0.2549095089316359
esmc_medium,e5,s100,2,plots,plots,,250513/1_bulk,250513/1_bulk/2/plots/e5_s100/pred-esmc_medium_fold2.csv,250513/1_bulk/2/plots/e5_s100/pred-esmc_medium_fold2.csv,/home/hwjang/project/250513/1_bulk/2/plots/e5_s100/pred-esmc_medium_fold2.csv,250513/1_bulk/2/plots/e5_s100/pred-esmc_medium_fold2.csv,-0.28874,0.36529,dataset/full/test.csv,>=1 9-mer overlap,0.9133209032682064,0.9298628635862566,0.8409937362451329,0.8257582784528337,0.6495817814745335
esmc_medium,e5,s100,2,plots,plots,,250513/1_bulk,250513/1_bulk/2/plots/e5_s100/pred-esmc_medium_fold2.csv,250513/1_bulk/2/plots/e5_s100/pred-esmc_medium_fold2.csv,/home/hwjang/project/250513/1_bulk/2/plots/e5_s100/pred-esmc_medium_fold2.csv,250513/1_bulk/2/plots/e5_s100/pred-esmc_medium_fold2.csv,-0.28874,0.36529,dataset/full/test.csv,Exact 15-mer match,0.9013759478892478,0.9033065901041364,0.8091134392249634,0.8124827090134454,0.6263282642586193
esmc_medium,e5,s100,2,plots,plots,,250513/1_bulk,250513/1_bulk/2/plots/e5_s100/pred-esmc_medium_fold2.csv,250513/1_bulk/2/plots/e5_s100/pred-esmc_medium_fold2.csv,/home/hwjang/project/250513/1_bulk/2/plots/e5_s100/pred-esmc_medium_fold2.csv,250513/1_bulk/2/plots/e5_s100/pred-esmc_medium_fold2.csv,-0.28874,0.36529,dataset/full/test.csv,"9-mer overlap, not exact",0.9271376766435792,0.9841213373339284,0.937351038474634,0.8945256520492978,0.6052173299555205
esmc_medium,e5,s100,3,plots,plots,,250513/1_bulk,250513/1_bulk/2/plots/e5_s100/pred-esmc_medium_fold3.csv,250513/1_bulk/2/plots/e5_s100/pred-esmc_medium_fold3.csv,/home/hwjang/project/250513/1_bulk/2/plots/e5_s100/pred-esmc_medium_fold3.csv,250513/1_bulk/2/plots/e5_s100/pred-esmc_medium_fold3.csv,-2.90871,0.36771,dataset/full/test.csv,Overall,0.9183745714826524,0.9444315640724402,0.8506309411306909,0.8332850761085374,0.6657513682280857
esmc_medium,e5,s100,3,plots,plots,,250513/1_bulk,250513/1_bulk/2/plots/e5_s100/pred-esmc_medium_fold3.csv,250513/1_bulk/2/plots/e5_s100/pred-esmc_medium_fold3.csv,/home/hwjang/project/250513/1_bulk/2/plots/e5_s100/pred-esmc_medium_fold3.csv,250513/1_bulk/2/plots/e5_s100/pred-esmc_medium_fold3.csv,-2.90871,0.36771,dataset/full/test.csv,No 9-mer overlap,0.8731605124257144,0.9958748601856904,0.9521681730476288,0.9099081866870696,0.2323402632287275
esmc_medium,e5,s100,3,plots,plots,,250513/1_bulk,250513/1_bulk/2/plots/e5_s100/pred-esmc_medium_fold3.csv,250513/1_bulk/2/plots/e5_s100/pred-esmc_medium_fold3.csv,/home/hwjang/project/250513/1_bulk/2/plots/e5_s100/pred-esmc_medium_fold3.csv,250513/1_bulk/2/plots/e5_s100/pred-esmc_medium_fold3.csv,-2.90871,0.36771,dataset/full/test.csv,>=1 9-mer overlap,0.90995991931201,0.9273803241129096,0.8279691749773346,0.8239959187459419,0.6511418288928371
esmc_medium,e5,s100,3,plots,plots,,250513/1_bulk,250513/1_bulk/2/plots/e5_s100/pred-esmc_medium_fold3.csv,250513/1_bulk/2/plots/e5_s100/pred-esmc_medium_fold3.csv,/home/hwjang/project/250513/1_bulk/2/plots/e5_s100/pred-esmc_medium_fold3.csv,250513/1_bulk/2/plots/e5_s100/pred-esmc_medium_fold3.csv,-2.90871,0.36771,dataset/full/test.csv,Exact 15-mer match,0.897225410454064,0.8996052607330967,0.790889250914456,0.8117910695512643,0.624279991074752
esmc_medium,e5,s100,3,plots,plots,,250513/1_bulk,250513/1_bulk/2/plots/e5_s100/pred-esmc_medium_fold3.csv,250513/1_bulk/2/plots/e5_s100/pred-esmc_medium_fold3.csv,/home/hwjang/project/250513/1_bulk/2/plots/e5_s100/pred-esmc_medium_fold3.csv,250513/1_bulk/2/plots/e5_s100/pred-esmc_medium_fold3.csv,-2.90871,0.36771,dataset/full/test.csv,"9-mer overlap, not exact",0.9192767777124916,0.9823651434661792,0.9320790541123674,0.8872169676124965,0.600130188497161
esmc_medium,e5,s100,4,plots,plots,,250513/1_bulk,250513/1_bulk/2/plots/e5_s100/pred-esmc_medium_fold4.csv,250513/1_bulk/2/plots/e5_s100/pred-esmc_medium_fold4.csv,/home/hwjang/project/250513/1_bulk/2/plots/e5_s100/pred-esmc_medium_fold4.csv,250513/1_bulk/2/plots/e5_s100/pred-esmc_medium_fold4.csv,-1.4456,0.36537,dataset/full/test.csv,Overall,0.9194353939429708,0.944517665851889,0.8579344814472755,0.8377523163467903,0.6695751501021207
esmc_medium,e5,s100,4,plots,plots,,250513/1_bulk,250513/1_bulk/2/plots/e5_s100/pred-esmc_medium_fold4.csv,250513/1_bulk/2/plots/e5_s100/pred-esmc_medium_fold4.csv,/home/hwjang/project/250513/1_bulk/2/plots/e5_s100/pred-esmc_medium_fold4.csv,250513/1_bulk/2/plots/e5_s100/pred-esmc_medium_fold4.csv,-1.4456,0.36537,dataset/full/test.csv,No 9-mer overlap,0.879776298372223,0.996026684940996,0.9615771474552404,0.9269319051262432,0.2558425187694796
esmc_medium,e5,s100,4,plots,plots,,250513/1_bulk,250513/1_bulk/2/plots/e5_s100/pred-esmc_medium_fold4.csv,250513/1_bulk/2/plots/e5_s100/pred-esmc_medium_fold4.csv,/home/hwjang/project/250513/1_bulk/2/plots/e5_s100/pred-esmc_medium_fold4.csv,250513/1_bulk/2/plots/e5_s100/pred-esmc_medium_fold4.csv,-1.4456,0.36537,dataset/full/test.csv,>=1 9-mer overlap,0.9105698289199082,0.9269085112704144,0.8351774553324941,0.8269409145719321,0.653557334723395
esmc_medium,e5,s100,4,plots,plots,,250513/1_bulk,250513/1_bulk/2/plots/e5_s100/pred-esmc_medium_fold4.csv,250513/1_bulk/2/plots/e5_s100/pred-esmc_medium_fold4.csv,/home/hwjang/project/250513/1_bulk/2/plots/e5_s100/pred-esmc_medium_fold4.csv,250513/1_bulk/2/plots/e5_s100/pred-esmc_medium_fold4.csv,-1.4456,0.36537,dataset/full/test.csv,Exact 15-mer match,0.8978943036952953,0.8987436790824819,0.8015092545827267,0.8151662701267084,0.6292986652710274
esmc_medium,e5,s100,4,plots,plots,,250513/1_bulk,250513/1_bulk/2/plots/e5_s100/pred-esmc_medium_fold4.csv,250513/1_bulk/2/plots/e5_s100/pred-esmc_medium_fold4.csv,/home/hwjang/project/250513/1_bulk/2/plots/e5_s100/pred-esmc_medium_fold4.csv,250513/1_bulk/2/plots/e5_s100/pred-esmc_medium_fold4.csv,-1.4456,0.36537,dataset/full/test.csv,"9-mer overlap, not exact",0.9258466428075424,0.9838746753345176,0.9327022375215146,0.8879335053023789,0.5979795021726699
esmc_medium,e5,s128,0,plots,plots,,250513/1_bulk,250513/1_bulk/4/plots/e5_s128/pred-esmc_medium_fold0.csv,250513/1_bulk/4/plots/e5_s128/pred-esmc_medium_fold0.csv,/home/hwjang/project/250513/1_bulk/4/plots/e5_s128/pred-esmc_medium_fold0.csv,250513/1_bulk/4/plots/e5_s128/pred-esmc_medium_fold0.csv,-0.27608,0.36097,dataset/full/test.csv,Overall,0.9207662830528484,0.9460597978230408,0.861355137678696,0.8397377564526803,0.6715750638530559
esmc_medium,e5,s128,0,plots,plots,,250513/1_bulk,250513/1_bulk/4/plots/e5_s128/pred-esmc_medium_fold0.csv,250513/1_bulk/4/plots/e5_s128/pred-esmc_medium_fold0.csv,/home/hwjang/project/250513/1_bulk/4/plots/e5_s128/pred-esmc_medium_fold0.csv,250513/1_bulk/4/plots/e5_s128/pred-esmc_medium_fold0.csv,-0.27608,0.36097,dataset/full/test.csv,No 9-mer overlap,0.8579932208271255,0.9951534804802252,0.9619286790557507,0.9275057383320582,0.238463482691534
esmc_medium,e5,s128,0,plots,plots,,250513/1_bulk,250513/1_bulk/4/plots/e5_s128/pred-esmc_medium_fold0.csv,250513/1_bulk/4/plots/e5_s128/pred-esmc_medium_fold0.csv,/home/hwjang/project/250513/1_bulk/4/plots/e5_s128/pred-esmc_medium_fold0.csv,250513/1_bulk/4/plots/e5_s128/pred-esmc_medium_fold0.csv,-0.27608,0.36097,dataset/full/test.csv,>=1 9-mer overlap,0.9130879948625634,0.9299476564082118,0.8395593869731801,0.8290974863185233,0.6567487755054797
esmc_medium,e5,s128,0,plots,plots,,250513/1_bulk,250513/1_bulk/4/plots/e5_s128/pred-esmc_medium_fold0.csv,250513/1_bulk/4/plots/e5_s128/pred-esmc_medium_fold0.csv,/home/hwjang/project/250513/1_bulk/4/plots/e5_s128/pred-esmc_medium_fold0.csv,250513/1_bulk/4/plots/e5_s128/pred-esmc_medium_fold0.csv,-0.27608,0.36097,dataset/full/test.csv,Exact 15-mer match,0.9017382316271734,0.9037537657425864,0.8077674432166079,0.817600841033586,0.6342630102400088
esmc_medium,e5,s128,0,plots,plots,,250513/1_bulk,250513/1_bulk/4/plots/e5_s128/pred-esmc_medium_fold0.csv,250513/1_bulk/4/plots/e5_s128/pred-esmc_medium_fold0.csv,/home/hwjang/project/250513/1_bulk/4/plots/e5_s128/pred-esmc_medium_fold0.csv,250513/1_bulk/4/plots/e5_s128/pred-esmc_medium_fold0.csv,-0.27608,0.36097,dataset/full/test.csv,"9-mer overlap, not exact",0.925997246111022,0.9841905706070714,0.9332416874301916,0.8886500429922614,0.597894350379945
esmc_medium,e5,s128,1,plots,plots,,250513/1_bulk,250513/1_bulk/4/plots/e5_s128/pred-esmc_medium_fold1.csv,250513/1_bulk/4/plots/e5_s128/pred-esmc_medium_fold1.csv,/home/hwjang/project/250513/1_bulk/4/plots/e5_s128/pred-esmc_medium_fold1.csv,250513/1_bulk/4/plots/e5_s128/pred-esmc_medium_fold1.csv,-0.34998,0.37936,dataset/full/test.csv,Overall,0.9214350942575368,0.9461265491085944,0.8613107445385644,0.8391586697551291,0.6699137249971417
esmc_medium,e5,s128,1,plots,plots,,250513/1_bulk,250513/1_bulk/4/plots/e5_s128/pred-esmc_medium_fold1.csv,250513/1_bulk/4/plots/e5_s128/pred-esmc_medium_fold1.csv,/home/hwjang/project/250513/1_bulk/4/plots/e5_s128/pred-esmc_medium_fold1.csv,250513/1_bulk/4/plots/e5_s128/pred-esmc_medium_fold1.csv,-0.34998,0.37936,dataset/full/test.csv,No 9-mer overlap,0.8891128920593954,0.9962964912556184,0.9606299212598424,0.9254016832440703,0.3023313148276449
esmc_medium,e5,s128,1,plots,plots,,250513/1_bulk,250513/1_bulk/4/plots/e5_s128/pred-esmc_medium_fold1.csv,250513/1_bulk/4/plots/e5_s128/pred-esmc_medium_fold1.csv,/home/hwjang/project/250513/1_bulk/4/plots/e5_s128/pred-esmc_medium_fold1.csv,250513/1_bulk/4/plots/e5_s128/pred-esmc_medium_fold1.csv,-0.34998,0.37936,dataset/full/test.csv,>=1 9-mer overlap,0.9139137957008262,0.9299994600052556,0.8400008663822045,0.8287032742788238,0.6557009488746808
esmc_medium,e5,s128,1,plots,plots,,250513/1_bulk,250513/1_bulk/4/plots/e5_s128/pred-esmc_medium_fold1.csv,250513/1_bulk/4/plots/e5_s128/pred-esmc_medium_fold1.csv,/home/hwjang/project/250513/1_bulk/4/plots/e5_s128/pred-esmc_medium_fold1.csv,250513/1_bulk/4/plots/e5_s128/pred-esmc_medium_fold1.csv,-0.34998,0.37936,dataset/full/test.csv,Exact 15-mer match,0.903043997791712,0.9044143096923136,0.8091907514450867,0.8173518508272007,0.6340757825624137
esmc_medium,e5,s128,1,plots,plots,,250513/1_bulk,250513/1_bulk/4/plots/e5_s128/pred-esmc_medium_fold1.csv,250513/1_bulk/4/plots/e5_s128/pred-esmc_medium_fold1.csv,/home/hwjang/project/250513/1_bulk/4/plots/e5_s128/pred-esmc_medium_fold1.csv,250513/1_bulk/4/plots/e5_s128/pred-esmc_medium_fold1.csv,-0.34998,0.37936,dataset/full/test.csv,"9-mer overlap, not exact",0.9264555846375728,0.9840882296931184,0.9321462529172788,0.8875035826884494,0.6037426126902657
esmc_medium,e5,s128,2,plots,plots,,250513/1_bulk,250513/1_bulk/4/plots/e5_s128/pred-esmc_medium_fold2.csv,250513/1_bulk/4/plots/e5_s128/pred-esmc_medium_fold2.csv,/home/hwjang/project/250513/1_bulk/4/plots/e5_s128/pred-esmc_medium_fold2.csv,250513/1_bulk/4/plots/e5_s128/pred-esmc_medium_fold2.csv,-0.37312,0.36268,dataset/full/test.csv,Overall,0.9201949658418628,0.9455981067883406,0.8612131369682273,0.8390138980807412,0.6695894794106508
esmc_medium,e5,s128,2,plots,plots,,250513/1_bulk,250513/1_bulk/4/plots/e5_s128/pred-esmc_medium_fold2.csv,250513/1_bulk/4/plots/e5_s128/pred-esmc_medium_fold2.csv,/home/hwjang/project/250513/1_bulk/4/plots/e5_s128/pred-esmc_medium_fold2.csv,250513/1_bulk/4/plots/e5_s128/pred-esmc_medium_fold2.csv,-0.37312,0.36268,dataset/full/test.csv,No 9-mer overlap,0.8724945029991193,0.995817203222246,0.9653445512820512,0.9338179035960216,0.2614724227384096
esmc_medium,e5,s128,2,plots,plots,,250513/1_bulk,250513/1_bulk/4/plots/e5_s128/pred-esmc_medium_fold2.csv,250513/1_bulk/4/plots/e5_s128/pred-esmc_medium_fold2.csv,/home/hwjang/project/250513/1_bulk/4/plots/e5_s128/pred-esmc_medium_fold2.csv,250513/1_bulk/4/plots/e5_s128/pred-esmc_medium_fold2.csv,-0.37312,0.36268,dataset/full/test.csv,>=1 9-mer overlap,0.9115567051554834,0.9285176638540948,0.8386620970890634,0.8275206381597254,0.6533900823217096
esmc_medium,e5,s128,2,plots,plots,,250513/1_bulk,250513/1_bulk/4/plots/e5_s128/pred-esmc_medium_fold2.csv,250513/1_bulk/4/plots/e5_s128/pred-esmc_medium_fold2.csv,/home/hwjang/project/250513/1_bulk/4/plots/e5_s128/pred-esmc_medium_fold2.csv,250513/1_bulk/4/plots/e5_s128/pred-esmc_medium_fold2.csv,-0.37312,0.36268,dataset/full/test.csv,Exact 15-mer match,0.8988861050424827,0.9007112216151227,0.8047368267915854,0.814336302772091,0.6277759831891554
esmc_medium,e5,s128,2,plots,plots,,250513/1_bulk,250513/1_bulk/4/plots/e5_s128/pred-esmc_medium_fold2.csv,250513/1_bulk/4/plots/e5_s128/pred-esmc_medium_fold2.csv,/home/hwjang/project/250513/1_bulk/4/plots/e5_s128/pred-esmc_medium_fold2.csv,250513/1_bulk/4/plots/e5_s128/pred-esmc_medium_fold2.csv,-0.37312,0.36268,dataset/full/test.csv,"9-mer overlap, not exact",0.9272566755099738,0.984289494840782,0.9380380124435354,0.8958154198910863,0.6118889798332732
esmc_medium,e5,s128,3,plots,plots,,250513/1_bulk,250513/1_bulk/4/plots/e5_s128/pred-esmc_medium_fold3.csv,250513/1_bulk/4/plots/e5_s128/pred-esmc_medium_fold3.csv,/home/hwjang/project/250513/1_bulk/4/plots/e5_s128/pred-esmc_medium_fold3.csv,250513/1_bulk/4/plots/e5_s128/pred-esmc_medium_fold3.csv,-2.3862,0.37487,dataset/full/test.csv,Overall,0.9204665378610436,0.9456457517940572,0.8553426676492263,0.8376075446724024,0.6730553945850989
esmc_medium,e5,s128,3,plots,plots,,250513/1_bulk,250513/1_bulk/4/plots/e5_s128/pred-esmc_medium_fold3.csv,250513/1_bulk/4/plots/e5_s128/pred-esmc_medium_fold3.csv,/home/hwjang/project/250513/1_bulk/4/plots/e5_s128/pred-esmc_medium_fold3.csv,250513/1_bulk/4/plots/e5_s128/pred-esmc_medium_fold3.csv,-2.3862,0.37487,dataset/full/test.csv,No 9-mer overlap,0.8684984464395495,0.9955771257263676,0.9496990103050708,0.905700076511094,0.2652816936052238
esmc_medium,e5,s128,3,plots,plots,,250513/1_bulk,250513/1_bulk/4/plots/e5_s128/pred-esmc_medium_fold3.csv,250513/1_bulk/4/plots/e5_s128/pred-esmc_medium_fold3.csv,/home/hwjang/project/250513/1_bulk/4/plots/e5_s128/pred-esmc_medium_fold3.csv,250513/1_bulk/4/plots/e5_s128/pred-esmc_medium_fold3.csv,-2.3862,0.37487,dataset/full/test.csv,>=1 9-mer overlap,0.9133721287473888,0.92995378717878,0.8345511364913779,0.8293525646971524,0.6605981335536104
esmc_medium,e5,s128,3,plots,plots,,250513/1_bulk,250513/1_bulk/4/plots/e5_s128/pred-esmc_medium_fold3.csv,250513/1_bulk/4/plots/e5_s128/pred-esmc_medium_fold3.csv,/home/hwjang/project/250513/1_bulk/4/plots/e5_s128/pred-esmc_medium_fold3.csv,250513/1_bulk/4/plots/e5_s128/pred-esmc_medium_fold3.csv,-2.3862,0.37487,dataset/full/test.csv,Exact 15-mer match,0.9025083394516892,0.9045298861706348,0.8025647229615291,0.819399103635257,0.6384821544465032
esmc_medium,e5,s128,3,plots,plots,,250513/1_bulk,250513/1_bulk/4/plots/e5_s128/pred-esmc_medium_fold3.csv,250513/1_bulk/4/plots/e5_s128/pred-esmc_medium_fold3.csv,/home/hwjang/project/250513/1_bulk/4/plots/e5_s128/pred-esmc_medium_fold3.csv,250513/1_bulk/4/plots/e5_s128/pred-esmc_medium_fold3.csv,-2.3862,0.37487,dataset/full/test.csv,"9-mer overlap, not exact",0.9237447251749372,0.983613249793622,0.9272010512483574,0.8809114359415305,0.604400900946944
esmc_medium,e5,s128,4,plots,plots,,250513/1_bulk,250513/1_bulk/4/plots/e5_s128/pred-esmc_medium_fold4.csv,250513/1_bulk/4/plots/e5_s128/pred-esmc_medium_fold4.csv,/home/hwjang/project/250513/1_bulk/4/plots/e5_s128/pred-esmc_medium_fold4.csv,250513/1_bulk/4/plots/e5_s128/pred-esmc_medium_fold4.csv,-3.5081,0.36631,dataset/full/test.csv,Overall,0.9263006096940304,0.949743270433067,0.8604411385646427,0.8432329583057577,0.6843447607859043
esmc_medium,e5,s128,4,plots,plots,,250513/1_bulk,250513/1_bulk/4/plots/e5_s128/pred-esmc_medium_fold4.csv,250513/1_bulk/4/plots/e5_s128/pred-esmc_medium_fold4.csv,/home/hwjang/project/250513/1_bulk/4/plots/e5_s128/pred-esmc_medium_fold4.csv,250513/1_bulk/4/plots/e5_s128/pred-esmc_medium_fold4.csv,-3.5081,0.36631,dataset/full/test.csv,No 9-mer overlap,0.8662553377678576,0.9954939998881064,0.953502538071066,0.9123947972456006,0.2540423772001025
esmc_medium,e5,s128,4,plots,plots,,250513/1_bulk,250513/1_bulk/4/plots/e5_s128/pred-esmc_medium_fold4.csv,250513/1_bulk/4/plots/e5_s128/pred-esmc_medium_fold4.csv,/home/hwjang/project/250513/1_bulk/4/plots/e5_s128/pred-esmc_medium_fold4.csv,250513/1_bulk/4/plots/e5_s128/pred-esmc_medium_fold4.csv,-3.5081,0.36631,dataset/full/test.csv,>=1 9-mer overlap,0.9194328610903324,0.9349424142239964,0.8398254767902124,0.8348483443094332,0.6716654007272028
esmc_medium,e5,s128,4,plots,plots,,250513/1_bulk,250513/1_bulk/4/plots/e5_s128/pred-esmc_medium_fold4.csv,250513/1_bulk/4/plots/e5_s128/pred-esmc_medium_fold4.csv,/home/hwjang/project/250513/1_bulk/4/plots/e5_s128/pred-esmc_medium_fold4.csv,250513/1_bulk/4/plots/e5_s128/pred-esmc_medium_fold4.csv,-3.5081,0.36631,dataset/full/test.csv,Exact 15-mer match,0.9090330937058756,0.9112536242203202,0.8083068061239957,0.8250705472251425,0.6500741894715059
esmc_medium,e5,s128,4,plots,plots,,250513/1_bulk,250513/1_bulk/4/plots/e5_s128/pred-esmc_medium_fold4.csv,250513/1_bulk/4/plots/e5_s128/pred-esmc_medium_fold4.csv,/home/hwjang/project/250513/1_bulk/4/plots/e5_s128/pred-esmc_medium_fold4.csv,250513/1_bulk/4/plots/e5_s128/pred-esmc_medium_fold4.csv,-3.5081,0.36631,dataset/full/test.csv,"9-mer overlap, not exact",0.924871208209438,0.9833711415372284,0.930394633678892,0.8854972771567784,0.6100886279207913
esmc_medium,e5,s42,0,plots,plots,,250513/1_bulk,250513/1_bulk/2/plots/e5_s42/pred-esmc_medium_fold0.csv,250513/1_bulk/2/plots/e5_s42/pred-esmc_medium_fold0.csv,/home/hwjang/project/250513/1_bulk/2/plots/e5_s42/pred-esmc_medium_fold0.csv,250513/1_bulk/2/plots/e5_s42/pred-esmc_medium_fold0.csv,0.00034,0.35973,dataset/full/test.csv,Overall,0.924058227626668,0.9482040255583576,0.8665704123675037,0.8432743216412971,0.6769345003194986
esmc_medium,e5,s42,0,plots,plots,,250513/1_bulk,250513/1_bulk/2/plots/e5_s42/pred-esmc_medium_fold0.csv,250513/1_bulk/2/plots/e5_s42/pred-esmc_medium_fold0.csv,/home/hwjang/project/250513/1_bulk/2/plots/e5_s42/pred-esmc_medium_fold0.csv,250513/1_bulk/2/plots/e5_s42/pred-esmc_medium_fold0.csv,0.00034,0.35973,dataset/full/test.csv,No 9-mer overlap,0.8766345615968718,0.9959180125228836,0.9708931419457736,0.9441469013006886,0.3038936145250386
esmc_medium,e5,s42,0,plots,plots,,250513/1_bulk,250513/1_bulk/2/plots/e5_s42/pred-esmc_medium_fold0.csv,250513/1_bulk/2/plots/e5_s42/pred-esmc_medium_fold0.csv,/home/hwjang/project/250513/1_bulk/2/plots/e5_s42/pred-esmc_medium_fold0.csv,250513/1_bulk/2/plots/e5_s42/pred-esmc_medium_fold0.csv,0.00034,0.35973,dataset/full/test.csv,>=1 9-mer overlap,0.915645889156646,0.931900223730454,0.8441897267011677,0.831045357573509,0.6601167740145946
esmc_medium,e5,s42,0,plots,plots,,250513/1_bulk,250513/1_bulk/2/plots/e5_s42/pred-esmc_medium_fold0.csv,250513/1_bulk/2/plots/e5_s42/pred-esmc_medium_fold0.csv,/home/hwjang/project/250513/1_bulk/2/plots/e5_s42/pred-esmc_medium_fold0.csv,250513/1_bulk/2/plots/e5_s42/pred-esmc_medium_fold0.csv,0.00034,0.35973,dataset/full/test.csv,Exact 15-mer match,0.9033866397419008,0.905352567331,0.8121191314050296,0.8183201460742544,0.6366032706953982
esmc_medium,e5,s42,0,plots,plots,,250513/1_bulk,250513/1_bulk/2/plots/e5_s42/pred-esmc_medium_fold0.csv,250513/1_bulk/2/plots/e5_s42/pred-esmc_medium_fold0.csv,/home/hwjang/project/250513/1_bulk/2/plots/e5_s42/pred-esmc_medium_fold0.csv,250513/1_bulk/2/plots/e5_s42/pred-esmc_medium_fold0.csv,0.00034,0.35973,dataset/full/test.csv,"9-mer overlap, not exact",0.9305614906611116,0.9848871439657444,0.9391142349055804,0.8969618801948982,0.6073011736160482
esmc_medium,e5,s42,1,plots,plots,,250513/1_bulk,250513/1_bulk/2/plots/e5_s42/pred-esmc_medium_fold1.csv,250513/1_bulk/2/plots/e5_s42/pred-esmc_medium_fold1.csv,/home/hwjang/project/250513/1_bulk/2/plots/e5_s42/pred-esmc_medium_fold1.csv,250513/1_bulk/2/plots/e5_s42/pred-esmc_medium_fold1.csv,-1.089,0.3722,dataset/full/test.csv,Overall,0.9234657754831638,0.9475724293362636,0.863128642835231,0.8431295499669094,0.679908513332465
esmc_medium,e5,s42,1,plots,plots,,250513/1_bulk,250513/1_bulk/2/plots/e5_s42/pred-esmc_medium_fold1.csv,250513/1_bulk/2/plots/e5_s42/pred-esmc_medium_fold1.csv,/home/hwjang/project/250513/1_bulk/2/plots/e5_s42/pred-esmc_medium_fold1.csv,250513/1_bulk/2/plots/e5_s42/pred-esmc_medium_fold1.csv,-1.089,0.3722,dataset/full/test.csv,No 9-mer overlap,0.8860625411928907,0.9963434972863926,0.9627322953289804,0.9290359602142312,0.2570756140319788
esmc_medium,e5,s42,1,plots,plots,,250513/1_bulk,250513/1_bulk/2/plots/e5_s42/pred-esmc_medium_fold1.csv,250513/1_bulk/2/plots/e5_s42/pred-esmc_medium_fold1.csv,/home/hwjang/project/250513/1_bulk/2/plots/e5_s42/pred-esmc_medium_fold1.csv,250513/1_bulk/2/plots/e5_s42/pred-esmc_medium_fold1.csv,-1.089,0.3722,dataset/full/test.csv,>=1 9-mer overlap,0.9150955569495112,0.931018872087022,0.8413180238440896,0.8327149615063538,0.6647632797997634
esmc_medium,e5,s42,1,plots,plots,,250513/1_bulk,250513/1_bulk/2/plots/e5_s42/pred-esmc_medium_fold1.csv,250513/1_bulk/2/plots/e5_s42/pred-esmc_medium_fold1.csv,/home/hwjang/project/250513/1_bulk/2/plots/e5_s42/pred-esmc_medium_fold1.csv,250513/1_bulk/2/plots/e5_s42/pred-esmc_medium_fold1.csv,-1.089,0.3722,dataset/full/test.csv,Exact 15-mer match,0.9030425340934224,0.9044854130167344,0.8083547519867648,0.8205333923532341,0.6400207569125784
esmc_medium,e5,s42,1,plots,plots,,250513/1_bulk,250513/1_bulk/2/plots/e5_s42/pred-esmc_medium_fold1.csv,250513/1_bulk/2/plots/e5_s42/pred-esmc_medium_fold1.csv,/home/hwjang/project/250513/1_bulk/2/plots/e5_s42/pred-esmc_medium_fold1.csv,250513/1_bulk/2/plots/e5_s42/pred-esmc_medium_fold1.csv,-1.089,0.3722,dataset/full/test.csv,"9-mer overlap, not exact",0.9297483811999596,0.9847549498989524,0.9373977439076896,0.8958154198910863,0.6271819179131065
esmc_medium,e5,s42,2,plots,plots,,250513/1_bulk,250513/1_bulk/2/plots/e5_s42/pred-esmc_medium_fold2.csv,250513/1_bulk/2/plots/e5_s42/pred-esmc_medium_fold2.csv,/home/hwjang/project/250513/1_bulk/2/plots/e5_s42/pred-esmc_medium_fold2.csv,250513/1_bulk/2/plots/e5_s42/pred-esmc_medium_fold2.csv,-0.2711,0.36973,dataset/full/test.csv,Overall,0.9232307023060742,0.9479790016074956,0.862960453589131,0.8410407015221707,0.6737495593095237
esmc_medium,e5,s42,2,plots,plots,,250513/1_bulk,250513/1_bulk/2/plots/e5_s42/pred-esmc_medium_fold2.csv,250513/1_bulk/2/plots/e5_s42/pred-esmc_medium_fold2.csv,/home/hwjang/project/250513/1_bulk/2/plots/e5_s42/pred-esmc_medium_fold2.csv,250513/1_bulk/2/plots/e5_s42/pred-esmc_medium_fold2.csv,-0.2711,0.36973,dataset/full/test.csv,No 9-mer overlap,0.8902386003001888,0.9963499528693875,0.9652060563521508,0.9336266258607498,0.2799133754176655
esmc_medium,e5,s42,2,plots,plots,,250513/1_bulk,250513/1_bulk/2/plots/e5_s42/pred-esmc_medium_fold2.csv,250513/1_bulk/2/plots/e5_s42/pred-esmc_medium_fold2.csv,/home/hwjang/project/250513/1_bulk/2/plots/e5_s42/pred-esmc_medium_fold2.csv,250513/1_bulk/2/plots/e5_s42/pred-esmc_medium_fold2.csv,-0.2711,0.36973,dataset/full/test.csv,>=1 9-mer overlap,0.9147132431472024,0.9315932903130628,0.8408474833561035,0.8298163435673871,0.6579923489490194
esmc_medium,e5,s42,2,plots,plots,,250513/1_bulk,250513/1_bulk/2/plots/e5_s42/pred-esmc_medium_fold2.csv,250513/1_bulk/2/plots/e5_s42/pred-esmc_medium_fold2.csv,/home/hwjang/project/250513/1_bulk/2/plots/e5_s42/pred-esmc_medium_fold2.csv,250513/1_bulk/2/plots/e5_s42/pred-esmc_medium_fold2.csv,-0.2711,0.36973,dataset/full/test.csv,Exact 15-mer match,0.9022174409237332,0.9050323350882928,0.8070124348408515,0.8166602113650197,0.6324095644748141
esmc_medium,e5,s42,2,plots,plots,,250513/1_bulk,250513/1_bulk/2/plots/e5_s42/pred-esmc_medium_fold2.csv,250513/1_bulk/2/plots/e5_s42/pred-esmc_medium_fold2.csv,/home/hwjang/project/250513/1_bulk/2/plots/e5_s42/pred-esmc_medium_fold2.csv,250513/1_bulk/2/plots/e5_s42/pred-esmc_medium_fold2.csv,-0.2711,0.36973,dataset/full/test.csv,"9-mer overlap, not exact",0.9275717554261702,0.9842780666226862,0.9395277730592833,0.8979650329607337,0.6151213442765471
esmc_medium,e5,s42,3,plots,plots,,250513/1_bulk,250513/1_bulk/2/plots/e5_s42/pred-esmc_medium_fold3.csv,250513/1_bulk/2/plots/e5_s42/pred-esmc_medium_fold3.csv,/home/hwjang/project/250513/1_bulk/2/plots/e5_s42/pred-esmc_medium_fold3.csv,250513/1_bulk/2/plots/e5_s42/pred-esmc_medium_fold3.csv,-3.5277,0.36823,dataset/full/test.csv,Overall,0.924863945739343,0.9485076431348872,0.859478869349047,0.8421781932495036,0.6822394730899105
esmc_medium,e5,s42,3,plots,plots,,250513/1_bulk,250513/1_bulk/2/plots/e5_s42/pred-esmc_medium_fold3.csv,250513/1_bulk/2/plots/e5_s42/pred-esmc_medium_fold3.csv,/home/hwjang/project/250513/1_bulk/2/plots/e5_s42/pred-esmc_medium_fold3.csv,250513/1_bulk/2/plots/e5_s42/pred-esmc_medium_fold3.csv,-3.5277,0.36823,dataset/full/test.csv,No 9-mer overlap,0.8793844466721683,0.995929885237038,0.9566186904520576,0.918133129303749,0.2893600796863489
esmc_medium,e5,s42,3,plots,plots,,250513/1_bulk,250513/1_bulk/2/plots/e5_s42/pred-esmc_medium_fold3.csv,250513/1_bulk/2/plots/e5_s42/pred-esmc_medium_fold3.csv,/home/hwjang/project/250513/1_bulk/2/plots/e5_s42/pred-esmc_medium_fold3.csv,250513/1_bulk/2/plots/e5_s42/pred-esmc_medium_fold3.csv,-3.5277,0.36823,dataset/full/test.csv,>=1 9-mer overlap,0.917316784528343,0.9329235900169716,0.8379126442989266,0.8329700398849829,0.6679840817776341
esmc_medium,e5,s42,3,plots,plots,,250513/1_bulk,250513/1_bulk/2/plots/e5_s42/pred-esmc_medium_fold3.csv,250513/1_bulk/2/plots/e5_s42/pred-esmc_medium_fold3.csv,/home/hwjang/project/250513/1_bulk/2/plots/e5_s42/pred-esmc_medium_fold3.csv,250513/1_bulk/2/plots/e5_s42/pred-esmc_medium_fold3.csv,-3.5277,0.36823,dataset/full/test.csv,Exact 15-mer match,0.9064687556738448,0.9078003809695776,0.8064134816476223,0.8232999502019587,0.6464844131526519
esmc_medium,e5,s42,3,plots,plots,,250513/1_bulk,250513/1_bulk/2/plots/e5_s42/pred-esmc_medium_fold3.csv,250513/1_bulk/2/plots/e5_s42/pred-esmc_medium_fold3.csv,/home/hwjang/project/250513/1_bulk/2/plots/e5_s42/pred-esmc_medium_fold3.csv,250513/1_bulk/2/plots/e5_s42/pred-esmc_medium_fold3.csv,-3.5277,0.36823,dataset/full/test.csv,"9-mer overlap, not exact",0.9290515998077028,0.9847220821998002,0.9287087192032152,0.883061049011178,0.6068212910917986
esmc_medium,e5,s42,4,plots,plots,,250513/1_bulk,250513/1_bulk/2/plots/e5_s42/pred-esmc_medium_fold4.csv,250513/1_bulk/2/plots/e5_s42/pred-esmc_medium_fold4.csv,/home/hwjang/project/250513/1_bulk/2/plots/e5_s42/pred-esmc_medium_fold4.csv,250513/1_bulk/2/plots/e5_s42/pred-esmc_medium_fold4.csv,-6.43968,0.37426,dataset/full/test.csv,Overall,0.9165429408969477,0.9425673970610196,0.8555423466263193,0.8341330244870946,0.6611908642299966
esmc_medium,e5,s42,4,plots,plots,,250513/1_bulk,250513/1_bulk/2/plots/e5_s42/pred-esmc_medium_fold4.csv,250513/1_bulk/2/plots/e5_s42/pred-esmc_medium_fold4.csv,/home/hwjang/project/250513/1_bulk/2/plots/e5_s42/pred-esmc_medium_fold4.csv,250513/1_bulk/2/plots/e5_s42/pred-esmc_medium_fold4.csv,-6.43968,0.37426,dataset/full/test.csv,No 9-mer overlap,0.8513262033862633,0.9949903959477414,0.9557217953902144,0.9162203519510328,0.2226289361450965
esmc_medium,e5,s42,4,plots,plots,,250513/1_bulk,250513/1_bulk/2/plots/e5_s42/pred-esmc_medium_fold4.csv,250513/1_bulk/2/plots/e5_s42/pred-esmc_medium_fold4.csv,/home/hwjang/project/250513/1_bulk/2/plots/e5_s42/pred-esmc_medium_fold4.csv,250513/1_bulk/2/plots/e5_s42/pred-esmc_medium_fold4.csv,-6.43968,0.37426,dataset/full/test.csv,>=1 9-mer overlap,0.9086866780508508,0.925782096281902,0.8338228203217464,0.8241814302940358,0.6473415049758261
esmc_medium,e5,s42,4,plots,plots,,250513/1_bulk,250513/1_bulk/2/plots/e5_s42/pred-esmc_medium_fold4.csv,250513/1_bulk/2/plots/e5_s42/pred-esmc_medium_fold4.csv,/home/hwjang/project/250513/1_bulk/2/plots/e5_s42/pred-esmc_medium_fold4.csv,250513/1_bulk/2/plots/e5_s42/pred-esmc_medium_fold4.csv,-6.43968,0.37426,dataset/full/test.csv,Exact 15-mer match,0.8969436654103787,0.8987107647414987,0.801424912414991,0.8133956731035246,0.6256848537674572
esmc_medium,e5,s42,4,plots,plots,,250513/1_bulk,250513/1_bulk/2/plots/e5_s42/pred-esmc_medium_fold4.csv,250513/1_bulk/2/plots/e5_s42/pred-esmc_medium_fold4.csv,/home/hwjang/project/250513/1_bulk/2/plots/e5_s42/pred-esmc_medium_fold4.csv,250513/1_bulk/2/plots/e5_s42/pred-esmc_medium_fold4.csv,-6.43968,0.37426,dataset/full/test.csv,"9-mer overlap, not exact",0.913903652463959,0.980984343536884,0.9282099665494468,0.8800515907136716,0.5638551523963047
esmc_small,e5,s100,0,plots,plots,,250513/1_bulk,250513/1_bulk/2/plots/e5_s100/pred-esmc_small_fold0.csv,250513/1_bulk/2/plots/e5_s100/pred-esmc_small_fold0.csv,/home/hwjang/project/250513/1_bulk/2/plots/e5_s100/pred-esmc_small_fold0.csv,250513/1_bulk/2/plots/e5_s100/pred-esmc_small_fold0.csv,-0.45003,0.35582,dataset/full/test.csv,Overall,0.9210544756532651,0.9460017750923476,0.8582311239088043,0.8391173064195897,0.6736441417548841
esmc_small,e5,s100,0,plots,plots,,250513/1_bulk,250513/1_bulk/2/plots/e5_s100/pred-esmc_small_fold0.csv,250513/1_bulk/2/plots/e5_s100/pred-esmc_small_fold0.csv,/home/hwjang/project/250513/1_bulk/2/plots/e5_s100/pred-esmc_small_fold0.csv,250513/1_bulk/2/plots/e5_s100/pred-esmc_small_fold0.csv,-0.45003,0.35582,dataset/full/test.csv,No 9-mer overlap,0.875605777804855,0.9958348099381832,0.9541489145871374,0.9135424636572304,0.252782082008071
esmc_small,e5,s100,0,plots,plots,,250513/1_bulk,250513/1_bulk/2/plots/e5_s100/pred-esmc_small_fold0.csv,250513/1_bulk/2/plots/e5_s100/pred-esmc_small_fold0.csv,/home/hwjang/project/250513/1_bulk/2/plots/e5_s100/pred-esmc_small_fold0.csv,250513/1_bulk/2/plots/e5_s100/pred-esmc_small_fold0.csv,-0.45003,0.35582,dataset/full/test.csv,>=1 9-mer overlap,0.913169776705812,0.929744494396292,0.8372248017239464,0.8300946108895279,0.6605143878155489
esmc_small,e5,s100,0,plots,plots,,250513/1_bulk,250513/1_bulk/2/plots/e5_s100/pred-esmc_small_fold0.csv,250513/1_bulk/2/plots/e5_s100/pred-esmc_small_fold0.csv,/home/hwjang/project/250513/1_bulk/2/plots/e5_s100/pred-esmc_small_fold0.csv,250513/1_bulk/2/plots/e5_s100/pred-esmc_small_fold0.csv,-0.45003,0.35582,dataset/full/test.csv,Exact 15-mer match,0.9007137747722382,0.902437039945268,0.8036333213816182,0.8181818181818182,0.6354974317109758
esmc_small,e5,s100,0,plots,plots,,250513/1_bulk,250513/1_bulk/2/plots/e5_s100/pred-esmc_small_fold0.csv,250513/1_bulk/2/plots/e5_s100/pred-esmc_small_fold0.csv,/home/hwjang/project/250513/1_bulk/2/plots/e5_s100/pred-esmc_small_fold0.csv,250513/1_bulk/2/plots/e5_s100/pred-esmc_small_fold0.csv,-0.45003,0.35582,dataset/full/test.csv,"9-mer overlap, not exact",0.931265987690591,0.9852858559459322,0.9346037245560848,0.8918028088277443,0.6222841964135936
esmc_small,e5,s100,1,plots,plots,,250513/1_bulk,250513/1_bulk/2/plots/e5_s100/pred-esmc_small_fold1.csv,250513/1_bulk/2/plots/e5_s100/pred-esmc_small_fold1.csv,/home/hwjang/project/250513/1_bulk/2/plots/e5_s100/pred-esmc_small_fold1.csv,250513/1_bulk/2/plots/e5_s100/pred-esmc_small_fold1.csv,-0.55807,0.37908,dataset/full/test.csv,Overall,0.923430289008734,0.9474270121200152,0.8641026557529399,0.8427365982792853,0.6775586212785694
esmc_small,e5,s100,1,plots,plots,,250513/1_bulk,250513/1_bulk/2/plots/e5_s100/pred-esmc_small_fold1.csv,250513/1_bulk/2/plots/e5_s100/pred-esmc_small_fold1.csv,/home/hwjang/project/250513/1_bulk/2/plots/e5_s100/pred-esmc_small_fold1.csv,250513/1_bulk/2/plots/e5_s100/pred-esmc_small_fold1.csv,-0.55807,0.37908,dataset/full/test.csv,No 9-mer overlap,0.8910901508144424,0.9962905763245148,0.9623439387837294,0.9284621270084162,0.292197098779783
esmc_small,e5,s100,1,plots,plots,,250513/1_bulk,250513/1_bulk/2/plots/e5_s100/pred-esmc_small_fold1.csv,250513/1_bulk/2/plots/e5_s100/pred-esmc_small_fold1.csv,/home/hwjang/project/250513/1_bulk/2/plots/e5_s100/pred-esmc_small_fold1.csv,250513/1_bulk/2/plots/e5_s100/pred-esmc_small_fold1.csv,-0.55807,0.37908,dataset/full/test.csv,>=1 9-mer overlap,0.9155840579255572,0.9313494273576988,0.8429012211550997,0.8323439384101661,0.6631678896030833
esmc_small,e5,s100,1,plots,plots,,250513/1_bulk,250513/1_bulk/2/plots/e5_s100/pred-esmc_small_fold1.csv,250513/1_bulk/2/plots/e5_s100/pred-esmc_small_fold1.csv,/home/hwjang/project/250513/1_bulk/2/plots/e5_s100/pred-esmc_small_fold1.csv,250513/1_bulk/2/plots/e5_s100/pred-esmc_small_fold1.csv,-0.55807,0.37908,dataset/full/test.csv,Exact 15-mer match,0.903836395562505,0.9050525703915492,0.8112265629535033,0.8200630775189509,0.6393375035399993
esmc_small,e5,s100,1,plots,plots,,250513/1_bulk,250513/1_bulk/2/plots/e5_s100/pred-esmc_small_fold1.csv,250513/1_bulk/2/plots/e5_s100/pred-esmc_small_fold1.csv,/home/hwjang/project/250513/1_bulk/2/plots/e5_s100/pred-esmc_small_fold1.csv,250513/1_bulk/2/plots/e5_s100/pred-esmc_small_fold1.csv,-0.55807,0.37908,dataset/full/test.csv,"9-mer overlap, not exact",0.9346123485806196,0.985936208617624,0.9372406639004148,0.8959587274290628,0.6337086004311718
esmc_small,e5,s100,2,plots,plots,,250513/1_bulk,250513/1_bulk/2/plots/e5_s100/pred-esmc_small_fold2.csv,250513/1_bulk/2/plots/e5_s100/pred-esmc_small_fold2.csv,/home/hwjang/project/250513/1_bulk/2/plots/e5_s100/pred-esmc_small_fold2.csv,250513/1_bulk/2/plots/e5_s100/pred-esmc_small_fold2.csv,-1.24504,0.36947,dataset/full/test.csv,Overall,0.9176617512847997,0.9442013625040911,0.857409066475542,0.8354152878888154,0.6629394189191173
esmc_small,e5,s100,2,plots,plots,,250513/1_bulk,250513/1_bulk/2/plots/e5_s100/pred-esmc_small_fold2.csv,250513/1_bulk/2/plots/e5_s100/pred-esmc_small_fold2.csv,/home/hwjang/project/250513/1_bulk/2/plots/e5_s100/pred-esmc_small_fold2.csv,250513/1_bulk/2/plots/e5_s100/pred-esmc_small_fold2.csv,-1.24504,0.36947,dataset/full/test.csv,No 9-mer overlap,0.8874804074149972,0.9963316517443132,0.9603390856796852,0.9248278500382556,0.2905082729098316
esmc_small,e5,s100,2,plots,plots,,250513/1_bulk,250513/1_bulk/2/plots/e5_s100/pred-esmc_small_fold2.csv,250513/1_bulk/2/plots/e5_s100/pred-esmc_small_fold2.csv,/home/hwjang/project/250513/1_bulk/2/plots/e5_s100/pred-esmc_small_fold2.csv,250513/1_bulk/2/plots/e5_s100/pred-esmc_small_fold2.csv,-1.24504,0.36947,dataset/full/test.csv,>=1 9-mer overlap,0.9090898414043562,0.9270823427467856,0.8351887758436636,0.8245756423337353,0.6477123271396054
esmc_small,e5,s100,2,plots,plots,,250513/1_bulk,250513/1_bulk/2/plots/e5_s100/pred-esmc_small_fold2.csv,250513/1_bulk/2/plots/e5_s100/pred-esmc_small_fold2.csv,/home/hwjang/project/250513/1_bulk/2/plots/e5_s100/pred-esmc_small_fold2.csv,250513/1_bulk/2/plots/e5_s100/pred-esmc_small_fold2.csv,-1.24504,0.36947,dataset/full/test.csv,Exact 15-mer match,0.8962735094608747,0.8991736854215193,0.8023438866538394,0.812427377856471,0.6238926705022935
esmc_small,e5,s100,2,plots,plots,,250513/1_bulk,250513/1_bulk/2/plots/e5_s100/pred-esmc_small_fold2.csv,250513/1_bulk/2/plots/e5_s100/pred-esmc_small_fold2.csv,/home/hwjang/project/250513/1_bulk/2/plots/e5_s100/pred-esmc_small_fold2.csv,250513/1_bulk/2/plots/e5_s100/pred-esmc_small_fold2.csv,-1.24504,0.36947,dataset/full/test.csv,"9-mer overlap, not exact",0.9283810812575302,0.9848141532735668,0.9323217518751616,0.8875035826884494,0.5994271917964685
esmc_small,e5,s100,3,plots,plots,,250513/1_bulk,250513/1_bulk/2/plots/e5_s100/pred-esmc_small_fold3.csv,250513/1_bulk/2/plots/e5_s100/pred-esmc_small_fold3.csv,/home/hwjang/project/250513/1_bulk/2/plots/e5_s100/pred-esmc_small_fold3.csv,250513/1_bulk/2/plots/e5_s100/pred-esmc_small_fold3.csv,-2.94616,0.3675,dataset/full/test.csv,Overall,0.9186187682717752,0.944915368684494,0.8576255790716686,0.8379177696889477,0.6705419979233946
esmc_small,e5,s100,3,plots,plots,,250513/1_bulk,250513/1_bulk/2/plots/e5_s100/pred-esmc_small_fold3.csv,250513/1_bulk/2/plots/e5_s100/pred-esmc_small_fold3.csv,/home/hwjang/project/250513/1_bulk/2/plots/e5_s100/pred-esmc_small_fold3.csv,250513/1_bulk/2/plots/e5_s100/pred-esmc_small_fold3.csv,-2.94616,0.3675,dataset/full/test.csv,No 9-mer overlap,0.8653580942991809,0.9954830316098892,0.953434107740692,0.912203519510329,0.2399200559835658
esmc_small,e5,s100,3,plots,plots,,250513/1_bulk,250513/1_bulk/2/plots/e5_s100/pred-esmc_small_fold3.csv,250513/1_bulk/2/plots/e5_s100/pred-esmc_small_fold3.csv,/home/hwjang/project/250513/1_bulk/2/plots/e5_s100/pred-esmc_small_fold3.csv,250513/1_bulk/2/plots/e5_s100/pred-esmc_small_fold3.csv,-2.94616,0.3675,dataset/full/test.csv,>=1 9-mer overlap,0.911118963982268,0.9288211548786872,0.8367265645746659,0.8289119747704294,0.6577157848947517
esmc_small,e5,s100,3,plots,plots,,250513/1_bulk,250513/1_bulk/2/plots/e5_s100/pred-esmc_small_fold3.csv,250513/1_bulk/2/plots/e5_s100/pred-esmc_small_fold3.csv,/home/hwjang/project/250513/1_bulk/2/plots/e5_s100/pred-esmc_small_fold3.csv,250513/1_bulk/2/plots/e5_s100/pred-esmc_small_fold3.csv,-2.94616,0.3675,dataset/full/test.csv,Exact 15-mer match,0.8990394880421573,0.902149979761883,0.8037105310102872,0.8173518508272007,0.6337060863714654
esmc_small,e5,s100,3,plots,plots,,250513/1_bulk,250513/1_bulk/2/plots/e5_s100/pred-esmc_small_fold3.csv,250513/1_bulk/2/plots/e5_s100/pred-esmc_small_fold3.csv,/home/hwjang/project/250513/1_bulk/2/plots/e5_s100/pred-esmc_small_fold3.csv,250513/1_bulk/2/plots/e5_s100/pred-esmc_small_fold3.csv,-2.94616,0.3675,dataset/full/test.csv,"9-mer overlap, not exact",0.9262300506264504,0.9842021755417514,0.9328371126882464,0.8887933505302379,0.6104477846820953
esmc_small,e5,s100,4,plots,plots,,250513/1_bulk,250513/1_bulk/2/plots/e5_s100/pred-esmc_small_fold4.csv,250513/1_bulk/2/plots/e5_s100/pred-esmc_small_fold4.csv,/home/hwjang/project/250513/1_bulk/2/plots/e5_s100/pred-esmc_small_fold4.csv,250513/1_bulk/2/plots/e5_s100/pred-esmc_small_fold4.csv,-0.76731,0.37026,dataset/full/test.csv,Overall,0.9195186866680872,0.9451710233900186,0.8589663371292704,0.8368423229649239,0.6655159405180827
esmc_small,e5,s100,4,plots,plots,,250513/1_bulk,250513/1_bulk/2/plots/e5_s100/pred-esmc_small_fold4.csv,250513/1_bulk/2/plots/e5_s100/pred-esmc_small_fold4.csv,/home/hwjang/project/250513/1_bulk/2/plots/e5_s100/pred-esmc_small_fold4.csv,250513/1_bulk/2/plots/e5_s100/pred-esmc_small_fold4.csv,-0.76731,0.37026,dataset/full/test.csv,No 9-mer overlap,0.8776010368146747,0.9959606862393402,0.9585774904021014,0.921576128538638,0.2726259076471882
esmc_small,e5,s100,4,plots,plots,,250513/1_bulk,250513/1_bulk/2/plots/e5_s100/pred-esmc_small_fold4.csv,250513/1_bulk/2/plots/e5_s100/pred-esmc_small_fold4.csv,/home/hwjang/project/250513/1_bulk/2/plots/e5_s100/pred-esmc_small_fold4.csv,250513/1_bulk/2/plots/e5_s100/pred-esmc_small_fold4.csv,-0.76731,0.37026,dataset/full/test.csv,>=1 9-mer overlap,0.9117614385211432,0.9288661606086784,0.8375507721714199,0.8265698914757443,0.6515479617802925
esmc_small,e5,s100,4,plots,plots,,250513/1_bulk,250513/1_bulk/2/plots/e5_s100/pred-esmc_small_fold4.csv,250513/1_bulk/2/plots/e5_s100/pred-esmc_small_fold4.csv,/home/hwjang/project/250513/1_bulk/2/plots/e5_s100/pred-esmc_small_fold4.csv,250513/1_bulk/2/plots/e5_s100/pred-esmc_small_fold4.csv,-0.76731,0.37026,dataset/full/test.csv,Exact 15-mer match,0.8996105497763391,0.9019721810741044,0.8048234781345344,0.8141703093011675,0.6274863190766536
esmc_small,e5,s100,4,plots,plots,,250513/1_bulk,250513/1_bulk/2/plots/e5_s100/pred-esmc_small_fold4.csv,250513/1_bulk/2/plots/e5_s100/pred-esmc_small_fold4.csv,/home/hwjang/project/250513/1_bulk/2/plots/e5_s100/pred-esmc_small_fold4.csv,250513/1_bulk/2/plots/e5_s100/pred-esmc_small_fold4.csv,-0.76731,0.37026,dataset/full/test.csv,"9-mer overlap, not exact",0.9277242134501362,0.9845290626861274,0.9344459738472126,0.8907996560619088,0.6077121499656993
esmc_small,e5,s128,0,plots,plots,,250513/1_bulk,250513/1_bulk/4/plots/e5_s128/pred-esmc_small_fold0.csv,250513/1_bulk/4/plots/e5_s128/pred-esmc_small_fold0.csv,/home/hwjang/project/250513/1_bulk/4/plots/e5_s128/pred-esmc_small_fold0.csv,250513/1_bulk/4/plots/e5_s128/pred-esmc_small_fold0.csv,-0.24471,0.36503,dataset/full/test.csv,Overall,0.9200828847901612,0.9454822314065748,0.8604534005037784,0.8395929847782925,0.672167846304692
esmc_small,e5,s128,0,plots,plots,,250513/1_bulk,250513/1_bulk/4/plots/e5_s128/pred-esmc_small_fold0.csv,250513/1_bulk/4/plots/e5_s128/pred-esmc_small_fold0.csv,/home/hwjang/project/250513/1_bulk/4/plots/e5_s128/pred-esmc_small_fold0.csv,250513/1_bulk/4/plots/e5_s128/pred-esmc_small_fold0.csv,-0.24471,0.36503,dataset/full/test.csv,No 9-mer overlap,0.8592296998665212,0.9952215016116872,0.958467741935484,0.9211935730680948,0.2286680864513037
esmc_small,e5,s128,0,plots,plots,,250513/1_bulk,250513/1_bulk/4/plots/e5_s128/pred-esmc_small_fold0.csv,250513/1_bulk/4/plots/e5_s128/pred-esmc_small_fold0.csv,/home/hwjang/project/250513/1_bulk/4/plots/e5_s128/pred-esmc_small_fold0.csv,250513/1_bulk/4/plots/e5_s128/pred-esmc_small_fold0.csv,-0.24471,0.36503,dataset/full/test.csv,>=1 9-mer overlap,0.9125565155247258,0.929351859328258,0.8391590013140604,0.8297003988498284,0.6583609588212049
esmc_small,e5,s128,0,plots,plots,,250513/1_bulk,250513/1_bulk/4/plots/e5_s128/pred-esmc_small_fold0.csv,250513/1_bulk/4/plots/e5_s128/pred-esmc_small_fold0.csv,/home/hwjang/project/250513/1_bulk/4/plots/e5_s128/pred-esmc_small_fold0.csv,250513/1_bulk/4/plots/e5_s128/pred-esmc_small_fold0.csv,-0.24471,0.36503,dataset/full/test.csv,Exact 15-mer match,0.901054923872914,0.903193993529672,0.8073739212117654,0.8184584739666907,0.635866708906667
esmc_small,e5,s128,0,plots,plots,,250513/1_bulk,250513/1_bulk/4/plots/e5_s128/pred-esmc_small_fold0.csv,250513/1_bulk/4/plots/e5_s128/pred-esmc_small_fold0.csv,/home/hwjang/project/250513/1_bulk/4/plots/e5_s128/pred-esmc_small_fold0.csv,250513/1_bulk/4/plots/e5_s128/pred-esmc_small_fold0.csv,-0.24471,0.36503,dataset/full/test.csv,"9-mer overlap, not exact",0.9244222174741376,0.9836126967048344,0.9325513196480938,0.8879335053023789,0.6016720738903654
esmc_small,e5,s128,1,plots,plots,,250513/1_bulk,250513/1_bulk/4/plots/e5_s128/pred-esmc_small_fold1.csv,250513/1_bulk/4/plots/e5_s128/pred-esmc_small_fold1.csv,/home/hwjang/project/250513/1_bulk/4/plots/e5_s128/pred-esmc_small_fold1.csv,250513/1_bulk/4/plots/e5_s128/pred-esmc_small_fold1.csv,-0.69278,0.37791,dataset/full/test.csv,Overall,0.9224991199124098,0.9463117839528098,0.8603294940953492,0.8414956982131039,0.6784891986049683
esmc_small,e5,s128,1,plots,plots,,250513/1_bulk,250513/1_bulk/4/plots/e5_s128/pred-esmc_small_fold1.csv,250513/1_bulk/4/plots/e5_s128/pred-esmc_small_fold1.csv,/home/hwjang/project/250513/1_bulk/4/plots/e5_s128/pred-esmc_small_fold1.csv,250513/1_bulk/4/plots/e5_s128/pred-esmc_small_fold1.csv,-0.69278,0.37791,dataset/full/test.csv,No 9-mer overlap,0.8630222150836596,0.9953234388120497,0.956671390969832,0.918133129303749,0.2687987756634004
esmc_small,e5,s128,1,plots,plots,,250513/1_bulk,250513/1_bulk/4/plots/e5_s128/pred-esmc_small_fold1.csv,250513/1_bulk/4/plots/e5_s128/pred-esmc_small_fold1.csv,/home/hwjang/project/250513/1_bulk/4/plots/e5_s128/pred-esmc_small_fold1.csv,250513/1_bulk/4/plots/e5_s128/pred-esmc_small_fold1.csv,-0.69278,0.37791,dataset/full/test.csv,>=1 9-mer overlap,0.915013206786631,0.930258924656508,0.8391785571409521,0.8322048047490956,0.6647942798470189
esmc_small,e5,s128,1,plots,plots,,250513/1_bulk,250513/1_bulk/4/plots/e5_s128/pred-esmc_small_fold1.csv,250513/1_bulk/4/plots/e5_s128/pred-esmc_small_fold1.csv,/home/hwjang/project/250513/1_bulk/4/plots/e5_s128/pred-esmc_small_fold1.csv,250513/1_bulk/4/plots/e5_s128/pred-esmc_small_fold1.csv,-0.69278,0.37791,dataset/full/test.csv,Exact 15-mer match,0.9039189794452358,0.9042575410061912,0.8068600161623417,0.8214740220218004,0.6421797360772664
esmc_small,e5,s128,1,plots,plots,,250513/1_bulk,250513/1_bulk/4/plots/e5_s128/pred-esmc_small_fold1.csv,250513/1_bulk/4/plots/e5_s128/pred-esmc_small_fold1.csv,/home/hwjang/project/250513/1_bulk/4/plots/e5_s128/pred-esmc_small_fold1.csv,250513/1_bulk/4/plots/e5_s128/pred-esmc_small_fold1.csv,-0.69278,0.37791,dataset/full/test.csv,"9-mer overlap, not exact",0.9238064502727182,0.9834126816961886,0.9324009324009324,0.8877901977644024,0.6027382651529147
esmc_small,e5,s128,2,plots,plots,,250513/1_bulk,250513/1_bulk/4/plots/e5_s128/pred-esmc_small_fold2.csv,250513/1_bulk/4/plots/e5_s128/pred-esmc_small_fold2.csv,/home/hwjang/project/250513/1_bulk/4/plots/e5_s128/pred-esmc_small_fold2.csv,250513/1_bulk/4/plots/e5_s128/pred-esmc_small_fold2.csv,-2.38816,0.36399,dataset/full/test.csv,Overall,0.9201973605483538,0.9456252329824532,0.8544405317207175,0.8367182329583057,0.6714342169416481
esmc_small,e5,s128,2,plots,plots,,250513/1_bulk,250513/1_bulk/4/plots/e5_s128/pred-esmc_small_fold2.csv,250513/1_bulk/4/plots/e5_s128/pred-esmc_small_fold2.csv,/home/hwjang/project/250513/1_bulk/4/plots/e5_s128/pred-esmc_small_fold2.csv,250513/1_bulk/4/plots/e5_s128/pred-esmc_small_fold2.csv,-2.38816,0.36399,dataset/full/test.csv,No 9-mer overlap,0.8712095617353354,0.9956863116647052,0.9539460336782308,0.913159908186687,0.2486117503974964
esmc_small,e5,s128,2,plots,plots,,250513/1_bulk,250513/1_bulk/4/plots/e5_s128/pred-esmc_small_fold2.csv,250513/1_bulk/4/plots/e5_s128/pred-esmc_small_fold2.csv,/home/hwjang/project/250513/1_bulk/4/plots/e5_s128/pred-esmc_small_fold2.csv,250513/1_bulk/4/plots/e5_s128/pred-esmc_small_fold2.csv,-2.38816,0.36399,dataset/full/test.csv,>=1 9-mer overlap,0.9122807519292262,0.9292826447087514,0.8323381627272932,0.8274510713291903,0.657118514311472
esmc_small,e5,s128,2,plots,plots,,250513/1_bulk,250513/1_bulk/4/plots/e5_s128/pred-esmc_small_fold2.csv,250513/1_bulk/4/plots/e5_s128/pred-esmc_small_fold2.csv,/home/hwjang/project/250513/1_bulk/4/plots/e5_s128/pred-esmc_small_fold2.csv,250513/1_bulk/4/plots/e5_s128/pred-esmc_small_fold2.csv,-2.38816,0.36399,dataset/full/test.csv,Exact 15-mer match,0.9008429192964664,0.9030703654694552,0.7993072225091915,0.8172688540917391,0.6344687490019608
esmc_small,e5,s128,2,plots,plots,,250513/1_bulk,250513/1_bulk/4/plots/e5_s128/pred-esmc_small_fold2.csv,250513/1_bulk/4/plots/e5_s128/pred-esmc_small_fold2.csv,/home/hwjang/project/250513/1_bulk/4/plots/e5_s128/pred-esmc_small_fold2.csv,250513/1_bulk/4/plots/e5_s128/pred-esmc_small_fold2.csv,-2.38816,0.36399,dataset/full/test.csv,"9-mer overlap, not exact",0.9231647169844917,0.983446114127916,0.9271142109851788,0.880194898251648,0.5932983879379516
esmc_small,e5,s128,3,plots,plots,,250513/1_bulk,250513/1_bulk/4/plots/e5_s128/pred-esmc_small_fold3.csv,250513/1_bulk/4/plots/e5_s128/pred-esmc_small_fold3.csv,/home/hwjang/project/250513/1_bulk/4/plots/e5_s128/pred-esmc_small_fold3.csv,250513/1_bulk/4/plots/e5_s128/pred-esmc_small_fold3.csv,-0.31326,0.37609,dataset/full/test.csv,Overall,0.9162193330042024,0.9420104826047512,0.8591265237644791,0.8367595962938451,0.6651062525622365
esmc_small,e5,s128,3,plots,plots,,250513/1_bulk,250513/1_bulk/4/plots/e5_s128/pred-esmc_small_fold3.csv,250513/1_bulk/4/plots/e5_s128/pred-esmc_small_fold3.csv,/home/hwjang/project/250513/1_bulk/4/plots/e5_s128/pred-esmc_small_fold3.csv,250513/1_bulk/4/plots/e5_s128/pred-esmc_small_fold3.csv,-0.31326,0.37609,dataset/full/test.csv,No 9-mer overlap,0.8774778043012299,0.995777194801474,0.9613215149073328,0.9265493496557,0.2768108103544412
esmc_small,e5,s128,3,plots,plots,,250513/1_bulk,250513/1_bulk/4/plots/e5_s128/pred-esmc_small_fold3.csv,250513/1_bulk/4/plots/e5_s128/pred-esmc_small_fold3.csv,/home/hwjang/project/250513/1_bulk/4/plots/e5_s128/pred-esmc_small_fold3.csv,250513/1_bulk/4/plots/e5_s128/pred-esmc_small_fold3.csv,-0.31326,0.37609,dataset/full/test.csv,>=1 9-mer overlap,0.9077408450811356,0.9244073515091916,0.8371185006832823,0.8258742231703924,0.6500825186804816
esmc_small,e5,s128,3,plots,plots,,250513/1_bulk,250513/1_bulk/4/plots/e5_s128/pred-esmc_small_fold3.csv,250513/1_bulk/4/plots/e5_s128/pred-esmc_small_fold3.csv,/home/hwjang/project/250513/1_bulk/4/plots/e5_s128/pred-esmc_small_fold3.csv,250513/1_bulk/4/plots/e5_s128/pred-esmc_small_fold3.csv,-0.31326,0.37609,dataset/full/test.csv,Exact 15-mer match,0.8962054674359917,0.8971154064678858,0.80484475296988,0.814114978144193,0.6273893408102218
esmc_small,e5,s128,3,plots,plots,,250513/1_bulk,250513/1_bulk/4/plots/e5_s128/pred-esmc_small_fold3.csv,250513/1_bulk/4/plots/e5_s128/pred-esmc_small_fold3.csv,/home/hwjang/project/250513/1_bulk/4/plots/e5_s128/pred-esmc_small_fold3.csv,250513/1_bulk/4/plots/e5_s128/pred-esmc_small_fold3.csv,-0.31326,0.37609,dataset/full/test.csv,"9-mer overlap, not exact",0.9190019823252557,0.9823800422035798,0.9323166552433172,0.886787044998567,0.586530426403606
esmc_small,e5,s128,4,plots,plots,,250513/1_bulk,250513/1_bulk/4/plots/e5_s128/pred-esmc_small_fold4.csv,250513/1_bulk/4/plots/e5_s128/pred-esmc_small_fold4.csv,/home/hwjang/project/250513/1_bulk/4/plots/e5_s128/pred-esmc_small_fold4.csv,250513/1_bulk/4/plots/e5_s128/pred-esmc_small_fold4.csv,-0.87525,0.37896,dataset/full/test.csv,Overall,0.9237817633759142,0.9475703099109436,0.8636380129903117,0.8445565850430179,0.6838272336863949
esmc_small,e5,s128,4,plots,plots,,250513/1_bulk,250513/1_bulk/4/plots/e5_s128/pred-esmc_small_fold4.csv,250513/1_bulk/4/plots/e5_s128/pred-esmc_small_fold4.csv,/home/hwjang/project/250513/1_bulk/4/plots/e5_s128/pred-esmc_small_fold4.csv,250513/1_bulk/4/plots/e5_s128/pred-esmc_small_fold4.csv,-0.87525,0.37896,dataset/full/test.csv,No 9-mer overlap,0.8774445730616494,0.9957935192691004,0.9590867764420647,0.9225325172149962,0.2817496974105069
esmc_small,e5,s128,4,plots,plots,,250513/1_bulk,250513/1_bulk/4/plots/e5_s128/pred-esmc_small_fold4.csv,250513/1_bulk/4/plots/e5_s128/pred-esmc_small_fold4.csv,/home/hwjang/project/250513/1_bulk/4/plots/e5_s128/pred-esmc_small_fold4.csv,250513/1_bulk/4/plots/e5_s128/pred-esmc_small_fold4.csv,-0.87525,0.37896,dataset/full/test.csv,>=1 9-mer overlap,0.915969090154088,0.9317089486853428,0.8427430947168226,0.8351034226880624,0.6700615061074381
esmc_small,e5,s128,4,plots,plots,,250513/1_bulk,250513/1_bulk/4/plots/e5_s128/pred-esmc_small_fold4.csv,250513/1_bulk/4/plots/e5_s128/pred-esmc_small_fold4.csv,/home/hwjang/project/250513/1_bulk/4/plots/e5_s128/pred-esmc_small_fold4.csv,250513/1_bulk/4/plots/e5_s128/pred-esmc_small_fold4.csv,-0.87525,0.37896,dataset/full/test.csv,Exact 15-mer match,0.9048713913519788,0.9065080202451418,0.8124740863590594,0.8248215570187573,0.6486581506925433
esmc_small,e5,s128,4,plots,plots,,250513/1_bulk,250513/1_bulk/4/plots/e5_s128/pred-esmc_small_fold4.csv,250513/1_bulk/4/plots/e5_s128/pred-esmc_small_fold4.csv,/home/hwjang/project/250513/1_bulk/4/plots/e5_s128/pred-esmc_small_fold4.csv,250513/1_bulk/4/plots/e5_s128/pred-esmc_small_fold4.csv,-0.87525,0.37896,dataset/full/test.csv,"9-mer overlap, not exact",0.9302663675373466,0.9848138677419676,0.9319828865799354,0.8883634279163084,0.6238024774155614
esmc_small,e5,s42,0,plots,plots,,250513/1_bulk,250513/1_bulk/2/plots/e5_s42/pred-esmc_small_fold0.csv,250513/1_bulk/2/plots/e5_s42/pred-esmc_small_fold0.csv,/home/hwjang/project/250513/1_bulk/2/plots/e5_s42/pred-esmc_small_fold0.csv,250513/1_bulk/2/plots/e5_s42/pred-esmc_small_fold0.csv,-0.07847,0.35979,dataset/full/test.csv,Overall,0.9210496713008296,0.9458804085935282,0.8635698545614808,0.8399445731303772,0.6701781583625304
esmc_small,e5,s42,0,plots,plots,,250513/1_bulk,250513/1_bulk/2/plots/e5_s42/pred-esmc_small_fold0.csv,250513/1_bulk/2/plots/e5_s42/pred-esmc_small_fold0.csv,/home/hwjang/project/250513/1_bulk/2/plots/e5_s42/pred-esmc_small_fold0.csv,250513/1_bulk/2/plots/e5_s42/pred-esmc_small_fold0.csv,-0.07847,0.35979,dataset/full/test.csv,No 9-mer overlap,0.8798870691708252,0.9958412711901584,0.9657451923076924,0.934583014537108,0.2711500048333634
esmc_small,e5,s42,0,plots,plots,,250513/1_bulk,250513/1_bulk/2/plots/e5_s42/pred-esmc_small_fold0.csv,250513/1_bulk/2/plots/e5_s42/pred-esmc_small_fold0.csv,/home/hwjang/project/250513/1_bulk/2/plots/e5_s42/pred-esmc_small_fold0.csv,250513/1_bulk/2/plots/e5_s42/pred-esmc_small_fold0.csv,-0.07847,0.35979,dataset/full/test.csv,>=1 9-mer overlap,0.9127108996606732,0.9290404547931193,0.8417449348537687,0.8284713848437065,0.6549327081404979
esmc_small,e5,s42,0,plots,plots,,250513/1_bulk,250513/1_bulk/2/plots/e5_s42/pred-esmc_small_fold0.csv,250513/1_bulk/2/plots/e5_s42/pred-esmc_small_fold0.csv,/home/hwjang/project/250513/1_bulk/2/plots/e5_s42/pred-esmc_small_fold0.csv,250513/1_bulk/2/plots/e5_s42/pred-esmc_small_fold0.csv,-0.07847,0.35979,dataset/full/test.csv,Exact 15-mer match,0.9007486473072694,0.9017807865689929,0.8099828864803195,0.815691916117966,0.6315663107115438
esmc_small,e5,s42,0,plots,plots,,250513/1_bulk,250513/1_bulk/2/plots/e5_s42/pred-esmc_small_fold0.csv,250513/1_bulk/2/plots/e5_s42/pred-esmc_small_fold0.csv,/home/hwjang/project/250513/1_bulk/2/plots/e5_s42/pred-esmc_small_fold0.csv,250513/1_bulk/2/plots/e5_s42/pred-esmc_small_fold0.csv,-0.07847,0.35979,dataset/full/test.csv,"9-mer overlap, not exact",0.9311263643323896,0.9853749499545408,0.9370773050252548,0.8946689595872743,0.6141671675499302
esmc_small,e5,s42,1,plots,plots,,250513/1_bulk,250513/1_bulk/2/plots/e5_s42/pred-esmc_small_fold1.csv,250513/1_bulk/2/plots/e5_s42/pred-esmc_small_fold1.csv,/home/hwjang/project/250513/1_bulk/2/plots/e5_s42/pred-esmc_small_fold1.csv,250513/1_bulk/2/plots/e5_s42/pred-esmc_small_fold1.csv,-0.55345,0.38566,dataset/full/test.csv,Overall,0.9168695762259726,0.9433056089709386,0.8564145829219695,0.8345673395102581,0.6614944314903004
esmc_small,e5,s42,1,plots,plots,,250513/1_bulk,250513/1_bulk/2/plots/e5_s42/pred-esmc_small_fold1.csv,250513/1_bulk/2/plots/e5_s42/pred-esmc_small_fold1.csv,/home/hwjang/project/250513/1_bulk/2/plots/e5_s42/pred-esmc_small_fold1.csv,250513/1_bulk/2/plots/e5_s42/pred-esmc_small_fold1.csv,-0.55345,0.38566,dataset/full/test.csv,No 9-mer overlap,0.879257060253776,0.99596585591357,0.9637368156705172,0.9309487375669472,0.2803407782075347
esmc_small,e5,s42,1,plots,plots,,250513/1_bulk,250513/1_bulk/2/plots/e5_s42/pred-esmc_small_fold1.csv,250513/1_bulk/2/plots/e5_s42/pred-esmc_small_fold1.csv,/home/hwjang/project/250513/1_bulk/2/plots/e5_s42/pred-esmc_small_fold1.csv,250513/1_bulk/2/plots/e5_s42/pred-esmc_small_fold1.csv,-0.55345,0.38566,dataset/full/test.csv,>=1 9-mer overlap,0.9075895586113168,0.9254222942266944,0.8330637758447349,0.8228828494573788,0.6445255086408467
esmc_small,e5,s42,1,plots,plots,,250513/1_bulk,250513/1_bulk/2/plots/e5_s42/pred-esmc_small_fold1.csv,250513/1_bulk/2/plots/e5_s42/pred-esmc_small_fold1.csv,/home/hwjang/project/250513/1_bulk/2/plots/e5_s42/pred-esmc_small_fold1.csv,250513/1_bulk/2/plots/e5_s42/pred-esmc_small_fold1.csv,-0.55345,0.38566,dataset/full/test.csv,Exact 15-mer match,0.8948603732020066,0.8970517878852771,0.7994498258757425,0.810407790626902,0.6197561804914508
esmc_small,e5,s42,1,plots,plots,,250513/1_bulk,250513/1_bulk/2/plots/e5_s42/pred-esmc_small_fold1.csv,250513/1_bulk/2/plots/e5_s42/pred-esmc_small_fold1.csv,/home/hwjang/project/250513/1_bulk/2/plots/e5_s42/pred-esmc_small_fold1.csv,250513/1_bulk/2/plots/e5_s42/pred-esmc_small_fold1.csv,-0.55345,0.38566,dataset/full/test.csv,"9-mer overlap, not exact",0.9266524817643882,0.9844847542705908,0.9322282655615988,0.8875035826884494,0.6017224779333161
esmc_small,e5,s42,2,plots,plots,,250513/1_bulk,250513/1_bulk/2/plots/e5_s42/pred-esmc_small_fold2.csv,250513/1_bulk/2/plots/e5_s42/pred-esmc_small_fold2.csv,/home/hwjang/project/250513/1_bulk/2/plots/e5_s42/pred-esmc_small_fold2.csv,250513/1_bulk/2/plots/e5_s42/pred-esmc_small_fold2.csv,-0.43336,0.36848,dataset/full/test.csv,Overall,0.9172018463652808,0.9435337655611596,0.8578953794631177,0.8315064526803442,0.6518890431314041
esmc_small,e5,s42,2,plots,plots,,250513/1_bulk,250513/1_bulk/2/plots/e5_s42/pred-esmc_small_fold2.csv,250513/1_bulk/2/plots/e5_s42/pred-esmc_small_fold2.csv,/home/hwjang/project/250513/1_bulk/2/plots/e5_s42/pred-esmc_small_fold2.csv,250513/1_bulk/2/plots/e5_s42/pred-esmc_small_fold2.csv,-0.43336,0.36848,dataset/full/test.csv,No 9-mer overlap,0.8730372799122694,0.995738028565812,0.9626581007829752,0.9288446824789596,0.2415427642063471
esmc_small,e5,s42,2,plots,plots,,250513/1_bulk,250513/1_bulk/2/plots/e5_s42/pred-esmc_small_fold2.csv,250513/1_bulk/2/plots/e5_s42/pred-esmc_small_fold2.csv,/home/hwjang/project/250513/1_bulk/2/plots/e5_s42/pred-esmc_small_fold2.csv,250513/1_bulk/2/plots/e5_s42/pred-esmc_small_fold2.csv,-0.43336,0.36848,dataset/full/test.csv,>=1 9-mer overlap,0.9090218699442444,0.9266358869388436,0.8358631172285672,0.8197059641962712,0.637423464837202
esmc_small,e5,s42,2,plots,plots,,250513/1_bulk,250513/1_bulk/2/plots/e5_s42/pred-esmc_small_fold2.csv,250513/1_bulk/2/plots/e5_s42/pred-esmc_small_fold2.csv,/home/hwjang/project/250513/1_bulk/2/plots/e5_s42/pred-esmc_small_fold2.csv,250513/1_bulk/2/plots/e5_s42/pred-esmc_small_fold2.csv,-0.43336,0.36848,dataset/full/test.csv,Exact 15-mer match,0.8970469574019273,0.8993224471245498,0.803796579708517,0.806700603109611,0.6150765292784415
esmc_small,e5,s42,2,plots,plots,,250513/1_bulk,250513/1_bulk/2/plots/e5_s42/pred-esmc_small_fold2.csv,250513/1_bulk/2/plots/e5_s42/pred-esmc_small_fold2.csv,/home/hwjang/project/250513/1_bulk/2/plots/e5_s42/pred-esmc_small_fold2.csv,250513/1_bulk/2/plots/e5_s42/pred-esmc_small_fold2.csv,-0.43336,0.36848,dataset/full/test.csv,"9-mer overlap, not exact",0.9220315569562404,0.9834290974292328,0.9329817996257866,0.8870736600745199,0.5758722519799995
esmc_small,e5,s42,3,plots,plots,,250513/1_bulk,250513/1_bulk/2/plots/e5_s42/pred-esmc_small_fold3.csv,250513/1_bulk/2/plots/e5_s42/pred-esmc_small_fold3.csv,/home/hwjang/project/250513/1_bulk/2/plots/e5_s42/pred-esmc_small_fold3.csv,250513/1_bulk/2/plots/e5_s42/pred-esmc_small_fold3.csv,-3.49647,0.38022,dataset/full/test.csv,Overall,0.914725442155311,0.9412499535057188,0.850105922446348,0.831713269358041,0.6610436138437918
esmc_small,e5,s42,3,plots,plots,,250513/1_bulk,250513/1_bulk/2/plots/e5_s42/pred-esmc_small_fold3.csv,250513/1_bulk/2/plots/e5_s42/pred-esmc_small_fold3.csv,/home/hwjang/project/250513/1_bulk/2/plots/e5_s42/pred-esmc_small_fold3.csv,250513/1_bulk/2/plots/e5_s42/pred-esmc_small_fold3.csv,-3.49647,0.38022,dataset/full/test.csv,No 9-mer overlap,0.873436054787237,0.9958507765474436,0.9528551107498476,0.9112471308339708,0.2553057727487641
esmc_small,e5,s42,3,plots,plots,,250513/1_bulk,250513/1_bulk/2/plots/e5_s42/pred-esmc_small_fold3.csv,250513/1_bulk/2/plots/e5_s42/pred-esmc_small_fold3.csv,/home/hwjang/project/250513/1_bulk/2/plots/e5_s42/pred-esmc_small_fold3.csv,250513/1_bulk/2/plots/e5_s42/pred-esmc_small_fold3.csv,-3.49647,0.38022,dataset/full/test.csv,>=1 9-mer overlap,0.906325109017157,0.923538641846597,0.8273518889363904,0.822071236434468,0.6461218211356763
esmc_small,e5,s42,3,plots,plots,,250513/1_bulk,250513/1_bulk/2/plots/e5_s42/pred-esmc_small_fold3.csv,250513/1_bulk/2/plots/e5_s42/pred-esmc_small_fold3.csv,/home/hwjang/project/250513/1_bulk/2/plots/e5_s42/pred-esmc_small_fold3.csv,250513/1_bulk/2/plots/e5_s42/pred-esmc_small_fold3.csv,-3.49647,0.38022,dataset/full/test.csv,Exact 15-mer match,0.8942506462051506,0.8953246040705363,0.7938385032899724,0.8119017318652133,0.6235015884600188
esmc_small,e5,s42,3,plots,plots,,250513/1_bulk,250513/1_bulk/2/plots/e5_s42/pred-esmc_small_fold3.csv,250513/1_bulk/2/plots/e5_s42/pred-esmc_small_fold3.csv,/home/hwjang/project/250513/1_bulk/2/plots/e5_s42/pred-esmc_small_fold3.csv,250513/1_bulk/2/plots/e5_s42/pred-esmc_small_fold3.csv,-3.49647,0.38022,dataset/full/test.csv,"9-mer overlap, not exact",0.9193370190338837,0.9826976229485264,0.923761339846476,0.8747492118085411,0.5756284002517936
esmc_small,e5,s42,4,plots,plots,,250513/1_bulk,250513/1_bulk/2/plots/e5_s42/pred-esmc_small_fold4.csv,250513/1_bulk/2/plots/e5_s42/pred-esmc_small_fold4.csv,/home/hwjang/project/250513/1_bulk/2/plots/e5_s42/pred-esmc_small_fold4.csv,250513/1_bulk/2/plots/e5_s42/pred-esmc_small_fold4.csv,-0.85126,0.37247,dataset/full/test.csv,Overall,0.9159333382610094,0.9427493745130008,0.8561927917620137,0.8336366644606221,0.6589453152842909
esmc_small,e5,s42,4,plots,plots,,250513/1_bulk,250513/1_bulk/2/plots/e5_s42/pred-esmc_small_fold4.csv,250513/1_bulk/2/plots/e5_s42/pred-esmc_small_fold4.csv,/home/hwjang/project/250513/1_bulk/2/plots/e5_s42/pred-esmc_small_fold4.csv,250513/1_bulk/2/plots/e5_s42/pred-esmc_small_fold4.csv,-0.85126,0.37247,dataset/full/test.csv,No 9-mer overlap,0.8751059245761632,0.995831685360186,0.9591198142727364,0.9225325172149962,0.2676564040321801
esmc_small,e5,s42,4,plots,plots,,250513/1_bulk,250513/1_bulk/2/plots/e5_s42/pred-esmc_small_fold4.csv,250513/1_bulk/2/plots/e5_s42/pred-esmc_small_fold4.csv,/home/hwjang/project/250513/1_bulk/2/plots/e5_s42/pred-esmc_small_fold4.csv,250513/1_bulk/2/plots/e5_s42/pred-esmc_small_fold4.csv,-0.85126,0.37247,dataset/full/test.csv,>=1 9-mer overlap,0.9074587856710112,0.9254807553395048,0.8340394099372135,0.8228596605138669,0.6441050542070036
esmc_small,e5,s42,4,plots,plots,,250513/1_bulk,250513/1_bulk/2/plots/e5_s42/pred-esmc_small_fold4.csv,250513/1_bulk/2/plots/e5_s42/pred-esmc_small_fold4.csv,/home/hwjang/project/250513/1_bulk/2/plots/e5_s42/pred-esmc_small_fold4.csv,250513/1_bulk/2/plots/e5_s42/pred-esmc_small_fold4.csv,-0.85126,0.37247,dataset/full/test.csv,Exact 15-mer match,0.8953202230174178,0.897995931593428,0.8016008816449639,0.8107397775687489,0.6206796379643164
esmc_small,e5,s42,4,plots,plots,,250513/1_bulk,250513/1_bulk/2/plots/e5_s42/pred-esmc_small_fold4.csv,250513/1_bulk/2/plots/e5_s42/pred-esmc_small_fold4.csv,/home/hwjang/project/250513/1_bulk/2/plots/e5_s42/pred-esmc_small_fold4.csv,250513/1_bulk/2/plots/e5_s42/pred-esmc_small_fold4.csv,-0.85126,0.37247,dataset/full/test.csv,"9-mer overlap, not exact",0.9247370748238756,0.9838930103173736,0.9308971250432976,0.8856405846947549,0.6002634504193265
