model,lr,seed,fold,dir,kind,group,root,rel,path,src_path,file_path,val_auc,val_loss,test_path,roc_auc,pr_auc,f1,accuracy,mcc
af3,e5,s100,0,plots_1000,plots,1000,260830/2_ic50,260830/2_ic50/plots_1000/e5_s100/pred-af3_fold0.csv,260830/2_ic50/plots_1000/e5_s100/pred-af3_fold0.csv,/home/hwjang/project/260830/2_ic50/plots_1000/e5_s100/pred-af3_fold0.csv,260830/2_ic50/plots_1000/e5_s100/pred-af3_fold0.csv,-0.06033,0.54202,dataset/ic50/test.csv,0.8026232273911149,0.7626970963940736,0.7017244057790897,0.7286219081272085,0.4529300382776969
af3,e5,s100,1,plots_1000,plots,1000,260830/2_ic50,260830/2_ic50/plots_1000/e5_s100/pred-af3_fold1.csv,260830/2_ic50/plots_1000/e5_s100/pred-af3_fold1.csv,/home/hwjang/project/260830/2_ic50/plots_1000/e5_s100/pred-af3_fold1.csv,260830/2_ic50/plots_1000/e5_s100/pred-af3_fold1.csv,-0.08361,0.53107,dataset/ic50/test.csv,0.798341176405532,0.7619349264574891,0.6938237119801366,0.7211307420494699,0.43789772569212
af3,e5,s100,2,plots_1000,plots,1000,260830/2_ic50,260830/2_ic50/plots_1000/e5_s100/pred-af3_fold2.csv,260830/2_ic50/plots_1000/e5_s100/pred-af3_fold2.csv,/home/hwjang/project/260830/2_ic50/plots_1000/e5_s100/pred-af3_fold2.csv,260830/2_ic50/plots_1000/e5_s100/pred-af3_fold2.csv,0.12814,0.54963,dataset/ic50/test.csv,0.7834706109754082,0.739357005178052,0.6781990521327014,0.7120848056537102,0.4185965862619359
af3,e5,s100,3,plots_1000,plots,1000,260830/2_ic50,260830/2_ic50/plots_1000/e5_s100/pred-af3_fold3.csv,260830/2_ic50/plots_1000/e5_s100/pred-af3_fold3.csv,/home/hwjang/project/260830/2_ic50/plots_1000/e5_s100/pred-af3_fold3.csv,260830/2_ic50/plots_1000/e5_s100/pred-af3_fold3.csv,-0.2749,0.53454,dataset/ic50/test.csv,0.8066565186813585,0.7703479199631331,0.7065803667745415,0.7308833922261484,0.4580563845259238
af3,e5,s100,4,plots_1000,plots,1000,260830/2_ic50,260830/2_ic50/plots_1000/e5_s100/pred-af3_fold4.csv,260830/2_ic50/plots_1000/e5_s100/pred-af3_fold4.csv,/home/hwjang/project/260830/2_ic50/plots_1000/e5_s100/pred-af3_fold4.csv,260830/2_ic50/plots_1000/e5_s100/pred-af3_fold4.csv,-0.28194,0.55394,dataset/ic50/test.csv,0.7820615625450866,0.7404415190626324,0.6851837642906469,0.710035335689046,0.416437953336975
af3,e5,s100,0,plots_500,plots,500,260830/2_ic50,260830/2_ic50/plots_500/e5_s100/pred-af3_fold0.csv,260830/2_ic50/plots_500/e5_s100/pred-af3_fold0.csv,/home/hwjang/project/260830/2_ic50/plots_500/e5_s100/pred-af3_fold0.csv,260830/2_ic50/plots_500/e5_s100/pred-af3_fold0.csv,0.33096,0.53335,dataset/ic50/test.csv,0.7897649780515144,0.6757485355521244,0.6249509611612397,0.7297526501766785,0.4139647791838729
af3,e5,s100,1,plots_500,plots,500,260830/2_ic50,260830/2_ic50/plots_500/e5_s100/pred-af3_fold1.csv,260830/2_ic50/plots_500/e5_s100/pred-af3_fold1.csv,/home/hwjang/project/260830/2_ic50/plots_500/e5_s100/pred-af3_fold1.csv,260830/2_ic50/plots_500/e5_s100/pred-af3_fold1.csv,0.37466,0.49897,dataset/ic50/test.csv,0.806263885618647,0.6971821356591126,0.6327775518503457,0.7447349823321555,0.439537637303041
af3,e5,s100,2,plots_500,plots,500,260830/2_ic50,260830/2_ic50/plots_500/e5_s100/pred-af3_fold2.csv,260830/2_ic50/plots_500/e5_s100/pred-af3_fold2.csv,/home/hwjang/project/260830/2_ic50/plots_500/e5_s100/pred-af3_fold2.csv,260830/2_ic50/plots_500/e5_s100/pred-af3_fold2.csv,0.33371,0.51725,dataset/ic50/test.csv,0.8003096359566868,0.6895662953742272,0.6482991284790554,0.7347703180212014,0.4361395657470628
af3,e5,s100,3,plots_500,plots,500,260830/2_ic50,260830/2_ic50/plots_500/e5_s100/pred-af3_fold3.csv,260830/2_ic50/plots_500/e5_s100/pred-af3_fold3.csv,/home/hwjang/project/260830/2_ic50/plots_500/e5_s100/pred-af3_fold3.csv,260830/2_ic50/plots_500/e5_s100/pred-af3_fold3.csv,0.36612,0.51219,dataset/ic50/test.csv,0.8047367687739415,0.6967545450433126,0.6261316872427983,0.7431802120141343,0.4340993563447999
af3,e5,s100,4,plots_500,plots,500,260830/2_ic50,260830/2_ic50/plots_500/e5_s100/pred-af3_fold4.csv,260830/2_ic50/plots_500/e5_s100/pred-af3_fold4.csv,/home/hwjang/project/260830/2_ic50/plots_500/e5_s100/pred-af3_fold4.csv,260830/2_ic50/plots_500/e5_s100/pred-af3_fold4.csv,0.36189,0.52054,dataset/ic50/test.csv,0.7997898073621059,0.6901750377229253,0.6346078044934963,0.7379505300353357,0.4307284009021914
af3,e5,s128,0,plots_1000,plots,1000,260830/2_ic50,260830/2_ic50/plots_1000/e5_s128/pred-af3_fold0.csv,260830/2_ic50/plots_1000/e5_s128/pred-af3_fold0.csv,/home/hwjang/project/260830/2_ic50/plots_1000/e5_s128/pred-af3_fold0.csv,260830/2_ic50/plots_1000/e5_s128/pred-af3_fold0.csv,-0.17671,0.54201,dataset/ic50/test.csv,0.8063377318549045,0.7710992693103527,0.7141450109856807,0.7333568904593639,0.4645572355671576
af3,e5,s128,1,plots_1000,plots,1000,260830/2_ic50,260830/2_ic50/plots_1000/e5_s128/pred-af3_fold1.csv,260830/2_ic50/plots_1000/e5_s128/pred-af3_fold1.csv,/home/hwjang/project/260830/2_ic50/plots_1000/e5_s128/pred-af3_fold1.csv,260830/2_ic50/plots_1000/e5_s128/pred-af3_fold1.csv,-0.1355,0.52434,dataset/ic50/test.csv,0.806987832974484,0.7709631836440536,0.7042973286875726,0.7301060070671378,0.4561349913859577
af3,e5,s128,2,plots_1000,plots,1000,260830/2_ic50,260830/2_ic50/plots_1000/e5_s128/pred-af3_fold2.csv,260830/2_ic50/plots_1000/e5_s128/pred-af3_fold2.csv,/home/hwjang/project/260830/2_ic50/plots_1000/e5_s128/pred-af3_fold2.csv,260830/2_ic50/plots_1000/e5_s128/pred-af3_fold2.csv,-0.51008,0.5308,dataset/ic50/test.csv,0.8039596446663506,0.7669498916388121,0.7077112513467755,0.7315901060070671,0.4595751529114013
af3,e5,s128,3,plots_1000,plots,1000,260830/2_ic50,260830/2_ic50/plots_1000/e5_s128/pred-af3_fold3.csv,260830/2_ic50/plots_1000/e5_s128/pred-af3_fold3.csv,/home/hwjang/project/260830/2_ic50/plots_1000/e5_s128/pred-af3_fold3.csv,260830/2_ic50/plots_1000/e5_s128/pred-af3_fold3.csv,-0.11004,0.54399,dataset/ic50/test.csv,0.7975805701605998,0.7596468317555691,0.6941865001950839,0.7230388692579506,0.441380586808018
af3,e5,s128,4,plots_1000,plots,1000,260830/2_ic50,260830/2_ic50/plots_1000/e5_s128/pred-af3_fold4.csv,260830/2_ic50/plots_1000/e5_s128/pred-af3_fold4.csv,/home/hwjang/project/260830/2_ic50/plots_1000/e5_s128/pred-af3_fold4.csv,260830/2_ic50/plots_1000/e5_s128/pred-af3_fold4.csv,-0.28519,0.52522,dataset/ic50/test.csv,0.8084346749418996,0.7699664551948946,0.7095694507835083,0.7301766784452297,0.4577585452686494
af3,e5,s128,0,plots_500,plots,500,260830/2_ic50,260830/2_ic50/plots_500/e5_s128/pred-af3_fold0.csv,260830/2_ic50/plots_500/e5_s128/pred-af3_fold0.csv,/home/hwjang/project/260830/2_ic50/plots_500/e5_s128/pred-af3_fold0.csv,260830/2_ic50/plots_500/e5_s128/pred-af3_fold0.csv,0.34677,0.53544,dataset/ic50/test.csv,0.7899344604823985,0.6808909399247975,0.6298516262159772,0.7337809187279152,0.4222898303593934
af3,e5,s128,1,plots_500,plots,500,260830/2_ic50,260830/2_ic50/plots_500/e5_s128/pred-af3_fold1.csv,260830/2_ic50/plots_500/e5_s128/pred-af3_fold1.csv,/home/hwjang/project/260830/2_ic50/plots_500/e5_s128/pred-af3_fold1.csv,260830/2_ic50/plots_500/e5_s128/pred-af3_fold1.csv,0.37534,0.49295,dataset/ic50/test.csv,0.8095620535259402,0.6998856389403689,0.6284470246734397,0.7467137809187279,0.4407795124608742
af3,e5,s128,2,plots_500,plots,500,260830/2_ic50,260830/2_ic50/plots_500/e5_s128/pred-af3_fold2.csv,260830/2_ic50/plots_500/e5_s128/pred-af3_fold2.csv,/home/hwjang/project/260830/2_ic50/plots_500/e5_s128/pred-af3_fold2.csv,260830/2_ic50/plots_500/e5_s128/pred-af3_fold2.csv,0.31036,0.50459,dataset/ic50/test.csv,0.8093737456901655,0.703943612579417,0.6551126516464472,0.7468551236749117,0.4551599642180258
af3,e5,s128,3,plots_500,plots,500,260830/2_ic50,260830/2_ic50/plots_500/e5_s128/pred-af3_fold3.csv,260830/2_ic50/plots_500/e5_s128/pred-af3_fold3.csv,/home/hwjang/project/260830/2_ic50/plots_500/e5_s128/pred-af3_fold3.csv,260830/2_ic50/plots_500/e5_s128/pred-af3_fold3.csv,0.37097,0.51207,dataset/ic50/test.csv,0.8094941852519669,0.7033295253122296,0.6342757987138921,0.7467844522968198,0.4433946851389608
af3,e5,s128,4,plots_500,plots,500,260830/2_ic50,260830/2_ic50/plots_500/e5_s128/pred-af3_fold4.csv,260830/2_ic50/plots_500/e5_s128/pred-af3_fold4.csv,/home/hwjang/project/260830/2_ic50/plots_500/e5_s128/pred-af3_fold4.csv,260830/2_ic50/plots_500/e5_s128/pred-af3_fold4.csv,0.40464,0.50788,dataset/ic50/test.csv,0.8104321099531012,0.70438990541891,0.6270793851337123,0.7496819787985866,0.4452804510966597
af3,e5,s42,0,plots_1000,plots,1000,260830/2_ic50,260830/2_ic50/plots_1000/e5_s42/pred-af3_fold0.csv,260830/2_ic50/plots_1000/e5_s42/pred-af3_fold0.csv,/home/hwjang/project/260830/2_ic50/plots_1000/e5_s42/pred-af3_fold0.csv,260830/2_ic50/plots_1000/e5_s42/pred-af3_fold0.csv,-1.28867,0.55666,dataset/ic50/test.csv,0.7921111948398099,0.7524174775184101,0.6929650541736609,0.7156183745583039,0.4281899840314652
af3,e5,s42,1,plots_1000,plots,1000,260830/2_ic50,260830/2_ic50/plots_1000/e5_s42/pred-af3_fold1.csv,260830/2_ic50/plots_1000/e5_s42/pred-af3_fold1.csv,/home/hwjang/project/260830/2_ic50/plots_1000/e5_s42/pred-af3_fold1.csv,260830/2_ic50/plots_1000/e5_s42/pred-af3_fold1.csv,-0.18008,0.54252,dataset/ic50/test.csv,0.7869785731054595,0.7459630972253886,0.6791673287780073,0.7146289752650177,0.4235024953083551
af3,e5,s42,2,plots_1000,plots,1000,260830/2_ic50,260830/2_ic50/plots_1000/e5_s42/pred-af3_fold2.csv,260830/2_ic50/plots_1000/e5_s42/pred-af3_fold2.csv,/home/hwjang/project/260830/2_ic50/plots_1000/e5_s42/pred-af3_fold2.csv,260830/2_ic50/plots_1000/e5_s42/pred-af3_fold2.csv,-0.02729,0.55303,dataset/ic50/test.csv,0.7788796362811923,0.7388757771202911,0.6722795869737888,0.7084098939929329,0.4109116848493176
af3,e5,s42,3,plots_1000,plots,1000,260830/2_ic50,260830/2_ic50/plots_1000/e5_s42/pred-af3_fold3.csv,260830/2_ic50/plots_1000/e5_s42/pred-af3_fold3.csv,/home/hwjang/project/260830/2_ic50/plots_1000/e5_s42/pred-af3_fold3.csv,260830/2_ic50/plots_1000/e5_s42/pred-af3_fold3.csv,-0.8505,0.56815,dataset/ic50/test.csv,0.7796004381597091,0.7383501719608456,0.6852333588370314,0.7092579505300354,0.4151342862542905
af3,e5,s42,4,plots_1000,plots,1000,260830/2_ic50,260830/2_ic50/plots_1000/e5_s42/pred-af3_fold4.csv,260830/2_ic50/plots_1000/e5_s42/pred-af3_fold4.csv,/home/hwjang/project/260830/2_ic50/plots_1000/e5_s42/pred-af3_fold4.csv,260830/2_ic50/plots_1000/e5_s42/pred-af3_fold4.csv,-0.0511,0.53236,dataset/ic50/test.csv,0.7994438548804588,0.7597628341943623,0.7017218747587058,0.7269964664310954,0.4500697477712163
af3,e5,s42,0,plots_500,plots,500,260830/2_ic50,260830/2_ic50/plots_500/e5_s42/pred-af3_fold0.csv,260830/2_ic50/plots_500/e5_s42/pred-af3_fold0.csv,/home/hwjang/project/260830/2_ic50/plots_500/e5_s42/pred-af3_fold0.csv,260830/2_ic50/plots_500/e5_s42/pred-af3_fold0.csv,0.35029,0.51277,dataset/ic50/test.csv,0.8109979585946083,0.7020168821696898,0.6481002586035409,0.7499646643109541,0.4550215320768285
af3,e5,s42,1,plots_500,plots,500,260830/2_ic50,260830/2_ic50/plots_500/e5_s42/pred-af3_fold1.csv,260830/2_ic50/plots_500/e5_s42/pred-af3_fold1.csv,/home/hwjang/project/260830/2_ic50/plots_500/e5_s42/pred-af3_fold1.csv,260830/2_ic50/plots_500/e5_s42/pred-af3_fold1.csv,0.31469,0.51295,dataset/ic50/test.csv,0.7968487842790185,0.686133658212487,0.6449957228400343,0.7360424028268551,0.4351036823893857
af3,e5,s42,2,plots_500,plots,500,260830/2_ic50,260830/2_ic50/plots_500/e5_s42/pred-af3_fold2.csv,260830/2_ic50/plots_500/e5_s42/pred-af3_fold2.csv,/home/hwjang/project/260830/2_ic50/plots_500/e5_s42/pred-af3_fold2.csv,260830/2_ic50/plots_500/e5_s42/pred-af3_fold2.csv,0.35933,0.51546,dataset/ic50/test.csv,0.7901285127560083,0.6787060934410916,0.6171684296175752,0.7339929328621908,0.4157317580634168
af3,e5,s42,3,plots_500,plots,500,260830/2_ic50,260830/2_ic50/plots_500/e5_s42/pred-af3_fold3.csv,260830/2_ic50/plots_500/e5_s42/pred-af3_fold3.csv,/home/hwjang/project/260830/2_ic50/plots_500/e5_s42/pred-af3_fold3.csv,260830/2_ic50/plots_500/e5_s42/pred-af3_fold3.csv,0.37205,0.51424,dataset/ic50/test.csv,0.8085295499906369,0.6992619885265259,0.6345038167938931,0.7462190812720848,0.4426248403743814
af3,e5,s42,4,plots_500,plots,500,260830/2_ic50,260830/2_ic50/plots_500/e5_s42/pred-af3_fold4.csv,260830/2_ic50/plots_500/e5_s42/pred-af3_fold4.csv,/home/hwjang/project/260830/2_ic50/plots_500/e5_s42/pred-af3_fold4.csv,260830/2_ic50/plots_500/e5_s42/pred-af3_fold4.csv,0.39455,0.51217,dataset/ic50/test.csv,0.8071697641019709,0.6983439540623136,0.6216947740995211,0.7431802120141343,0.4322545420828624
blosum,e3,s100,0,plots_1000,plots,1000,260905/9_blosum_rerun/4_ic50,260905/9_blosum_rerun/4_ic50/plots_1000/e3_s100/pred-blosum_fold0.csv,260905/9_blosum_rerun/4_ic50/plots_1000/e3_s100/pred-blosum_fold0.csv,/home/hwjang/project/260905/9_blosum_rerun/4_ic50/plots_1000/e3_s100/pred-blosum_fold0.csv,260905/9_blosum_rerun/4_ic50/plots_1000/e3_s100/pred-blosum_fold0.csv,,,dataset/ic50/test.csv,0.7933997041064654,0.7504765758027174,0.6922239502332815,0.7202826855123675,0.4360403557616493
blosum,e3,s100,1,plots_1000,plots,1000,260905/9_blosum_rerun/4_ic50,260905/9_blosum_rerun/4_ic50/plots_1000/e3_s100/pred-blosum_fold1.csv,260905/9_blosum_rerun/4_ic50/plots_1000/e3_s100/pred-blosum_fold1.csv,/home/hwjang/project/260905/9_blosum_rerun/4_ic50/plots_1000/e3_s100/pred-blosum_fold1.csv,260905/9_blosum_rerun/4_ic50/plots_1000/e3_s100/pred-blosum_fold1.csv,,,dataset/ic50/test.csv,0.798194647272888,0.7539935488623772,0.682764767847014,0.723321554770318,0.4407560673718076
blosum,e3,s100,2,plots_1000,plots,1000,260905/9_blosum_rerun/4_ic50,260905/9_blosum_rerun/4_ic50/plots_1000/e3_s100/pred-blosum_fold2.csv,260905/9_blosum_rerun/4_ic50/plots_1000/e3_s100/pred-blosum_fold2.csv,/home/hwjang/project/260905/9_blosum_rerun/4_ic50/plots_1000/e3_s100/pred-blosum_fold2.csv,260905/9_blosum_rerun/4_ic50/plots_1000/e3_s100/pred-blosum_fold2.csv,,,dataset/ic50/test.csv,0.7867619062460883,0.7456898035511015,0.6972819593787336,0.7134982332155477,0.4263917819105065
blosum,e3,s100,3,plots_1000,plots,1000,260905/9_blosum_rerun/4_ic50,260905/9_blosum_rerun/4_ic50/plots_1000/e3_s100/pred-blosum_fold3.csv,260905/9_blosum_rerun/4_ic50/plots_1000/e3_s100/pred-blosum_fold3.csv,/home/hwjang/project/260905/9_blosum_rerun/4_ic50/plots_1000/e3_s100/pred-blosum_fold3.csv,260905/9_blosum_rerun/4_ic50/plots_1000/e3_s100/pred-blosum_fold3.csv,,,dataset/ic50/test.csv,0.801109113128755,0.7610117308877923,0.6878468591651251,0.7257243816254417,0.4457135279879698
blosum,e3,s100,4,plots_1000,plots,1000,260905/9_blosum_rerun/4_ic50,260905/9_blosum_rerun/4_ic50/plots_1000/e3_s100/pred-blosum_fold4.csv,260905/9_blosum_rerun/4_ic50/plots_1000/e3_s100/pred-blosum_fold4.csv,/home/hwjang/project/260905/9_blosum_rerun/4_ic50/plots_1000/e3_s100/pred-blosum_fold4.csv,260905/9_blosum_rerun/4_ic50/plots_1000/e3_s100/pred-blosum_fold4.csv,,,dataset/ic50/test.csv,0.8033118459463442,0.7622331031789582,0.70610716196591,0.7282685512367492,0.4534682806433457
blosum,e3,s100,0,plots_500,plots,500,260905/9_blosum_rerun/4_ic50,260905/9_blosum_rerun/4_ic50/plots_500/e3_s100/pred-blosum_fold0.csv,260905/9_blosum_rerun/4_ic50/plots_500/e3_s100/pred-blosum_fold0.csv,/home/hwjang/project/260905/9_blosum_rerun/4_ic50/plots_500/e3_s100/pred-blosum_fold0.csv,260905/9_blosum_rerun/4_ic50/plots_500/e3_s100/pred-blosum_fold0.csv,,,dataset/ic50/test.csv,0.7942961884643771,0.6789586627914039,0.6026638252530634,0.7364664310954063,0.4137942342449323
blosum,e3,s100,1,plots_500,plots,500,260905/9_blosum_rerun/4_ic50,260905/9_blosum_rerun/4_ic50/plots_500/e3_s100/pred-blosum_fold1.csv,260905/9_blosum_rerun/4_ic50/plots_500/e3_s100/pred-blosum_fold1.csv,/home/hwjang/project/260905/9_blosum_rerun/4_ic50/plots_500/e3_s100/pred-blosum_fold1.csv,260905/9_blosum_rerun/4_ic50/plots_500/e3_s100/pred-blosum_fold1.csv,,,dataset/ic50/test.csv,0.7986612727471132,0.6898753163326448,0.5965065502183406,0.7387985865724381,0.4161838592219977
blosum,e3,s100,2,plots_500,plots,500,260905/9_blosum_rerun/4_ic50,260905/9_blosum_rerun/4_ic50/plots_500/e3_s100/pred-blosum_fold2.csv,260905/9_blosum_rerun/4_ic50/plots_500/e3_s100/pred-blosum_fold2.csv,/home/hwjang/project/260905/9_blosum_rerun/4_ic50/plots_500/e3_s100/pred-blosum_fold2.csv,260905/9_blosum_rerun/4_ic50/plots_500/e3_s100/pred-blosum_fold2.csv,,,dataset/ic50/test.csv,0.7991254857169611,0.6831746125887481,0.6146017239588742,0.7377385159010601,0.4204505397754428
blosum,e3,s100,3,plots_500,plots,500,260905/9_blosum_rerun/4_ic50,260905/9_blosum_rerun/4_ic50/plots_500/e3_s100/pred-blosum_fold3.csv,260905/9_blosum_rerun/4_ic50/plots_500/e3_s100/pred-blosum_fold3.csv,/home/hwjang/project/260905/9_blosum_rerun/4_ic50/plots_500/e3_s100/pred-blosum_fold3.csv,260905/9_blosum_rerun/4_ic50/plots_500/e3_s100/pred-blosum_fold3.csv,,,dataset/ic50/test.csv,0.7959099021715782,0.6832466914172048,0.6137191631102321,0.7377385159010601,0.4200876517456891
blosum,e3,s100,4,plots_500,plots,500,260905/9_blosum_rerun/4_ic50,260905/9_blosum_rerun/4_ic50/plots_500/e3_s100/pred-blosum_fold4.csv,260905/9_blosum_rerun/4_ic50/plots_500/e3_s100/pred-blosum_fold4.csv,/home/hwjang/project/260905/9_blosum_rerun/4_ic50/plots_500/e3_s100/pred-blosum_fold4.csv,260905/9_blosum_rerun/4_ic50/plots_500/e3_s100/pred-blosum_fold4.csv,,,dataset/ic50/test.csv,0.8021081290809176,0.6856575211998345,0.6437989680871393,0.7365371024734982,0.4348371363277845
blosum,e3,s128,0,plots_1000,plots,1000,260905/9_blosum_rerun/4_ic50,260905/9_blosum_rerun/4_ic50/plots_1000/e3_s128/pred-blosum_fold0.csv,260905/9_blosum_rerun/4_ic50/plots_1000/e3_s128/pred-blosum_fold0.csv,/home/hwjang/project/260905/9_blosum_rerun/4_ic50/plots_1000/e3_s128/pred-blosum_fold0.csv,260905/9_blosum_rerun/4_ic50/plots_1000/e3_s128/pred-blosum_fold0.csv,,,dataset/ic50/test.csv,0.7899600900650453,0.7456057773365959,0.6918613528783021,0.7147703180212014,0.4264256309922963
blosum,e3,s128,1,plots_1000,plots,1000,260905/9_blosum_rerun/4_ic50,260905/9_blosum_rerun/4_ic50/plots_1000/e3_s128/pred-blosum_fold1.csv,260905/9_blosum_rerun/4_ic50/plots_1000/e3_s128/pred-blosum_fold1.csv,/home/hwjang/project/260905/9_blosum_rerun/4_ic50/plots_1000/e3_s128/pred-blosum_fold1.csv,260905/9_blosum_rerun/4_ic50/plots_1000/e3_s128/pred-blosum_fold1.csv,,,dataset/ic50/test.csv,0.7945494259333641,0.7538187379924766,0.682856455878817,0.7203533568904593,0.4348599638270222
blosum,e3,s128,2,plots_1000,plots,1000,260905/9_blosum_rerun/4_ic50,260905/9_blosum_rerun/4_ic50/plots_1000/e3_s128/pred-blosum_fold2.csv,260905/9_blosum_rerun/4_ic50/plots_1000/e3_s128/pred-blosum_fold2.csv,/home/hwjang/project/260905/9_blosum_rerun/4_ic50/plots_1000/e3_s128/pred-blosum_fold2.csv,260905/9_blosum_rerun/4_ic50/plots_1000/e3_s128/pred-blosum_fold2.csv,,,dataset/ic50/test.csv,0.8020696360248116,0.7578591533711483,0.7151693667157585,0.726643109540636,0.4547645097679122
blosum,e3,s128,3,plots_1000,plots,1000,260905/9_blosum_rerun/4_ic50,260905/9_blosum_rerun/4_ic50/plots_1000/e3_s128/pred-blosum_fold3.csv,260905/9_blosum_rerun/4_ic50/plots_1000/e3_s128/pred-blosum_fold3.csv,/home/hwjang/project/260905/9_blosum_rerun/4_ic50/plots_1000/e3_s128/pred-blosum_fold3.csv,260905/9_blosum_rerun/4_ic50/plots_1000/e3_s128/pred-blosum_fold3.csv,,,dataset/ic50/test.csv,0.7981774144656044,0.7594184703002321,0.6900882282807408,0.724452296819788,0.4433980040689918
blosum,e3,s128,4,plots_1000,plots,1000,260905/9_blosum_rerun/4_ic50,260905/9_blosum_rerun/4_ic50/plots_1000/e3_s128/pred-blosum_fold4.csv,260905/9_blosum_rerun/4_ic50/plots_1000/e3_s128/pred-blosum_fold4.csv,/home/hwjang/project/260905/9_blosum_rerun/4_ic50/plots_1000/e3_s128/pred-blosum_fold4.csv,260905/9_blosum_rerun/4_ic50/plots_1000/e3_s128/pred-blosum_fold4.csv,,,dataset/ic50/test.csv,0.7929282249554979,0.7480421025130772,0.70339046478557,0.7199293286219082,0.4390015642670838
blosum,e3,s128,0,plots_500,plots,500,260905/9_blosum_rerun/4_ic50,260905/9_blosum_rerun/4_ic50/plots_500/e3_s128/pred-blosum_fold0.csv,260905/9_blosum_rerun/4_ic50/plots_500/e3_s128/pred-blosum_fold0.csv,/home/hwjang/project/260905/9_blosum_rerun/4_ic50/plots_500/e3_s128/pred-blosum_fold0.csv,260905/9_blosum_rerun/4_ic50/plots_500/e3_s128/pred-blosum_fold0.csv,,,dataset/ic50/test.csv,0.8080123677101149,0.6919446576752314,0.6353463050710757,0.7443816254416961,0.4402552918059192
blosum,e3,s128,1,plots_500,plots,500,260905/9_blosum_rerun/4_ic50,260905/9_blosum_rerun/4_ic50/plots_500/e3_s128/pred-blosum_fold1.csv,260905/9_blosum_rerun/4_ic50/plots_500/e3_s128/pred-blosum_fold1.csv,/home/hwjang/project/260905/9_blosum_rerun/4_ic50/plots_500/e3_s128/pred-blosum_fold1.csv,260905/9_blosum_rerun/4_ic50/plots_500/e3_s128/pred-blosum_fold1.csv,,,dataset/ic50/test.csv,0.8006535814827208,0.6887503487090563,0.6351553912261417,0.7419787985865725,0.4366519592345817
blosum,e3,s128,2,plots_500,plots,500,260905/9_blosum_rerun/4_ic50,260905/9_blosum_rerun/4_ic50/plots_500/e3_s128/pred-blosum_fold2.csv,260905/9_blosum_rerun/4_ic50/plots_500/e3_s128/pred-blosum_fold2.csv,/home/hwjang/project/260905/9_blosum_rerun/4_ic50/plots_500/e3_s128/pred-blosum_fold2.csv,260905/9_blosum_rerun/4_ic50/plots_500/e3_s128/pred-blosum_fold2.csv,,,dataset/ic50/test.csv,0.7998210037473528,0.685364733452538,0.63083507514681,0.7378798586572438,0.4284824575252233
blosum,e3,s128,3,plots_500,plots,500,260905/9_blosum_rerun/4_ic50,260905/9_blosum_rerun/4_ic50/plots_500/e3_s128/pred-blosum_fold3.csv,260905/9_blosum_rerun/4_ic50/plots_500/e3_s128/pred-blosum_fold3.csv,/home/hwjang/project/260905/9_blosum_rerun/4_ic50/plots_500/e3_s128/pred-blosum_fold3.csv,260905/9_blosum_rerun/4_ic50/plots_500/e3_s128/pred-blosum_fold3.csv,,,dataset/ic50/test.csv,0.801932461159855,0.6867896287893122,0.6414615084017194,0.7406360424028269,0.4384373845558101
blosum,e3,s128,4,plots_500,plots,500,260905/9_blosum_rerun/4_ic50,260905/9_blosum_rerun/4_ic50/plots_500/e3_s128/pred-blosum_fold4.csv,260905/9_blosum_rerun/4_ic50/plots_500/e3_s128/pred-blosum_fold4.csv,/home/hwjang/project/260905/9_blosum_rerun/4_ic50/plots_500/e3_s128/pred-blosum_fold4.csv,260905/9_blosum_rerun/4_ic50/plots_500/e3_s128/pred-blosum_fold4.csv,,,dataset/ic50/test.csv,0.8097398621644732,0.6971697286787432,0.6366058618569379,0.7493992932862191,0.4485405109683454
blosum,e3,s42,0,plots_1000,plots,1000,260905/9_blosum_rerun/4_ic50,260905/9_blosum_rerun/4_ic50/plots_1000/e3_s42/pred-blosum_fold0.csv,260905/9_blosum_rerun/4_ic50/plots_1000/e3_s42/pred-blosum_fold0.csv,/home/hwjang/project/260905/9_blosum_rerun/4_ic50/plots_1000/e3_s42/pred-blosum_fold0.csv,260905/9_blosum_rerun/4_ic50/plots_1000/e3_s42/pred-blosum_fold0.csv,,,dataset/ic50/test.csv,0.797075037615076,0.7550910800955069,0.6930554475464655,0.7210600706713781,0.4376032178531704
blosum,e3,s42,1,plots_1000,plots,1000,260905/9_blosum_rerun/4_ic50,260905/9_blosum_rerun/4_ic50/plots_1000/e3_s42/pred-blosum_fold1.csv,260905/9_blosum_rerun/4_ic50/plots_1000/e3_s42/pred-blosum_fold1.csv,/home/hwjang/project/260905/9_blosum_rerun/4_ic50/plots_1000/e3_s42/pred-blosum_fold1.csv,260905/9_blosum_rerun/4_ic50/plots_1000/e3_s42/pred-blosum_fold1.csv,,,dataset/ic50/test.csv,0.7962899997938899,0.7545258746491867,0.7015016855654306,0.7246643109540636,0.4460056310294866
blosum,e3,s42,2,plots_1000,plots,1000,260905/9_blosum_rerun/4_ic50,260905/9_blosum_rerun/4_ic50/plots_1000/e3_s42/pred-blosum_fold2.csv,260905/9_blosum_rerun/4_ic50/plots_1000/e3_s42/pred-blosum_fold2.csv,/home/hwjang/project/260905/9_blosum_rerun/4_ic50/plots_1000/e3_s42/pred-blosum_fold2.csv,260905/9_blosum_rerun/4_ic50/plots_1000/e3_s42/pred-blosum_fold2.csv,,,dataset/ic50/test.csv,0.7909276408095799,0.7499174523519884,0.7021748779405238,0.7154770318021202,0.4316677811289293
blosum,e3,s42,3,plots_1000,plots,1000,260905/9_blosum_rerun/4_ic50,260905/9_blosum_rerun/4_ic50/plots_1000/e3_s42/pred-blosum_fold3.csv,260905/9_blosum_rerun/4_ic50/plots_1000/e3_s42/pred-blosum_fold3.csv,/home/hwjang/project/260905/9_blosum_rerun/4_ic50/plots_1000/e3_s42/pred-blosum_fold3.csv,260905/9_blosum_rerun/4_ic50/plots_1000/e3_s42/pred-blosum_fold3.csv,,,dataset/ic50/test.csv,0.8046155972992551,0.7623977472798615,0.7044209551732119,0.7292579505300353,0.4546830762450262
blosum,e3,s42,4,plots_1000,plots,1000,260905/9_blosum_rerun/4_ic50,260905/9_blosum_rerun/4_ic50/plots_1000/e3_s42/pred-blosum_fold4.csv,260905/9_blosum_rerun/4_ic50/plots_1000/e3_s42/pred-blosum_fold4.csv,/home/hwjang/project/260905/9_blosum_rerun/4_ic50/plots_1000/e3_s42/pred-blosum_fold4.csv,260905/9_blosum_rerun/4_ic50/plots_1000/e3_s42/pred-blosum_fold4.csv,,,dataset/ic50/test.csv,0.7909763028791557,0.7511812456378335,0.6797950688440602,0.7173144876325088,0.4287161900306276
blosum,e3,s42,0,plots_500,plots,500,260905/9_blosum_rerun/4_ic50,260905/9_blosum_rerun/4_ic50/plots_500/e3_s42/pred-blosum_fold0.csv,260905/9_blosum_rerun/4_ic50/plots_500/e3_s42/pred-blosum_fold0.csv,/home/hwjang/project/260905/9_blosum_rerun/4_ic50/plots_500/e3_s42/pred-blosum_fold0.csv,260905/9_blosum_rerun/4_ic50/plots_500/e3_s42/pred-blosum_fold0.csv,,,dataset/ic50/test.csv,0.8001936714625623,0.6826186189409721,0.6092964824120602,0.7362544169611307,0.4158663206408712
blosum,e3,s42,1,plots_500,plots,500,260905/9_blosum_rerun/4_ic50,260905/9_blosum_rerun/4_ic50/plots_500/e3_s42/pred-blosum_fold1.csv,260905/9_blosum_rerun/4_ic50/plots_500/e3_s42/pred-blosum_fold1.csv,/home/hwjang/project/260905/9_blosum_rerun/4_ic50/plots_500/e3_s42/pred-blosum_fold1.csv,260905/9_blosum_rerun/4_ic50/plots_500/e3_s42/pred-blosum_fold1.csv,,,dataset/ic50/test.csv,0.7976075233977192,0.6816783030407669,0.6039331782617889,0.7352650176678446,0.4121597550203272
blosum,e3,s42,2,plots_500,plots,500,260905/9_blosum_rerun/4_ic50,260905/9_blosum_rerun/4_ic50/plots_500/e3_s42/pred-blosum_fold2.csv,260905/9_blosum_rerun/4_ic50/plots_500/e3_s42/pred-blosum_fold2.csv,/home/hwjang/project/260905/9_blosum_rerun/4_ic50/plots_500/e3_s42/pred-blosum_fold2.csv,260905/9_blosum_rerun/4_ic50/plots_500/e3_s42/pred-blosum_fold2.csv,,,dataset/ic50/test.csv,0.7954933228547901,0.6819692407233249,0.6156685808039376,0.7351236749116608,0.4167578153407325
blosum,e3,s42,3,plots_500,plots,500,260905/9_blosum_rerun/4_ic50,260905/9_blosum_rerun/4_ic50/plots_500/e3_s42/pred-blosum_fold3.csv,260905/9_blosum_rerun/4_ic50/plots_500/e3_s42/pred-blosum_fold3.csv,/home/hwjang/project/260905/9_blosum_rerun/4_ic50/plots_500/e3_s42/pred-blosum_fold3.csv,260905/9_blosum_rerun/4_ic50/plots_500/e3_s42/pred-blosum_fold3.csv,,,dataset/ic50/test.csv,0.8017018122991384,0.6864675777337015,0.6039349871685201,0.7382332155477032,0.4173449665100883
blosum,e3,s42,4,plots_500,plots,500,260905/9_blosum_rerun/4_ic50,260905/9_blosum_rerun/4_ic50/plots_500/e3_s42/pred-blosum_fold4.csv,260905/9_blosum_rerun/4_ic50/plots_500/e3_s42/pred-blosum_fold4.csv,/home/hwjang/project/260905/9_blosum_rerun/4_ic50/plots_500/e3_s42/pred-blosum_fold4.csv,260905/9_blosum_rerun/4_ic50/plots_500/e3_s42/pred-blosum_fold4.csv,,,dataset/ic50/test.csv,0.8071797899747468,0.6968862153900964,0.6519157088122606,0.7431802120141343,0.4484863766570985
boltz,e5,s100,0,plots_1000,plots,1000,260830/2_ic50,260830/2_ic50/plots_1000/e5_s100/pred-boltz_fold0.csv,260830/2_ic50/plots_1000/e5_s100/pred-boltz_fold0.csv,/home/hwjang/project/260830/2_ic50/plots_1000/e5_s100/pred-boltz_fold0.csv,260830/2_ic50/plots_1000/e5_s100/pred-boltz_fold0.csv,0.1414,0.54856,dataset/ic50/test.csv,0.8044296358036204,0.7696854877224883,0.6992540866529122,0.7321554770318022,0.4590591718465215
boltz,e5,s100,1,plots_1000,plots,1000,260830/2_ic50,260830/2_ic50/plots_1000/e5_s100/pred-boltz_fold1.csv,260830/2_ic50/plots_1000/e5_s100/pred-boltz_fold1.csv,/home/hwjang/project/260830/2_ic50/plots_1000/e5_s100/pred-boltz_fold1.csv,260830/2_ic50/plots_1000/e5_s100/pred-boltz_fold1.csv,-0.67661,0.53998,dataset/ic50/test.csv,0.805170244350952,0.7717886909341776,0.7162423701057019,0.730600706713781,0.4611357422060429
boltz,e5,s100,2,plots_1000,plots,1000,260830/2_ic50,260830/2_ic50/plots_1000/e5_s100/pred-boltz_fold2.csv,260830/2_ic50/plots_1000/e5_s100/pred-boltz_fold2.csv,/home/hwjang/project/260830/2_ic50/plots_1000/e5_s100/pred-boltz_fold2.csv,260830/2_ic50/plots_1000/e5_s100/pred-boltz_fold2.csv,0.16119,0.53648,dataset/ic50/test.csv,0.8013845565291879,0.7672085179795567,0.691753661892045,0.7308127208480565,0.4560237761763299
boltz,e5,s100,3,plots_1000,plots,1000,260830/2_ic50,260830/2_ic50/plots_1000/e5_s100/pred-boltz_fold3.csv,260830/2_ic50/plots_1000/e5_s100/pred-boltz_fold3.csv,/home/hwjang/project/260830/2_ic50/plots_1000/e5_s100/pred-boltz_fold3.csv,260830/2_ic50/plots_1000/e5_s100/pred-boltz_fold3.csv,-0.87501,0.5396,dataset/ic50/test.csv,0.8091521690061828,0.7746961009428315,0.711452238012007,0.731660777385159,0.4608394844291722
boltz,e5,s100,4,plots_1000,plots,1000,260830/2_ic50,260830/2_ic50/plots_1000/e5_s100/pred-boltz_fold4.csv,260830/2_ic50/plots_1000/e5_s100/pred-boltz_fold4.csv,/home/hwjang/project/260830/2_ic50/plots_1000/e5_s100/pred-boltz_fold4.csv,260830/2_ic50/plots_1000/e5_s100/pred-boltz_fold4.csv,-0.03032,0.52981,dataset/ic50/test.csv,0.8104048151318929,0.7768611397026317,0.7099930118798043,0.7360424028268551,0.4679183159669826
boltz,e5,s100,0,plots_500,plots,500,260830/2_ic50,260830/2_ic50/plots_500/e5_s100/pred-boltz_fold0.csv,260830/2_ic50/plots_500/e5_s100/pred-boltz_fold0.csv,/home/hwjang/project/260830/2_ic50/plots_500/e5_s100/pred-boltz_fold0.csv,260830/2_ic50/plots_500/e5_s100/pred-boltz_fold0.csv,0.38447,0.52139,dataset/ic50/test.csv,0.8043914570613814,0.6974444120052252,0.6359193646915089,0.747279151943463,0.4449164671383068
boltz,e5,s100,1,plots_500,plots,500,260830/2_ic50,260830/2_ic50/plots_500/e5_s100/pred-boltz_fold1.csv,260830/2_ic50/plots_500/e5_s100/pred-boltz_fold1.csv,/home/hwjang/project/260830/2_ic50/plots_500/e5_s100/pred-boltz_fold1.csv,260830/2_ic50/plots_500/e5_s100/pred-boltz_fold1.csv,0.29927,0.50874,dataset/ic50/test.csv,0.8096496615816129,0.7032394287819317,0.6634273967482713,0.7454416961130742,0.4596440343772927
boltz,e5,s100,2,plots_500,plots,500,260830/2_ic50,260830/2_ic50/plots_500/e5_s100/pred-boltz_fold2.csv,260830/2_ic50/plots_500/e5_s100/pred-boltz_fold2.csv,/home/hwjang/project/260830/2_ic50/plots_500/e5_s100/pred-boltz_fold2.csv,260830/2_ic50/plots_500/e5_s100/pred-boltz_fold2.csv,0.35859,0.50396,dataset/ic50/test.csv,0.8139941454927118,0.7073842317113661,0.6527968596663396,0.7499646643109541,0.4576988125369619
boltz,e5,s100,3,plots_500,plots,500,260830/2_ic50,260830/2_ic50/plots_500/e5_s100/pred-boltz_fold3.csv,260830/2_ic50/plots_500/e5_s100/pred-boltz_fold3.csv,/home/hwjang/project/260830/2_ic50/plots_500/e5_s100/pred-boltz_fold3.csv,260830/2_ic50/plots_500/e5_s100/pred-boltz_fold3.csv,0.3737,0.50551,dataset/ic50/test.csv,0.8088945584553995,0.7039083446614205,0.6352001638169346,0.7481978798586573,0.4460233123043876
boltz,e5,s100,4,plots_500,plots,500,260830/2_ic50,260830/2_ic50/plots_500/e5_s100/pred-boltz_fold4.csv,260830/2_ic50/plots_500/e5_s100/pred-boltz_fold4.csv,/home/hwjang/project/260830/2_ic50/plots_500/e5_s100/pred-boltz_fold4.csv,260830/2_ic50/plots_500/e5_s100/pred-boltz_fold4.csv,0.32884,0.52401,dataset/ic50/test.csv,0.8077050725580588,0.6989274606053926,0.6611037360136545,0.7474204946996467,0.4600548645711234
boltz,e5,s128,0,plots_1000,plots,1000,260830/2_ic50,260830/2_ic50/plots_1000/e5_s128/pred-boltz_fold0.csv,260830/2_ic50/plots_1000/e5_s128/pred-boltz_fold0.csv,/home/hwjang/project/260830/2_ic50/plots_1000/e5_s128/pred-boltz_fold0.csv,260830/2_ic50/plots_1000/e5_s128/pred-boltz_fold0.csv,0.13359,0.55037,dataset/ic50/test.csv,0.8011634155745769,0.7712635498885407,0.685120545498823,0.7258657243816254,0.4459386619877483
boltz,e5,s128,1,plots_1000,plots,1000,260830/2_ic50,260830/2_ic50/plots_1000/e5_s128/pred-boltz_fold1.csv,260830/2_ic50/plots_1000/e5_s128/pred-boltz_fold1.csv,/home/hwjang/project/260830/2_ic50/plots_1000/e5_s128/pred-boltz_fold1.csv,260830/2_ic50/plots_1000/e5_s128/pred-boltz_fold1.csv,-6.77279,0.52871,dataset/ic50/test.csv,0.8199488947727989,0.7881186976653674,0.7254743937284783,0.7351943462897527,0.4727335298375349
boltz,e5,s128,2,plots_1000,plots,1000,260830/2_ic50,260830/2_ic50/plots_1000/e5_s128/pred-boltz_fold2.csv,260830/2_ic50/plots_1000/e5_s128/pred-boltz_fold2.csv,/home/hwjang/project/260830/2_ic50/plots_1000/e5_s128/pred-boltz_fold2.csv,260830/2_ic50/plots_1000/e5_s128/pred-boltz_fold2.csv,-56.42274,0.53627,dataset/ic50/test.csv,0.80561043499768,0.773601823396252,0.7182924164056239,0.726713780918728,0.4566842962816055
boltz,e5,s128,3,plots_1000,plots,1000,260830/2_ic50,260830/2_ic50/plots_1000/e5_s128/pred-boltz_fold3.csv,260830/2_ic50/plots_1000/e5_s128/pred-boltz_fold3.csv,/home/hwjang/project/260830/2_ic50/plots_1000/e5_s128/pred-boltz_fold3.csv,260830/2_ic50/plots_1000/e5_s128/pred-boltz_fold3.csv,-0.30551,0.54589,dataset/ic50/test.csv,0.8084056385664999,0.7735869327345266,0.7100417762648925,0.7351236749116608,0.4663058754008602
boltz,e5,s128,4,plots_1000,plots,1000,260830/2_ic50,260830/2_ic50/plots_1000/e5_s128/pred-boltz_fold4.csv,260830/2_ic50/plots_1000/e5_s128/pred-boltz_fold4.csv,/home/hwjang/project/260830/2_ic50/plots_1000/e5_s128/pred-boltz_fold4.csv,260830/2_ic50/plots_1000/e5_s128/pred-boltz_fold4.csv,-0.30184,0.54899,dataset/ic50/test.csv,0.8005201814371297,0.7642774258329745,0.7066882167320865,0.7306713780918728,0.4577192849186646
boltz,e5,s128,0,plots_500,plots,500,260830/2_ic50,260830/2_ic50/plots_500/e5_s128/pred-boltz_fold0.csv,260830/2_ic50/plots_500/e5_s128/pred-boltz_fold0.csv,/home/hwjang/project/260830/2_ic50/plots_500/e5_s128/pred-boltz_fold0.csv,260830/2_ic50/plots_500/e5_s128/pred-boltz_fold0.csv,0.40279,0.52525,dataset/ic50/test.csv,0.7982205000956976,0.6893782402765352,0.6212757028955098,0.7448763250883392,0.4349398019091814
boltz,e5,s128,1,plots_500,plots,500,260830/2_ic50,260830/2_ic50/plots_500/e5_s128/pred-boltz_fold1.csv,260830/2_ic50/plots_500/e5_s128/pred-boltz_fold1.csv,/home/hwjang/project/260830/2_ic50/plots_500/e5_s128/pred-boltz_fold1.csv,260830/2_ic50/plots_500/e5_s128/pred-boltz_fold1.csv,0.36298,0.5003,dataset/ic50/test.csv,0.8160490191168007,0.7165369494595333,0.6472978464039009,0.7546289752650177,0.4615261686497615
boltz,e5,s128,2,plots_500,plots,500,260830/2_ic50,260830/2_ic50/plots_500/e5_s128/pred-boltz_fold2.csv,260830/2_ic50/plots_500/e5_s128/pred-boltz_fold2.csv,/home/hwjang/project/260830/2_ic50/plots_500/e5_s128/pred-boltz_fold2.csv,260830/2_ic50/plots_500/e5_s128/pred-boltz_fold2.csv,0.34332,0.49926,dataset/ic50/test.csv,0.8161890155849395,0.7120875242804356,0.6625968992248062,0.7539222614840989,0.4689564379858992
boltz,e5,s128,3,plots_500,plots,500,260830/2_ic50,260830/2_ic50/plots_500/e5_s128/pred-boltz_fold3.csv,260830/2_ic50/plots_500/e5_s128/pred-boltz_fold3.csv,/home/hwjang/project/260830/2_ic50/plots_500/e5_s128/pred-boltz_fold3.csv,260830/2_ic50/plots_500/e5_s128/pred-boltz_fold3.csv,0.37914,0.51784,dataset/ic50/test.csv,0.80580790204008,0.7006770978439965,0.6310699588477366,0.7465724381625441,0.4416424106789253
boltz,e5,s128,4,plots_500,plots,500,260830/2_ic50,260830/2_ic50/plots_500/e5_s128/pred-boltz_fold4.csv,260830/2_ic50/plots_500/e5_s128/pred-boltz_fold4.csv,/home/hwjang/project/260830/2_ic50/plots_500/e5_s128/pred-boltz_fold4.csv,260830/2_ic50/plots_500/e5_s128/pred-boltz_fold4.csv,0.35434,0.51548,dataset/ic50/test.csv,0.8133809106177521,0.7029674315700702,0.6566846986089645,0.7488339222614842,0.45867031446867
boltz,e5,s42,0,plots_1000,plots,1000,260830/2_ic50,260830/2_ic50/plots_1000/e5_s42/pred-boltz_fold0.csv,260830/2_ic50/plots_1000/e5_s42/pred-boltz_fold0.csv,/home/hwjang/project/260830/2_ic50/plots_1000/e5_s42/pred-boltz_fold0.csv,260830/2_ic50/plots_1000/e5_s42/pred-boltz_fold0.csv,-0.07656,0.54919,dataset/ic50/test.csv,0.8118792456775967,0.7782609653035177,0.7094705560334715,0.7374558303886926,0.4703648100192144
boltz,e5,s42,1,plots_1000,plots,1000,260830/2_ic50,260830/2_ic50/plots_1000/e5_s42/pred-boltz_fold1.csv,260830/2_ic50/plots_1000/e5_s42/pred-boltz_fold1.csv,/home/hwjang/project/260830/2_ic50/plots_1000/e5_s42/pred-boltz_fold1.csv,260830/2_ic50/plots_1000/e5_s42/pred-boltz_fold1.csv,0.06335,0.52932,dataset/ic50/test.csv,0.812427950728649,0.78183060427568,0.7053756579996809,0.738939929328622,0.472688746390707
boltz,e5,s42,2,plots_1000,plots,1000,260830/2_ic50,260830/2_ic50/plots_1000/e5_s42/pred-boltz_fold2.csv,260830/2_ic50/plots_1000/e5_s42/pred-boltz_fold2.csv,/home/hwjang/project/260830/2_ic50/plots_1000/e5_s42/pred-boltz_fold2.csv,260830/2_ic50/plots_1000/e5_s42/pred-boltz_fold2.csv,-0.04257,0.53018,dataset/ic50/test.csv,0.8011312624137291,0.7635441350356283,0.7054847134736518,0.7290459363957598,0.4546017910817136
boltz,e5,s42,3,plots_1000,plots,1000,260830/2_ic50,260830/2_ic50/plots_1000/e5_s42/pred-boltz_fold3.csv,260830/2_ic50/plots_1000/e5_s42/pred-boltz_fold3.csv,/home/hwjang/project/260830/2_ic50/plots_1000/e5_s42/pred-boltz_fold3.csv,260830/2_ic50/plots_1000/e5_s42/pred-boltz_fold3.csv,-0.20918,0.54156,dataset/ic50/test.csv,0.8047774992220604,0.7711991343714644,0.7019230769230769,0.7327208480565371,0.460443171585555
boltz,e5,s42,4,plots_1000,plots,1000,260830/2_ic50,260830/2_ic50/plots_1000/e5_s42/pred-boltz_fold4.csv,260830/2_ic50/plots_1000/e5_s42/pred-boltz_fold4.csv,/home/hwjang/project/260830/2_ic50/plots_1000/e5_s42/pred-boltz_fold4.csv,260830/2_ic50/plots_1000/e5_s42/pred-boltz_fold4.csv,-0.39546,0.55393,dataset/ic50/test.csv,0.7913996226678779,0.7475185254452873,0.7095642000584966,0.7192932862190813,0.4411542860186889
boltz,e5,s42,0,plots_500,plots,500,260830/2_ic50,260830/2_ic50/plots_500/e5_s42/pred-boltz_fold0.csv,260830/2_ic50/plots_500/e5_s42/pred-boltz_fold0.csv,/home/hwjang/project/260830/2_ic50/plots_500/e5_s42/pred-boltz_fold0.csv,260830/2_ic50/plots_500/e5_s42/pred-boltz_fold0.csv,0.35399,0.51827,dataset/ic50/test.csv,0.8035903554029903,0.6936146769914535,0.6482097436900802,0.7458657243816255,0.4494697903376269
boltz,e5,s42,1,plots_500,plots,500,260830/2_ic50,260830/2_ic50/plots_500/e5_s42/pred-boltz_fold1.csv,260830/2_ic50/plots_500/e5_s42/pred-boltz_fold1.csv,/home/hwjang/project/260830/2_ic50/plots_500/e5_s42/pred-boltz_fold1.csv,260830/2_ic50/plots_500/e5_s42/pred-boltz_fold1.csv,0.32252,0.50464,dataset/ic50/test.csv,0.8150782306374148,0.7155443226530485,0.6682379560667484,0.7513074204946997,0.4698122412118325
boltz,e5,s42,2,plots_500,plots,500,260830/2_ic50,260830/2_ic50/plots_500/e5_s42/pred-boltz_fold2.csv,260830/2_ic50/plots_500/e5_s42/pred-boltz_fold2.csv,/home/hwjang/project/260830/2_ic50/plots_500/e5_s42/pred-boltz_fold2.csv,260830/2_ic50/plots_500/e5_s42/pred-boltz_fold2.csv,0.3471,0.50275,dataset/ic50/test.csv,0.8113050708713025,0.7102637507966085,0.6575609756097561,0.7519434628975264,0.4632169956623292
boltz,e5,s42,3,plots_500,plots,500,260830/2_ic50,260830/2_ic50/plots_500/e5_s42/pred-boltz_fold3.csv,260830/2_ic50/plots_500/e5_s42/pred-boltz_fold3.csv,/home/hwjang/project/260830/2_ic50/plots_500/e5_s42/pred-boltz_fold3.csv,260830/2_ic50/plots_500/e5_s42/pred-boltz_fold3.csv,0.36325,0.54146,dataset/ic50/test.csv,0.786729741884981,0.673654195192501,0.6287436795021393,0.7301766784452297,0.4168774654868908
boltz,e5,s42,4,plots_500,plots,500,260830/2_ic50,260830/2_ic50/plots_500/e5_s42/pred-boltz_fold4.csv,260830/2_ic50/plots_500/e5_s42/pred-boltz_fold4.csv,/home/hwjang/project/260830/2_ic50/plots_500/e5_s42/pred-boltz_fold4.csv,260830/2_ic50/plots_500/e5_s42/pred-boltz_fold4.csv,0.38374,0.5332,dataset/ic50/test.csv,0.7894595869546958,0.6772104639223795,0.6383509108341323,0.7334275618374558,0.4273016338854435
chai,e5,s100,0,plots_1000,plots,1000,250516/7_ic50_etc,250516/7_ic50_etc/plots_1000/e5_s100/pred-chai_fold0.csv,250516/7_ic50_etc/plots_1000/e5_s100/pred-chai_fold0.csv,/home/hwjang/project/250516/7_ic50_etc/plots_1000/e5_s100/pred-chai_fold0.csv,250516/7_ic50_etc/plots_1000/e5_s100/pred-chai_fold0.csv,-0.43954,0.51645,dataset/ic50/test.csv,0.8256509029377712,0.7909374783606574,0.7302923273465094,0.7463604240282685,0.4915749609966857
chai,e5,s100,1,plots_1000,plots,1000,250516/7_ic50_etc,250516/7_ic50_etc/plots_1000/e5_s100/pred-chai_fold1.csv,250516/7_ic50_etc/plots_1000/e5_s100/pred-chai_fold1.csv,/home/hwjang/project/250516/7_ic50_etc/plots_1000/e5_s100/pred-chai_fold1.csv,250516/7_ic50_etc/plots_1000/e5_s100/pred-chai_fold1.csv,-0.32811,0.50694,dataset/ic50/test.csv,0.8309718388380625,0.7983062891011177,0.7362417598696392,0.748339222614841,0.4974267277018988
chai,e5,s100,2,plots_1000,plots,1000,250516/7_ic50_etc,250516/7_ic50_etc/plots_1000/e5_s100/pred-chai_fold2.csv,250516/7_ic50_etc/plots_1000/e5_s100/pred-chai_fold2.csv,/home/hwjang/project/250516/7_ic50_etc/plots_1000/e5_s100/pred-chai_fold2.csv,250516/7_ic50_etc/plots_1000/e5_s100/pred-chai_fold2.csv,-0.09893,0.52471,dataset/ic50/test.csv,0.8136992674046075,0.7806796655077523,0.7103211724352978,0.7373851590106008,0.4703921515149441
chai,e5,s100,3,plots_1000,plots,1000,250516/7_ic50_etc,250516/7_ic50_etc/plots_1000/e5_s100/pred-chai_fold3.csv,250516/7_ic50_etc/plots_1000/e5_s100/pred-chai_fold3.csv,/home/hwjang/project/250516/7_ic50_etc/plots_1000/e5_s100/pred-chai_fold3.csv,250516/7_ic50_etc/plots_1000/e5_s100/pred-chai_fold3.csv,-0.56961,0.52317,dataset/ic50/test.csv,0.8247521225560254,0.7904015337697234,0.7244802978591375,0.7489752650176679,0.4940559830676068
chai,e5,s100,4,plots_1000,plots,1000,250516/7_ic50_etc,250516/7_ic50_etc/plots_1000/e5_s100/pred-chai_fold4.csv,250516/7_ic50_etc/plots_1000/e5_s100/pred-chai_fold4.csv,/home/hwjang/project/250516/7_ic50_etc/plots_1000/e5_s100/pred-chai_fold4.csv,250516/7_ic50_etc/plots_1000/e5_s100/pred-chai_fold4.csv,0.22393,0.52461,dataset/ic50/test.csv,0.8170157483125371,0.785979124312973,0.6915763135946622,0.7386572438162544,0.472800508779193
chai,e5,s100,0,plots_500,plots,500,250516/7_ic50_etc,250516/7_ic50_etc/plots_500/e5_s100/pred-chai_fold0.csv,250516/7_ic50_etc/plots_500/e5_s100/pred-chai_fold0.csv,/home/hwjang/project/250516/7_ic50_etc/plots_500/e5_s100/pred-chai_fold0.csv,250516/7_ic50_etc/plots_500/e5_s100/pred-chai_fold0.csv,0.37982,0.49472,dataset/ic50/test.csv,0.831532011019682,0.7354117058881215,0.6610342019543974,0.7646643109540636,0.4833817412346213
chai,e5,s100,1,plots_500,plots,500,250516/7_ic50_etc,250516/7_ic50_etc/plots_500/e5_s100/pred-chai_fold1.csv,250516/7_ic50_etc/plots_500/e5_s100/pred-chai_fold1.csv,/home/hwjang/project/250516/7_ic50_etc/plots_500/e5_s100/pred-chai_fold1.csv,250516/7_ic50_etc/plots_500/e5_s100/pred-chai_fold1.csv,0.35114,0.4808,dataset/ic50/test.csv,0.8307129015168415,0.7350450393486954,0.6667334870201463,0.765017667844523,0.486588386387577
chai,e5,s100,2,plots_500,plots,500,250516/7_ic50_etc,250516/7_ic50_etc/plots_500/e5_s100/pred-chai_fold2.csv,250516/7_ic50_etc/plots_500/e5_s100/pred-chai_fold2.csv,/home/hwjang/project/250516/7_ic50_etc/plots_500/e5_s100/pred-chai_fold2.csv,250516/7_ic50_etc/plots_500/e5_s100/pred-chai_fold2.csv,0.29558,0.48391,dataset/ic50/test.csv,0.8348042428977234,0.7414429976278782,0.6853330827774123,0.763321554770318,0.4962915612159504
chai,e5,s100,3,plots_500,plots,500,250516/7_ic50_etc,250516/7_ic50_etc/plots_500/e5_s100/pred-chai_fold3.csv,250516/7_ic50_etc/plots_500/e5_s100/pred-chai_fold3.csv,/home/hwjang/project/250516/7_ic50_etc/plots_500/e5_s100/pred-chai_fold3.csv,250516/7_ic50_etc/plots_500/e5_s100/pred-chai_fold3.csv,0.39374,0.49364,dataset/ic50/test.csv,0.8343970655260063,0.7390424296585114,0.6568219633943427,0.7667844522968198,0.4852257918476331
chai,e5,s100,4,plots_500,plots,500,250516/7_ic50_etc,250516/7_ic50_etc/plots_500/e5_s100/pred-chai_fold4.csv,250516/7_ic50_etc/plots_500/e5_s100/pred-chai_fold4.csv,/home/hwjang/project/250516/7_ic50_etc/plots_500/e5_s100/pred-chai_fold4.csv,250516/7_ic50_etc/plots_500/e5_s100/pred-chai_fold4.csv,0.35967,0.49311,dataset/ic50/test.csv,0.8320466653172616,0.7307709495323271,0.6749486452117773,0.7651590106007067,0.4913028924290128
chai,e5,s128,0,plots_1000,plots,1000,250516/7_ic50_etc,250516/7_ic50_etc/plots_1000/e5_s128/pred-chai_fold0.csv,250516/7_ic50_etc/plots_1000/e5_s128/pred-chai_fold0.csv,/home/hwjang/project/250516/7_ic50_etc/plots_1000/e5_s128/pred-chai_fold0.csv,250516/7_ic50_etc/plots_1000/e5_s128/pred-chai_fold0.csv,-0.46952,0.5274,dataset/ic50/test.csv,0.8217487679900103,0.7892514494291119,0.7224166793486532,0.7421908127208481,0.4818817297976081
chai,e5,s128,1,plots_1000,plots,1000,250516/7_ic50_etc,250516/7_ic50_etc/plots_1000/e5_s128/pred-chai_fold1.csv,250516/7_ic50_etc/plots_1000/e5_s128/pred-chai_fold1.csv,/home/hwjang/project/250516/7_ic50_etc/plots_1000/e5_s128/pred-chai_fold1.csv,250516/7_ic50_etc/plots_1000/e5_s128/pred-chai_fold1.csv,-0.46185,0.51014,dataset/ic50/test.csv,0.8247014295488353,0.793386473931964,0.7270361298224127,0.7479858657243816,0.4930071561069057
chai,e5,s128,2,plots_1000,plots,1000,250516/7_ic50_etc,250516/7_ic50_etc/plots_1000/e5_s128/pred-chai_fold2.csv,250516/7_ic50_etc/plots_1000/e5_s128/pred-chai_fold2.csv,/home/hwjang/project/250516/7_ic50_etc/plots_1000/e5_s128/pred-chai_fold2.csv,250516/7_ic50_etc/plots_1000/e5_s128/pred-chai_fold2.csv,-0.72072,0.52075,dataset/ic50/test.csv,0.8253280240736487,0.7933080983700787,0.7294505165443929,0.7445936395759717,0.4884869585700211
chai,e5,s128,3,plots_1000,plots,1000,250516/7_ic50_etc,250516/7_ic50_etc/plots_1000/e5_s128/pred-chai_fold3.csv,250516/7_ic50_etc/plots_1000/e5_s128/pred-chai_fold3.csv,/home/hwjang/project/250516/7_ic50_etc/plots_1000/e5_s128/pred-chai_fold3.csv,250516/7_ic50_etc/plots_1000/e5_s128/pred-chai_fold3.csv,-0.40664,0.51915,dataset/ic50/test.csv,0.8187896617232103,0.7864269554064016,0.7168229285768732,0.7374558303886926,0.4721972672620111
chai,e5,s128,4,plots_1000,plots,1000,250516/7_ic50_etc,250516/7_ic50_etc/plots_1000/e5_s128/pred-chai_fold4.csv,250516/7_ic50_etc/plots_1000/e5_s128/pred-chai_fold4.csv,/home/hwjang/project/250516/7_ic50_etc/plots_1000/e5_s128/pred-chai_fold4.csv,250516/7_ic50_etc/plots_1000/e5_s128/pred-chai_fold4.csv,0.13108,0.51569,dataset/ic50/test.csv,0.826508602076483,0.7964529417573027,0.7081524360829715,0.7434628975265017,0.4817847536142843
chai,e5,s128,0,plots_500,plots,500,250516/7_ic50_etc,250516/7_ic50_etc/plots_500/e5_s128/pred-chai_fold0.csv,250516/7_ic50_etc/plots_500/e5_s128/pred-chai_fold0.csv,/home/hwjang/project/250516/7_ic50_etc/plots_500/e5_s128/pred-chai_fold0.csv,250516/7_ic50_etc/plots_500/e5_s128/pred-chai_fold0.csv,0.35659,0.50145,dataset/ic50/test.csv,0.8271508337051081,0.732329477151674,0.6610861576153532,0.7653710247349823,0.4845283656905215
chai,e5,s128,1,plots_500,plots,500,250516/7_ic50_etc,250516/7_ic50_etc/plots_500/e5_s128/pred-chai_fold1.csv,250516/7_ic50_etc/plots_500/e5_s128/pred-chai_fold1.csv,/home/hwjang/project/250516/7_ic50_etc/plots_500/e5_s128/pred-chai_fold1.csv,250516/7_ic50_etc/plots_500/e5_s128/pred-chai_fold1.csv,0.3643,0.48502,dataset/ic50/test.csv,0.8237089580355692,0.7232995888731202,0.6527393753200205,0.7603533568904594,0.4729496162376232
chai,e5,s128,2,plots_500,plots,500,250516/7_ic50_etc,250516/7_ic50_etc/plots_500/e5_s128/pred-chai_fold2.csv,250516/7_ic50_etc/plots_500/e5_s128/pred-chai_fold2.csv,/home/hwjang/project/250516/7_ic50_etc/plots_500/e5_s128/pred-chai_fold2.csv,250516/7_ic50_etc/plots_500/e5_s128/pred-chai_fold2.csv,0.37163,0.48467,dataset/ic50/test.csv,0.8332758997123564,0.738271752740687,0.6667338912977715,0.7664310954063605,0.4887165338213718
chai,e5,s128,3,plots_500,plots,500,250516/7_ic50_etc,250516/7_ic50_etc/plots_500/e5_s128/pred-chai_fold3.csv,250516/7_ic50_etc/plots_500/e5_s128/pred-chai_fold3.csv,/home/hwjang/project/250516/7_ic50_etc/plots_500/e5_s128/pred-chai_fold3.csv,250516/7_ic50_etc/plots_500/e5_s128/pred-chai_fold3.csv,0.36068,0.49568,dataset/ic50/test.csv,0.8213366020260353,0.7293815007519221,0.6515198035001535,0.7593639575971731,0.4708460999925772
chai,e5,s128,4,plots_500,plots,500,250516/7_ic50_etc,250516/7_ic50_etc/plots_500/e5_s128/pred-chai_fold4.csv,250516/7_ic50_etc/plots_500/e5_s128/pred-chai_fold4.csv,/home/hwjang/project/250516/7_ic50_etc/plots_500/e5_s128/pred-chai_fold4.csv,250516/7_ic50_etc/plots_500/e5_s128/pred-chai_fold4.csv,0.37409,0.49567,dataset/ic50/test.csv,0.8250355574247569,0.7279789503230422,0.6595766027892044,0.7602120141342756,0.4758795900221333
chai,e5,s42,0,plots_1000,plots,1000,250516/7_ic50_etc,250516/7_ic50_etc/plots_1000/e5_s42/pred-chai_fold0.csv,250516/7_ic50_etc/plots_1000/e5_s42/pred-chai_fold0.csv,/home/hwjang/project/250516/7_ic50_etc/plots_1000/e5_s42/pred-chai_fold0.csv,250516/7_ic50_etc/plots_1000/e5_s42/pred-chai_fold0.csv,0.02661,0.52781,dataset/ic50/test.csv,0.8253132746405768,0.7921308644017194,0.7205075983080056,0.7478445229681979,0.4912684460562235
chai,e5,s42,1,plots_1000,plots,1000,250516/7_ic50_etc,250516/7_ic50_etc/plots_1000/e5_s42/pred-chai_fold1.csv,250516/7_ic50_etc/plots_1000/e5_s42/pred-chai_fold1.csv,/home/hwjang/project/250516/7_ic50_etc/plots_1000/e5_s42/pred-chai_fold1.csv,250516/7_ic50_etc/plots_1000/e5_s42/pred-chai_fold1.csv,-3.39916,0.51435,dataset/ic50/test.csv,0.8292821389593656,0.7950945943275773,0.7368030291781127,0.7494699646643109,0.499360454860961
chai,e5,s42,2,plots_1000,plots,1000,250516/7_ic50_etc,250516/7_ic50_etc/plots_1000/e5_s42/pred-chai_fold2.csv,250516/7_ic50_etc/plots_1000/e5_s42/pred-chai_fold2.csv,/home/hwjang/project/250516/7_ic50_etc/plots_1000/e5_s42/pred-chai_fold2.csv,250516/7_ic50_etc/plots_1000/e5_s42/pred-chai_fold2.csv,-1.02639,0.52029,dataset/ic50/test.csv,0.8196387545124268,0.787607973584237,0.7212519845770016,0.739434628975265,0.4769922291552802
chai,e5,s42,3,plots_1000,plots,1000,250516/7_ic50_etc,250516/7_ic50_etc/plots_1000/e5_s42/pred-chai_fold3.csv,250516/7_ic50_etc/plots_1000/e5_s42/pred-chai_fold3.csv,/home/hwjang/project/250516/7_ic50_etc/plots_1000/e5_s42/pred-chai_fold3.csv,250516/7_ic50_etc/plots_1000/e5_s42/pred-chai_fold3.csv,-0.37309,0.5251,dataset/ic50/test.csv,0.8242919442658436,0.7878908628352544,0.723012681719765,0.7468551236749117,0.4899767900831914
chai,e5,s42,4,plots_1000,plots,1000,250516/7_ic50_etc,250516/7_ic50_etc/plots_1000/e5_s42/pred-chai_fold4.csv,250516/7_ic50_etc/plots_1000/e5_s42/pred-chai_fold4.csv,/home/hwjang/project/250516/7_ic50_etc/plots_1000/e5_s42/pred-chai_fold4.csv,250516/7_ic50_etc/plots_1000/e5_s42/pred-chai_fold4.csv,-5.15832,0.52678,dataset/ic50/test.csv,0.8200400657742271,0.7865063053502084,0.7313812395553295,0.7387279151943463,0.4812646411471422
chai,e5,s42,0,plots_500,plots,500,250516/7_ic50_etc,250516/7_ic50_etc/plots_500/e5_s42/pred-chai_fold0.csv,250516/7_ic50_etc/plots_500/e5_s42/pred-chai_fold0.csv,/home/hwjang/project/250516/7_ic50_etc/plots_500/e5_s42/pred-chai_fold0.csv,250516/7_ic50_etc/plots_500/e5_s42/pred-chai_fold0.csv,0.34381,0.50319,dataset/ic50/test.csv,0.823302060355582,0.7235939634522319,0.6724389532055648,0.7620494699646643,0.4856682639719784
chai,e5,s42,1,plots_500,plots,500,250516/7_ic50_etc,250516/7_ic50_etc/plots_500/e5_s42/pred-chai_fold1.csv,250516/7_ic50_etc/plots_500/e5_s42/pred-chai_fold1.csv,/home/hwjang/project/250516/7_ic50_etc/plots_500/e5_s42/pred-chai_fold1.csv,250516/7_ic50_etc/plots_500/e5_s42/pred-chai_fold1.csv,0.39597,0.48831,dataset/ic50/test.csv,0.8199498474001923,0.7190168839005551,0.6215621562156216,0.7568904593639576,0.4573885163858152
chai,e5,s42,2,plots_500,plots,500,250516/7_ic50_etc,250516/7_ic50_etc/plots_500/e5_s42/pred-chai_fold2.csv,250516/7_ic50_etc/plots_500/e5_s42/pred-chai_fold2.csv,/home/hwjang/project/250516/7_ic50_etc/plots_500/e5_s42/pred-chai_fold2.csv,250516/7_ic50_etc/plots_500/e5_s42/pred-chai_fold2.csv,0.37922,0.48899,dataset/ic50/test.csv,0.8250276722694514,0.7250144676365973,0.6564134112580744,0.7631802120141343,0.4790444722140928
chai,e5,s42,3,plots_500,plots,500,250516/7_ic50_etc,250516/7_ic50_etc/plots_500/e5_s42/pred-chai_fold3.csv,250516/7_ic50_etc/plots_500/e5_s42/pred-chai_fold3.csv,/home/hwjang/project/250516/7_ic50_etc/plots_500/e5_s42/pred-chai_fold3.csv,250516/7_ic50_etc/plots_500/e5_s42/pred-chai_fold3.csv,0.31737,0.50032,dataset/ic50/test.csv,0.8229585236097686,0.7225127527885543,0.6707468681266138,0.756678445229682,0.4778517476387512
chai,e5,s42,4,plots_500,plots,500,250516/7_ic50_etc,250516/7_ic50_etc/plots_500/e5_s42/pred-chai_fold4.csv,250516/7_ic50_etc/plots_500/e5_s42/pred-chai_fold4.csv,/home/hwjang/project/250516/7_ic50_etc/plots_500/e5_s42/pred-chai_fold4.csv,250516/7_ic50_etc/plots_500/e5_s42/pred-chai_fold4.csv,0.3098,0.50844,dataset/ic50/test.csv,0.823330997692242,0.7252578423479948,0.6693417407088946,0.7554063604240283,0.4753444415999955
deepneo,e3,s100,0,plots_1000,plots,1000,250516/7_ic50_etc,250516/7_ic50_etc/plots_1000/e3_s100/pred-deepneo_fold0.csv,250516/7_ic50_etc/plots_1000/e3_s100/pred-deepneo_fold0.csv,/home/hwjang/project/250516/7_ic50_etc/plots_1000/e3_s100/pred-deepneo_fold0.csv,250516/7_ic50_etc/plots_1000/e3_s100/pred-deepneo_fold0.csv,0.67243,0.52169,dataset/ic50/test_beta.csv,0.8238755426605344,0.790466063959854,0.7308854638863705,0.7476801020046752,0.4938002311760092
deepneo,e3,s100,1,plots_1000,plots,1000,250516/7_ic50_etc,250516/7_ic50_etc/plots_1000/e3_s100/pred-deepneo_fold1.csv,250516/7_ic50_etc/plots_1000/e3_s100/pred-deepneo_fold1.csv,/home/hwjang/project/250516/7_ic50_etc/plots_1000/e3_s100/pred-deepneo_fold1.csv,250516/7_ic50_etc/plots_1000/e3_s100/pred-deepneo_fold1.csv,0.66469,0.50448,dataset/ic50/test_beta.csv,0.8212919974173333,0.7892737054458963,0.7184527085462694,0.7463342069844868,0.4882517511972397
deepneo,e3,s100,2,plots_1000,plots,1000,250516/7_ic50_etc,250516/7_ic50_etc/plots_1000/e3_s100/pred-deepneo_fold2.csv,250516/7_ic50_etc/plots_1000/e3_s100/pred-deepneo_fold2.csv,/home/hwjang/project/250516/7_ic50_etc/plots_1000/e3_s100/pred-deepneo_fold2.csv,250516/7_ic50_etc/plots_1000/e3_s100/pred-deepneo_fold2.csv,0.67329,0.50612,dataset/ic50/test_beta.csv,0.8255699531196881,0.7933998502333122,0.7292413267251239,0.7484593043847843,0.4944678573426955
deepneo,e3,s100,3,plots_1000,plots,1000,250516/7_ic50_etc,250516/7_ic50_etc/plots_1000/e3_s100/pred-deepneo_fold3.csv,250516/7_ic50_etc/plots_1000/e3_s100/pred-deepneo_fold3.csv,/home/hwjang/project/250516/7_ic50_etc/plots_1000/e3_s100/pred-deepneo_fold3.csv,250516/7_ic50_etc/plots_1000/e3_s100/pred-deepneo_fold3.csv,0.66587,0.52109,dataset/ic50/test_beta.csv,0.8221291746971054,0.7885832938088366,0.7258793777300943,0.7466175533045265,0.4903346458861116
deepneo,e3,s100,4,plots_1000,plots,1000,250516/7_ic50_etc,250516/7_ic50_etc/plots_1000/e3_s100/pred-deepneo_fold4.csv,250516/7_ic50_etc/plots_1000/e3_s100/pred-deepneo_fold4.csv,/home/hwjang/project/250516/7_ic50_etc/plots_1000/e3_s100/pred-deepneo_fold4.csv,250516/7_ic50_etc/plots_1000/e3_s100/pred-deepneo_fold4.csv,0.67558,0.50413,dataset/ic50/test_beta.csv,0.8274762229534176,0.7952777722375238,0.7254136746799875,0.7507969115251115,0.4975731767458932
deepneo,e3,s100,0,plots_500,plots,500,250516/7_ic50_etc,250516/7_ic50_etc/plots_500/e3_s100/pred-deepneo_fold0.csv,250516/7_ic50_etc/plots_500/e3_s100/pred-deepneo_fold0.csv,/home/hwjang/project/250516/7_ic50_etc/plots_500/e3_s100/pred-deepneo_fold0.csv,250516/7_ic50_etc/plots_500/e3_s100/pred-deepneo_fold0.csv,0.66022,0.4912,dataset/ic50/test_beta.csv,0.8276334485716019,0.7285122213908475,0.6601457231260605,0.7588014450662321,0.474230343365702
deepneo,e3,s100,1,plots_500,plots,500,250516/7_ic50_etc,250516/7_ic50_etc/plots_500/e3_s100/pred-deepneo_fold1.csv,250516/7_ic50_etc/plots_500/e3_s100/pred-deepneo_fold1.csv,/home/hwjang/project/250516/7_ic50_etc/plots_500/e3_s100/pred-deepneo_fold1.csv,250516/7_ic50_etc/plots_500/e3_s100/pred-deepneo_fold1.csv,0.66121,0.47751,dataset/ic50/test_beta.csv,0.8254360095004079,0.7274407747166584,0.6557276803913575,0.7607140327265,0.4750109184914703
deepneo,e3,s100,2,plots_500,plots,500,250516/7_ic50_etc,250516/7_ic50_etc/plots_500/e3_s100/pred-deepneo_fold2.csv,250516/7_ic50_etc/plots_500/e3_s100/pred-deepneo_fold2.csv,/home/hwjang/project/250516/7_ic50_etc/plots_500/e3_s100/pred-deepneo_fold2.csv,250516/7_ic50_etc/plots_500/e3_s100/pred-deepneo_fold2.csv,0.66975,0.47151,dataset/ic50/test_beta.csv,0.8320593410490491,0.7385003965709738,0.6746565331774335,0.7634766593468867,0.4889438978600411
deepneo,e3,s100,3,plots_500,plots,500,250516/7_ic50_etc,250516/7_ic50_etc/plots_500/e3_s100/pred-deepneo_fold3.csv,250516/7_ic50_etc/plots_500/e3_s100/pred-deepneo_fold3.csv,/home/hwjang/project/250516/7_ic50_etc/plots_500/e3_s100/pred-deepneo_fold3.csv,250516/7_ic50_etc/plots_500/e3_s100/pred-deepneo_fold3.csv,0.65269,0.49948,dataset/ic50/test_beta.csv,0.827706697260566,0.7291352089518517,0.6570699336396121,0.7620599277466884,0.4777281677659943
deepneo,e3,s100,4,plots_500,plots,500,250516/7_ic50_etc,250516/7_ic50_etc/plots_500/e3_s100/pred-deepneo_fold4.csv,250516/7_ic50_etc/plots_500/e3_s100/pred-deepneo_fold4.csv,/home/hwjang/project/250516/7_ic50_etc/plots_500/e3_s100/pred-deepneo_fold4.csv,250516/7_ic50_etc/plots_500/e3_s100/pred-deepneo_fold4.csv,0.66279,0.48842,dataset/ic50/test_beta.csv,0.8318440333149248,0.7334095835210248,0.6676652686239265,0.7642558617269958,0.4860668555465486
deepneo,e3,s128,0,plots_1000,plots,1000,250516/7_ic50_etc,250516/7_ic50_etc/plots_1000/e3_s128/pred-deepneo_fold0.csv,250516/7_ic50_etc/plots_1000/e3_s128/pred-deepneo_fold0.csv,/home/hwjang/project/250516/7_ic50_etc/plots_1000/e3_s128/pred-deepneo_fold0.csv,250516/7_ic50_etc/plots_1000/e3_s128/pred-deepneo_fold0.csv,0.65815,0.52721,dataset/ic50/test_beta.csv,0.8177184218749798,0.781869334713637,0.7131392604248623,0.7417298292838421,0.4789203551264755
deepneo,e3,s128,1,plots_1000,plots,1000,250516/7_ic50_etc,250516/7_ic50_etc/plots_1000/e3_s128/pred-deepneo_fold1.csv,250516/7_ic50_etc/plots_1000/e3_s128/pred-deepneo_fold1.csv,/home/hwjang/project/250516/7_ic50_etc/plots_1000/e3_s128/pred-deepneo_fold1.csv,250516/7_ic50_etc/plots_1000/e3_s128/pred-deepneo_fold1.csv,0.67023,0.50278,dataset/ic50/test_beta.csv,0.822937702134384,0.7916401077413506,0.7245714285714285,0.7439257632641496,0.485423753705781
deepneo,e3,s128,2,plots_1000,plots,1000,250516/7_ic50_etc,250516/7_ic50_etc/plots_1000/e3_s128/pred-deepneo_fold2.csv,250516/7_ic50_etc/plots_1000/e3_s128/pred-deepneo_fold2.csv,/home/hwjang/project/250516/7_ic50_etc/plots_1000/e3_s128/pred-deepneo_fold2.csv,250516/7_ic50_etc/plots_1000/e3_s128/pred-deepneo_fold2.csv,0.66141,0.51135,dataset/ic50/test_beta.csv,0.8175280019137328,0.7820857818134614,0.7186801326035002,0.7415173195438124,0.4796124587182354
deepneo,e3,s128,3,plots_1000,plots,1000,250516/7_ic50_etc,250516/7_ic50_etc/plots_1000/e3_s128/pred-deepneo_fold3.csv,250516/7_ic50_etc/plots_1000/e3_s128/pred-deepneo_fold3.csv,/home/hwjang/project/250516/7_ic50_etc/plots_1000/e3_s128/pred-deepneo_fold3.csv,250516/7_ic50_etc/plots_1000/e3_s128/pred-deepneo_fold3.csv,0.66597,0.52592,dataset/ic50/test_beta.csv,0.8204397226703326,0.7869502696396398,0.715758004877665,0.7440674364241694,0.4836475035121846
deepneo,e3,s128,4,plots_1000,plots,1000,250516/7_ic50_etc,250516/7_ic50_etc/plots_1000/e3_s128/pred-deepneo_fold4.csv,250516/7_ic50_etc/plots_1000/e3_s128/pred-deepneo_fold4.csv,/home/hwjang/project/250516/7_ic50_etc/plots_1000/e3_s128/pred-deepneo_fold4.csv,250516/7_ic50_etc/plots_1000/e3_s128/pred-deepneo_fold4.csv,0.67385,0.50895,dataset/ic50/test_beta.csv,0.823003171619363,0.7885464522406862,0.7304046938468483,0.746121697244457,0.491153377646138
deepneo,e3,s128,0,plots_500,plots,500,250516/7_ic50_etc,250516/7_ic50_etc/plots_500/e3_s128/pred-deepneo_fold0.csv,250516/7_ic50_etc/plots_500/e3_s128/pred-deepneo_fold0.csv,/home/hwjang/project/250516/7_ic50_etc/plots_500/e3_s128/pred-deepneo_fold0.csv,250516/7_ic50_etc/plots_500/e3_s128/pred-deepneo_fold0.csv,0.66637,0.49259,dataset/ic50/test_beta.csv,0.8278508728829098,0.7279124477058674,0.6624102154828412,0.7602890132464405,0.4775695469383412
deepneo,e3,s128,1,plots_500,plots,500,250516/7_ic50_etc,250516/7_ic50_etc/plots_500/e3_s128/pred-deepneo_fold1.csv,250516/7_ic50_etc/plots_500/e3_s128/pred-deepneo_fold1.csv,/home/hwjang/project/250516/7_ic50_etc/plots_500/e3_s128/pred-deepneo_fold1.csv,250516/7_ic50_etc/plots_500/e3_s128/pred-deepneo_fold1.csv,0.66397,0.475,dataset/ic50/test_beta.csv,0.827733683619658,0.7311107706032532,0.6561256758135264,0.7612098887865694,0.4759693826290164
deepneo,e3,s128,2,plots_500,plots,500,250516/7_ic50_etc,250516/7_ic50_etc/plots_500/e3_s128/pred-deepneo_fold2.csv,250516/7_ic50_etc/plots_500/e3_s128/pred-deepneo_fold2.csv,/home/hwjang/project/250516/7_ic50_etc/plots_500/e3_s128/pred-deepneo_fold2.csv,250516/7_ic50_etc/plots_500/e3_s128/pred-deepneo_fold2.csv,0.67247,0.47223,dataset/ic50/test_beta.csv,0.8306279193376754,0.7360682460341894,0.6740040907762735,0.7629099667068074,0.4877980079343834
deepneo,e3,s128,3,plots_500,plots,500,250516/7_ic50_etc,250516/7_ic50_etc/plots_500/e3_s128/pred-deepneo_fold3.csv,250516/7_ic50_etc/plots_500/e3_s128/pred-deepneo_fold3.csv,/home/hwjang/project/250516/7_ic50_etc/plots_500/e3_s128/pred-deepneo_fold3.csv,250516/7_ic50_etc/plots_500/e3_s128/pred-deepneo_fold3.csv,0.65935,0.50162,dataset/ic50/test_beta.csv,0.829515355659479,0.7315867093062015,0.6672674476819865,0.7646100446270454,0.4863856719754894
deepneo,e3,s128,4,plots_500,plots,500,250516/7_ic50_etc,250516/7_ic50_etc/plots_500/e3_s128/pred-deepneo_fold4.csv,250516/7_ic50_etc/plots_500/e3_s128/pred-deepneo_fold4.csv,/home/hwjang/project/250516/7_ic50_etc/plots_500/e3_s128/pred-deepneo_fold4.csv,250516/7_ic50_etc/plots_500/e3_s128/pred-deepneo_fold4.csv,0.65603,0.48899,dataset/ic50/test_beta.csv,0.8278448255195279,0.7271020903836698,0.6666666666666666,0.7616349082666289,0.4817739919651809
deepneo,e3,s42,0,plots_1000,plots,1000,250516/7_ic50_etc,250516/7_ic50_etc/plots_1000/e3_s42/pred-deepneo_fold0.csv,250516/7_ic50_etc/plots_1000/e3_s42/pred-deepneo_fold0.csv,/home/hwjang/project/250516/7_ic50_etc/plots_1000/e3_s42/pred-deepneo_fold0.csv,250516/7_ic50_etc/plots_1000/e3_s42/pred-deepneo_fold0.csv,0.66779,0.52303,dataset/ic50/test_beta.csv,0.8236410320357954,0.7924251594850775,0.7243019331083155,0.7454133314443578,0.4878321638993909
deepneo,e3,s42,1,plots_1000,plots,1000,250516/7_ic50_etc,250516/7_ic50_etc/plots_1000/e3_s42/pred-deepneo_fold1.csv,250516/7_ic50_etc/plots_1000/e3_s42/pred-deepneo_fold1.csv,/home/hwjang/project/250516/7_ic50_etc/plots_1000/e3_s42/pred-deepneo_fold1.csv,250516/7_ic50_etc/plots_1000/e3_s42/pred-deepneo_fold1.csv,0.67173,0.50267,dataset/ic50/test_beta.csv,0.8248451535090271,0.7941250919056329,0.7228746986077623,0.7476092654246653,0.4913244392725044
deepneo,e3,s42,2,plots_1000,plots,1000,250516/7_ic50_etc,250516/7_ic50_etc/plots_1000/e3_s42/pred-deepneo_fold2.csv,250516/7_ic50_etc/plots_1000/e3_s42/pred-deepneo_fold2.csv,/home/hwjang/project/250516/7_ic50_etc/plots_1000/e3_s42/pred-deepneo_fold2.csv,250516/7_ic50_etc/plots_1000/e3_s42/pred-deepneo_fold2.csv,0.66408,0.5065,dataset/ic50/test_beta.csv,0.8185505094400474,0.7864946281084881,0.7144430459408433,0.7428632145640008,0.4812168609670989
deepneo,e3,s42,3,plots_1000,plots,1000,250516/7_ic50_etc,250516/7_ic50_etc/plots_1000/e3_s42/pred-deepneo_fold3.csv,250516/7_ic50_etc/plots_1000/e3_s42/pred-deepneo_fold3.csv,/home/hwjang/project/250516/7_ic50_etc/plots_1000/e3_s42/pred-deepneo_fold3.csv,250516/7_ic50_etc/plots_1000/e3_s42/pred-deepneo_fold3.csv,0.66283,0.52448,dataset/ic50/test_beta.csv,0.8180359332242357,0.7844570308578374,0.7109905020352781,0.7435007437840901,0.4821262609024374
deepneo,e3,s42,4,plots_1000,plots,1000,250516/7_ic50_etc,250516/7_ic50_etc/plots_1000/e3_s42/pred-deepneo_fold4.csv,250516/7_ic50_etc/plots_1000/e3_s42/pred-deepneo_fold4.csv,/home/hwjang/project/250516/7_ic50_etc/plots_1000/e3_s42/pred-deepneo_fold4.csv,250516/7_ic50_etc/plots_1000/e3_s42/pred-deepneo_fold4.csv,0.6772,0.50283,dataset/ic50/test_beta.csv,0.827866192046731,0.7978681751108564,0.7257475728155339,0.7498760359849826,0.4959724413369856
deepneo,e3,s42,0,plots_500,plots,500,250516/7_ic50_etc,250516/7_ic50_etc/plots_500/e3_s42/pred-deepneo_fold0.csv,250516/7_ic50_etc/plots_500/e3_s42/pred-deepneo_fold0.csv,/home/hwjang/project/250516/7_ic50_etc/plots_500/e3_s42/pred-deepneo_fold0.csv,250516/7_ic50_etc/plots_500/e3_s42/pred-deepneo_fold0.csv,0.66564,0.49062,dataset/ic50/test_beta.csv,0.8302964266345754,0.7315642943021748,0.6711685261303582,0.7619890911666785,0.4848488465205619
deepneo,e3,s42,1,plots_500,plots,500,250516/7_ic50_etc,250516/7_ic50_etc/plots_500/e3_s42/pred-deepneo_fold1.csv,250516/7_ic50_etc/plots_500/e3_s42/pred-deepneo_fold1.csv,/home/hwjang/project/250516/7_ic50_etc/plots_500/e3_s42/pred-deepneo_fold1.csv,250516/7_ic50_etc/plots_500/e3_s42/pred-deepneo_fold1.csv,0.67331,0.4752,dataset/ic50/test_beta.csv,0.8308199663205054,0.7354508152859597,0.6545943708609272,0.7635474959268966,0.4791708229603284
deepneo,e3,s42,2,plots_500,plots,500,250516/7_ic50_etc,250516/7_ic50_etc/plots_500/e3_s42/pred-deepneo_fold2.csv,250516/7_ic50_etc/plots_500/e3_s42/pred-deepneo_fold2.csv,/home/hwjang/project/250516/7_ic50_etc/plots_500/e3_s42/pred-deepneo_fold2.csv,250516/7_ic50_etc/plots_500/e3_s42/pred-deepneo_fold2.csv,0.67416,0.47099,dataset/ic50/test_beta.csv,0.8328471289170447,0.7378323285970099,0.6684722640184572,0.7658851030672239,0.4888801419658587
deepneo,e3,s42,3,plots_500,plots,500,250516/7_ic50_etc,250516/7_ic50_etc/plots_500/e3_s42/pred-deepneo_fold3.csv,250516/7_ic50_etc/plots_500/e3_s42/pred-deepneo_fold3.csv,/home/hwjang/project/250516/7_ic50_etc/plots_500/e3_s42/pred-deepneo_fold3.csv,250516/7_ic50_etc/plots_500/e3_s42/pred-deepneo_fold3.csv,0.6623,0.49742,dataset/ic50/test_beta.csv,0.831697838305166,0.7349216455424913,0.6640443772062532,0.764043351986966,0.4839629778593219
deepneo,e3,s42,4,plots_500,plots,500,250516/7_ic50_etc,250516/7_ic50_etc/plots_500/e3_s42/pred-deepneo_fold4.csv,250516/7_ic50_etc/plots_500/e3_s42/pred-deepneo_fold4.csv,/home/hwjang/project/250516/7_ic50_etc/plots_500/e3_s42/pred-deepneo_fold4.csv,250516/7_ic50_etc/plots_500/e3_s42/pred-deepneo_fold4.csv,0.66156,0.48631,dataset/ic50/test_beta.csv,0.8304490685656539,0.7319879212790015,0.6526840411172257,0.7630516398668272,0.4776283484605321
esm3_large,e5,s100,0,plots_1000,plots,1000,260830/2_ic50,260830/2_ic50/plots_1000/e5_s100/pred-esm3_large_fold0.csv,260830/2_ic50/plots_1000/e5_s100/pred-esm3_large_fold0.csv,/home/hwjang/project/260830/2_ic50/plots_1000/e5_s100/pred-esm3_large_fold0.csv,260830/2_ic50/plots_1000/e5_s100/pred-esm3_large_fold0.csv,-0.00982,0.52467,dataset/ic50/test.csv,0.8324108285169782,0.8044373234541756,0.7291131355602274,0.7541342756183745,0.5042496676101874
esm3_large,e5,s100,1,plots_1000,plots,1000,260830/2_ic50,260830/2_ic50/plots_1000/e5_s100/pred-esm3_large_fold1.csv,260830/2_ic50/plots_1000/e5_s100/pred-esm3_large_fold1.csv,/home/hwjang/project/260830/2_ic50/plots_1000/e5_s100/pred-esm3_large_fold1.csv,260830/2_ic50/plots_1000/e5_s100/pred-esm3_large_fold1.csv,0.23486,0.50328,dataset/ic50/test.csv,0.840545417345112,0.8111164935563506,0.7131705696728118,0.7559010600706714,0.5080499697885134
esm3_large,e5,s100,2,plots_1000,plots,1000,260830/2_ic50,260830/2_ic50/plots_1000/e5_s100/pred-esm3_large_fold2.csv,260830/2_ic50/plots_1000/e5_s100/pred-esm3_large_fold2.csv,/home/hwjang/project/260830/2_ic50/plots_1000/e5_s100/pred-esm3_large_fold2.csv,260830/2_ic50/plots_1000/e5_s100/pred-esm3_large_fold2.csv,-0.15609,0.503,dataset/ic50/test.csv,0.8315352028348673,0.7997720134398381,0.7264694280078895,0.754982332155477,0.5054407955686462
esm3_large,e5,s100,3,plots_1000,plots,1000,260830/2_ic50,260830/2_ic50/plots_1000/e5_s100/pred-esm3_large_fold3.csv,260830/2_ic50/plots_1000/e5_s100/pred-esm3_large_fold3.csv,/home/hwjang/project/260830/2_ic50/plots_1000/e5_s100/pred-esm3_large_fold3.csv,260830/2_ic50/plots_1000/e5_s100/pred-esm3_large_fold3.csv,0.1257,0.50207,dataset/ic50/test.csv,0.83708272903723,0.811157889106717,0.7254575707154742,0.7551236749116608,0.5056218149259757
esm3_large,e5,s100,4,plots_1000,plots,1000,260830/2_ic50,260830/2_ic50/plots_1000/e5_s100/pred-esm3_large_fold4.csv,260830/2_ic50/plots_1000/e5_s100/pred-esm3_large_fold4.csv,/home/hwjang/project/260830/2_ic50/plots_1000/e5_s100/pred-esm3_large_fold4.csv,260830/2_ic50/plots_1000/e5_s100/pred-esm3_large_fold4.csv,-0.09433,0.49609,dataset/ic50/test.csv,0.8368963251591446,0.8066584002849594,0.7273874300134059,0.7556890459363957,0.5068839800661912
esm3_large,e5,s100,0,plots_500,plots,500,260830/2_ic50,260830/2_ic50/plots_500/e5_s100/pred-esm3_large_fold0.csv,260830/2_ic50/plots_500/e5_s100/pred-esm3_large_fold0.csv,/home/hwjang/project/260830/2_ic50/plots_500/e5_s100/pred-esm3_large_fold0.csv,260830/2_ic50/plots_500/e5_s100/pred-esm3_large_fold0.csv,0.27238,0.48455,dataset/ic50/test.csv,0.8419584238673947,0.7460526789895638,0.6966228893058162,0.7714487632508834,0.5140062586879756
esm3_large,e5,s100,1,plots_500,plots,500,260830/2_ic50,260830/2_ic50/plots_500/e5_s100/pred-esm3_large_fold1.csv,260830/2_ic50/plots_500/e5_s100/pred-esm3_large_fold1.csv,/home/hwjang/project/260830/2_ic50/plots_500/e5_s100/pred-esm3_large_fold1.csv,260830/2_ic50/plots_500/e5_s100/pred-esm3_large_fold1.csv,0.27766,0.4661,dataset/ic50/test.csv,0.8397653502566624,0.7472659971526782,0.6787770498312488,0.7713074204946997,0.5019783543273124
esm3_large,e5,s100,2,plots_500,plots,500,260830/2_ic50,260830/2_ic50/plots_500/e5_s100/pred-esm3_large_fold2.csv,260830/2_ic50/plots_500/e5_s100/pred-esm3_large_fold2.csv,/home/hwjang/project/260830/2_ic50/plots_500/e5_s100/pred-esm3_large_fold2.csv,260830/2_ic50/plots_500/e5_s100/pred-esm3_large_fold2.csv,0.21358,0.48307,dataset/ic50/test.csv,0.8325198069077144,0.7386074215740793,0.6836227123416236,0.7617667844522968,0.4932594046863173
esm3_large,e5,s100,3,plots_500,plots,500,260830/2_ic50,260830/2_ic50/plots_500/e5_s100/pred-esm3_large_fold3.csv,260830/2_ic50/plots_500/e5_s100/pred-esm3_large_fold3.csv,/home/hwjang/project/260830/2_ic50/plots_500/e5_s100/pred-esm3_large_fold3.csv,260830/2_ic50/plots_500/e5_s100/pred-esm3_large_fold3.csv,0.40558,0.48715,dataset/ic50/test.csv,0.8324672463772606,0.7446274152454107,0.6285140562248996,0.7646643109540636,0.4747665460026948
esm3_large,e5,s100,4,plots_500,plots,500,260830/2_ic50,260830/2_ic50/plots_500/e5_s100/pred-esm3_large_fold4.csv,260830/2_ic50/plots_500/e5_s100/pred-esm3_large_fold4.csv,/home/hwjang/project/260830/2_ic50/plots_500/e5_s100/pred-esm3_large_fold4.csv,260830/2_ic50/plots_500/e5_s100/pred-esm3_large_fold4.csv,0.39311,0.49675,dataset/ic50/test.csv,0.8274624210494791,0.7307623263045624,0.6491394784077711,0.7651590106007067,0.4798677672303357
esm3_large,e5,s128,0,plots_1000,plots,1000,260830/2_ic50,260830/2_ic50/plots_1000/e5_s128/pred-esm3_large_fold0.csv,260830/2_ic50/plots_1000/e5_s128/pred-esm3_large_fold0.csv,/home/hwjang/project/260830/2_ic50/plots_1000/e5_s128/pred-esm3_large_fold0.csv,260830/2_ic50/plots_1000/e5_s128/pred-esm3_large_fold0.csv,-0.22448,0.52141,dataset/ic50/test.csv,0.8390046495400981,0.8134600329500372,0.7359083058564924,0.7622614840989399,0.520312044954868
esm3_large,e5,s128,1,plots_1000,plots,1000,260830/2_ic50,260830/2_ic50/plots_1000/e5_s128/pred-esm3_large_fold1.csv,260830/2_ic50/plots_1000/e5_s128/pred-esm3_large_fold1.csv,/home/hwjang/project/260830/2_ic50/plots_1000/e5_s128/pred-esm3_large_fold1.csv,260830/2_ic50/plots_1000/e5_s128/pred-esm3_large_fold1.csv,-1.57538,0.50677,dataset/ic50/test.csv,0.8391361879401517,0.8104702020365624,0.7423639774859287,0.7573851590106007,0.5138697666343687
esm3_large,e5,s128,2,plots_1000,plots,1000,260830/2_ic50,260830/2_ic50/plots_1000/e5_s128/pred-esm3_large_fold2.csv,260830/2_ic50/plots_1000/e5_s128/pred-esm3_large_fold2.csv,/home/hwjang/project/260830/2_ic50/plots_1000/e5_s128/pred-esm3_large_fold2.csv,260830/2_ic50/plots_1000/e5_s128/pred-esm3_large_fold2.csv,-0.25707,0.50144,dataset/ic50/test.csv,0.83073194690003,0.7990037985926407,0.7320806182754963,0.7501060070671378,0.4982059197709091
esm3_large,e5,s128,3,plots_1000,plots,1000,260830/2_ic50,260830/2_ic50/plots_1000/e5_s128/pred-esm3_large_fold3.csv,260830/2_ic50/plots_1000/e5_s128/pred-esm3_large_fold3.csv,/home/hwjang/project/260830/2_ic50/plots_1000/e5_s128/pred-esm3_large_fold3.csv,260830/2_ic50/plots_1000/e5_s128/pred-esm3_large_fold3.csv,0.10316,0.49981,dataset/ic50/test.csv,0.8370525364349706,0.808800210363749,0.7188133257680149,0.7548409893992933,0.5049984686102817
esm3_large,e5,s128,4,plots_1000,plots,1000,260830/2_ic50,260830/2_ic50/plots_1000/e5_s128/pred-esm3_large_fold4.csv,260830/2_ic50/plots_1000/e5_s128/pred-esm3_large_fold4.csv,/home/hwjang/project/260830/2_ic50/plots_1000/e5_s128/pred-esm3_large_fold4.csv,260830/2_ic50/plots_1000/e5_s128/pred-esm3_large_fold4.csv,0.15073,0.50947,dataset/ic50/test.csv,0.8398815621529748,0.8108840811883649,0.7303969022265246,0.7638162544169611,0.5232051513163032
esm3_large,e5,s128,0,plots_500,plots,500,260830/2_ic50,260830/2_ic50/plots_500/e5_s128/pred-esm3_large_fold0.csv,260830/2_ic50/plots_500/e5_s128/pred-esm3_large_fold0.csv,/home/hwjang/project/260830/2_ic50/plots_500/e5_s128/pred-esm3_large_fold0.csv,260830/2_ic50/plots_500/e5_s128/pred-esm3_large_fold0.csv,0.35599,0.49778,dataset/ic50/test.csv,0.8362195475947545,0.747094027444249,0.6763040841083704,0.7737102473498233,0.504354976876498
esm3_large,e5,s128,1,plots_500,plots,500,260830/2_ic50,260830/2_ic50/plots_500/e5_s128/pred-esm3_large_fold1.csv,260830/2_ic50/plots_500/e5_s128/pred-esm3_large_fold1.csv,/home/hwjang/project/260830/2_ic50/plots_500/e5_s128/pred-esm3_large_fold1.csv,260830/2_ic50/plots_500/e5_s128/pred-esm3_large_fold1.csv,0.35728,0.46958,dataset/ic50/test.csv,0.8338020106134836,0.7391929882972244,0.6638403474304622,0.7702473498233215,0.4936525093794492
esm3_large,e5,s128,2,plots_500,plots,500,260830/2_ic50,260830/2_ic50/plots_500/e5_s128/pred-esm3_large_fold2.csv,260830/2_ic50/plots_500/e5_s128/pred-esm3_large_fold2.csv,/home/hwjang/project/260830/2_ic50/plots_500/e5_s128/pred-esm3_large_fold2.csv,260830/2_ic50/plots_500/e5_s128/pred-esm3_large_fold2.csv,0.3118,0.47565,dataset/ic50/test.csv,0.8325296929346254,0.7360698784634815,0.6803670426304722,0.7636749116607774,0.4929761709843031
esm3_large,e5,s128,3,plots_500,plots,500,260830/2_ic50,260830/2_ic50/plots_500/e5_s128/pred-esm3_large_fold3.csv,260830/2_ic50/plots_500/e5_s128/pred-esm3_large_fold3.csv,/home/hwjang/project/260830/2_ic50/plots_500/e5_s128/pred-esm3_large_fold3.csv,260830/2_ic50/plots_500/e5_s128/pred-esm3_large_fold3.csv,0.38951,0.48546,dataset/ic50/test.csv,0.8281496236295965,0.7371718327544464,0.641429179072735,0.7616961130742049,0.4713016401996087
esm3_large,e5,s128,4,plots_500,plots,500,260830/2_ic50,260830/2_ic50/plots_500/e5_s128/pred-esm3_large_fold4.csv,260830/2_ic50/plots_500/e5_s128/pred-esm3_large_fold4.csv,/home/hwjang/project/260830/2_ic50/plots_500/e5_s128/pred-esm3_large_fold4.csv,260830/2_ic50/plots_500/e5_s128/pred-esm3_large_fold4.csv,0.40228,0.48839,dataset/ic50/test.csv,0.8374115184455404,0.744739764887578,0.6509736785790713,0.769469964664311,0.4884041787891099
esm3_large,e5,s42,0,plots_1000,plots,1000,260830/2_ic50,260830/2_ic50/plots_1000/e5_s42/pred-esm3_large_fold0.csv,260830/2_ic50/plots_1000/e5_s42/pred-esm3_large_fold0.csv,/home/hwjang/project/260830/2_ic50/plots_1000/e5_s42/pred-esm3_large_fold0.csv,260830/2_ic50/plots_1000/e5_s42/pred-esm3_large_fold0.csv,-0.07899,0.52284,dataset/ic50/test.csv,0.8339876203292834,0.8049018353032367,0.7283661355826304,0.7542049469964665,0.5042448146158738
esm3_large,e5,s42,1,plots_1000,plots,1000,260830/2_ic50,260830/2_ic50/plots_1000/e5_s42/pred-esm3_large_fold1.csv,260830/2_ic50/plots_1000/e5_s42/pred-esm3_large_fold1.csv,/home/hwjang/project/260830/2_ic50/plots_1000/e5_s42/pred-esm3_large_fold1.csv,260830/2_ic50/plots_1000/e5_s42/pred-esm3_large_fold1.csv,-0.91261,0.5072,dataset/ic50/test.csv,0.8339956435382754,0.8039808096258992,0.73355187924068,0.7530035335689046,0.5034469574881655
esm3_large,e5,s42,2,plots_1000,plots,1000,260830/2_ic50,260830/2_ic50/plots_1000/e5_s42/pred-esm3_large_fold2.csv,260830/2_ic50/plots_1000/e5_s42/pred-esm3_large_fold2.csv,/home/hwjang/project/260830/2_ic50/plots_1000/e5_s42/pred-esm3_large_fold2.csv,260830/2_ic50/plots_1000/e5_s42/pred-esm3_large_fold2.csv,-0.21682,0.49422,dataset/ic50/test.csv,0.8362680013211148,0.8079921374098615,0.7349536149658821,0.7556890459363957,0.5083773851581876
esm3_large,e5,s42,3,plots_1000,plots,1000,260830/2_ic50,260830/2_ic50/plots_1000/e5_s42/pred-esm3_large_fold3.csv,260830/2_ic50/plots_1000/e5_s42/pred-esm3_large_fold3.csv,/home/hwjang/project/260830/2_ic50/plots_1000/e5_s42/pred-esm3_large_fold3.csv,260830/2_ic50/plots_1000/e5_s42/pred-esm3_large_fold3.csv,-1.64543,0.51432,dataset/ic50/test.csv,0.8361653585384085,0.8035856757834458,0.7420536983022961,0.7562544169611307,0.512016005752119
esm3_large,e5,s42,4,plots_1000,plots,1000,260830/2_ic50,260830/2_ic50/plots_1000/e5_s42/pred-esm3_large_fold4.csv,260830/2_ic50/plots_1000/e5_s42/pred-esm3_large_fold4.csv,/home/hwjang/project/260830/2_ic50/plots_1000/e5_s42/pred-esm3_large_fold4.csv,260830/2_ic50/plots_1000/e5_s42/pred-esm3_large_fold4.csv,0.11532,0.50275,dataset/ic50/test.csv,0.8293697306846017,0.8001692215470524,0.7177295815528502,0.7525795053003533,0.5003319928588711
esm3_large,e5,s42,0,plots_500,plots,500,260830/2_ic50,260830/2_ic50/plots_500/e5_s42/pred-esm3_large_fold0.csv,260830/2_ic50/plots_500/e5_s42/pred-esm3_large_fold0.csv,/home/hwjang/project/260830/2_ic50/plots_500/e5_s42/pred-esm3_large_fold0.csv,260830/2_ic50/plots_500/e5_s42/pred-esm3_large_fold0.csv,0.34559,0.50056,dataset/ic50/test.csv,0.8332012220204998,0.7399481191538767,0.6797177779986088,0.772226148409894,0.5037979313896653
esm3_large,e5,s42,1,plots_500,plots,500,260830/2_ic50,260830/2_ic50/plots_500/e5_s42/pred-esm3_large_fold1.csv,260830/2_ic50/plots_500/e5_s42/pred-esm3_large_fold1.csv,/home/hwjang/project/260830/2_ic50/plots_500/e5_s42/pred-esm3_large_fold1.csv,260830/2_ic50/plots_500/e5_s42/pred-esm3_large_fold1.csv,0.36128,0.46406,dataset/ic50/test.csv,0.8391088061930807,0.7470301715739635,0.6794182107989639,0.7725795053003534,0.5041541581038352
esm3_large,e5,s42,2,plots_500,plots,500,260830/2_ic50,260830/2_ic50/plots_500/e5_s42/pred-esm3_large_fold2.csv,260830/2_ic50/plots_500/e5_s42/pred-esm3_large_fold2.csv,/home/hwjang/project/260830/2_ic50/plots_500/e5_s42/pred-esm3_large_fold2.csv,260830/2_ic50/plots_500/e5_s42/pred-esm3_large_fold2.csv,0.28292,0.47455,dataset/ic50/test.csv,0.8339199006775941,0.7436824043767961,0.6870479313337834,0.7706713780918728,0.5060764379844733
esm3_large,e5,s42,3,plots_500,plots,500,260830/2_ic50,260830/2_ic50/plots_500/e5_s42/pred-esm3_large_fold3.csv,260830/2_ic50/plots_500/e5_s42/pred-esm3_large_fold3.csv,/home/hwjang/project/260830/2_ic50/plots_500/e5_s42/pred-esm3_large_fold3.csv,260830/2_ic50/plots_500/e5_s42/pred-esm3_large_fold3.csv,0.34377,0.48851,dataset/ic50/test.csv,0.8371019857596462,0.7434593767291959,0.6823762376237624,0.773286219081272,0.5067365787852837
esm3_large,e5,s42,4,plots_500,plots,500,260830/2_ic50,260830/2_ic50/plots_500/e5_s42/pred-esm3_large_fold4.csv,260830/2_ic50/plots_500/e5_s42/pred-esm3_large_fold4.csv,/home/hwjang/project/260830/2_ic50/plots_500/e5_s42/pred-esm3_large_fold4.csv,260830/2_ic50/plots_500/e5_s42/pred-esm3_large_fold4.csv,0.40437,0.48922,dataset/ic50/test.csv,0.8370890231237074,0.7479030780592871,0.6315091210613598,0.764452296819788,0.4746761779033335
esm3_medium,e5,s100,0,plots_1000,plots,1000,260830/2_ic50,260830/2_ic50/plots_1000/e5_s100/pred-esm3_medium_fold0.csv,260830/2_ic50/plots_1000/e5_s100/pred-esm3_medium_fold0.csv,/home/hwjang/project/260830/2_ic50/plots_1000/e5_s100/pred-esm3_medium_fold0.csv,260830/2_ic50/plots_1000/e5_s100/pred-esm3_medium_fold0.csv,-0.05078,0.52282,dataset/ic50/test.csv,0.8315350218602283,0.8019693846225411,0.7316883319062816,0.7563957597173145,0.5088279437956599
esm3_medium,e5,s100,1,plots_1000,plots,1000,260830/2_ic50,260830/2_ic50/plots_1000/e5_s100/pred-esm3_medium_fold1.csv,260830/2_ic50/plots_1000/e5_s100/pred-esm3_medium_fold1.csv,/home/hwjang/project/260830/2_ic50/plots_1000/e5_s100/pred-esm3_medium_fold1.csv,260830/2_ic50/plots_1000/e5_s100/pred-esm3_medium_fold1.csv,0.17573,0.49388,dataset/ic50/test.csv,0.8376954890563127,0.8072145031142179,0.7240408590042628,0.7575265017667845,0.5103806791385338
esm3_medium,e5,s100,2,plots_1000,plots,1000,260830/2_ic50,260830/2_ic50/plots_1000/e5_s100/pred-esm3_medium_fold2.csv,260830/2_ic50/plots_1000/e5_s100/pred-esm3_medium_fold2.csv,/home/hwjang/project/260830/2_ic50/plots_1000/e5_s100/pred-esm3_medium_fold2.csv,260830/2_ic50/plots_1000/e5_s100/pred-esm3_medium_fold2.csv,-0.07443,0.50924,dataset/ic50/test.csv,0.8238870034571183,0.7922552286634821,0.7221917808219178,0.7491872791519435,0.4940113739092098
esm3_medium,e5,s100,3,plots_1000,plots,1000,260830/2_ic50,260830/2_ic50/plots_1000/e5_s100/pred-esm3_medium_fold3.csv,260830/2_ic50/plots_1000/e5_s100/pred-esm3_medium_fold3.csv,/home/hwjang/project/260830/2_ic50/plots_1000/e5_s100/pred-esm3_medium_fold3.csv,260830/2_ic50/plots_1000/e5_s100/pred-esm3_medium_fold3.csv,0.25905,0.50512,dataset/ic50/test.csv,0.835383859776828,0.804965466370711,0.7136505845545859,0.7542049469964665,0.5041494547278578
esm3_medium,e5,s100,4,plots_1000,plots,1000,260830/2_ic50,260830/2_ic50/plots_1000/e5_s100/pred-esm3_medium_fold4.csv,260830/2_ic50/plots_1000/e5_s100/pred-esm3_medium_fold4.csv,/home/hwjang/project/260830/2_ic50/plots_1000/e5_s100/pred-esm3_medium_fold4.csv,260830/2_ic50/plots_1000/e5_s100/pred-esm3_medium_fold4.csv,-0.78963,0.51097,dataset/ic50/test.csv,0.8288724727017351,0.7967226237432048,0.7365443311248419,0.7498939929328622,0.4998464380877916
esm3_medium,e5,s100,0,plots_500,plots,500,260830/2_ic50,260830/2_ic50/plots_500/e5_s100/pred-esm3_medium_fold0.csv,260830/2_ic50/plots_500/e5_s100/pred-esm3_medium_fold0.csv,/home/hwjang/project/260830/2_ic50/plots_500/e5_s100/pred-esm3_medium_fold0.csv,260830/2_ic50/plots_500/e5_s100/pred-esm3_medium_fold0.csv,0.37473,0.49388,dataset/ic50/test.csv,0.827776030780204,0.7294591333663184,0.6528049408131755,0.7616254416961131,0.4750431493950721
esm3_medium,e5,s100,1,plots_500,plots,500,260830/2_ic50,260830/2_ic50/plots_500/e5_s100/pred-esm3_medium_fold1.csv,260830/2_ic50/plots_500/e5_s100/pred-esm3_medium_fold1.csv,/home/hwjang/project/260830/2_ic50/plots_500/e5_s100/pred-esm3_medium_fold1.csv,260830/2_ic50/plots_500/e5_s100/pred-esm3_medium_fold1.csv,0.40059,0.47006,dataset/ic50/test.csv,0.8438364677740049,0.7515453883598467,0.6647108130762783,0.773851590106007,0.5002408338712935
esm3_medium,e5,s100,2,plots_500,plots,500,260830/2_ic50,260830/2_ic50/plots_500/e5_s100/pred-esm3_medium_fold2.csv,260830/2_ic50/plots_500/e5_s100/pred-esm3_medium_fold2.csv,/home/hwjang/project/260830/2_ic50/plots_500/e5_s100/pred-esm3_medium_fold2.csv,260830/2_ic50/plots_500/e5_s100/pred-esm3_medium_fold2.csv,0.37542,0.47834,dataset/ic50/test.csv,0.8374709636954971,0.7469530958132247,0.6832151300236406,0.7727208480565371,0.5064092565418428
esm3_medium,e5,s100,3,plots_500,plots,500,260830/2_ic50,260830/2_ic50/plots_500/e5_s100/pred-esm3_medium_fold3.csv,260830/2_ic50/plots_500/e5_s100/pred-esm3_medium_fold3.csv,/home/hwjang/project/260830/2_ic50/plots_500/e5_s100/pred-esm3_medium_fold3.csv,260830/2_ic50/plots_500/e5_s100/pred-esm3_medium_fold3.csv,0.33612,0.49004,dataset/ic50/test.csv,0.8307422476337217,0.7381295763791035,0.6812035802704247,0.7633922261484098,0.4932427532127137
esm3_medium,e5,s100,4,plots_500,plots,500,260830/2_ic50,260830/2_ic50/plots_500/e5_s100/pred-esm3_medium_fold4.csv,260830/2_ic50/plots_500/e5_s100/pred-esm3_medium_fold4.csv,/home/hwjang/project/260830/2_ic50/plots_500/e5_s100/pred-esm3_medium_fold4.csv,260830/2_ic50/plots_500/e5_s100/pred-esm3_medium_fold4.csv,0.39598,0.48588,dataset/ic50/test.csv,0.8337858315226521,0.7393421858994103,0.669750603378922,0.7679151943462897,0.4924085040713921
esm3_medium,e5,s128,0,plots_1000,plots,1000,260830/2_ic50,260830/2_ic50/plots_1000/e5_s128/pred-esm3_medium_fold0.csv,260830/2_ic50/plots_1000/e5_s128/pred-esm3_medium_fold0.csv,/home/hwjang/project/260830/2_ic50/plots_1000/e5_s128/pred-esm3_medium_fold0.csv,260830/2_ic50/plots_1000/e5_s128/pred-esm3_medium_fold0.csv,-0.12257,0.52049,dataset/ic50/test.csv,0.8255630397505767,0.7940781784896715,0.7141947803946531,0.7461484098939929,0.487352179867557
esm3_medium,e5,s128,1,plots_1000,plots,1000,260830/2_ic50,260830/2_ic50/plots_1000/e5_s128/pred-esm3_medium_fold1.csv,260830/2_ic50/plots_1000/e5_s128/pred-esm3_medium_fold1.csv,/home/hwjang/project/260830/2_ic50/plots_1000/e5_s128/pred-esm3_medium_fold1.csv,260830/2_ic50/plots_1000/e5_s128/pred-esm3_medium_fold1.csv,-0.90152,0.49562,dataset/ic50/test.csv,0.834802820590289,0.8063966324383427,0.7329287963745296,0.7542756183745583,0.5053919471170438
esm3_medium,e5,s128,2,plots_1000,plots,1000,260830/2_ic50,260830/2_ic50/plots_1000/e5_s128/pred-esm3_medium_fold2.csv,260830/2_ic50/plots_1000/e5_s128/pred-esm3_medium_fold2.csv,/home/hwjang/project/260830/2_ic50/plots_1000/e5_s128/pred-esm3_medium_fold2.csv,260830/2_ic50/plots_1000/e5_s128/pred-esm3_medium_fold2.csv,0.05076,0.51318,dataset/ic50/test.csv,0.8330210448369695,0.8023718850968347,0.7295910433836106,0.7542049469964665,0.5044696850732808
esm3_medium,e5,s128,3,plots_1000,plots,1000,260830/2_ic50,260830/2_ic50/plots_1000/e5_s128/pred-esm3_medium_fold3.csv,260830/2_ic50/plots_1000/e5_s128/pred-esm3_medium_fold3.csv,/home/hwjang/project/260830/2_ic50/plots_1000/e5_s128/pred-esm3_medium_fold3.csv,260830/2_ic50/plots_1000/e5_s128/pred-esm3_medium_fold3.csv,-0.10075,0.50669,dataset/ic50/test.csv,0.834734542880684,0.8052883185837366,0.7304690579424518,0.7583745583038869,0.5123253034129631
esm3_medium,e5,s128,4,plots_1000,plots,1000,260830/2_ic50,260830/2_ic50/plots_1000/e5_s128/pred-esm3_medium_fold4.csv,260830/2_ic50/plots_1000/e5_s128/pred-esm3_medium_fold4.csv,/home/hwjang/project/260830/2_ic50/plots_1000/e5_s128/pred-esm3_medium_fold4.csv,260830/2_ic50/plots_1000/e5_s128/pred-esm3_medium_fold4.csv,-0.39951,0.5001,dataset/ic50/test.csv,0.8406777198603077,0.809250340279279,0.7459913082571556,0.7604240282685513,0.5201579382258158
esm3_medium,e5,s128,0,plots_500,plots,500,260830/2_ic50,260830/2_ic50/plots_500/e5_s128/pred-esm3_medium_fold0.csv,260830/2_ic50/plots_500/e5_s128/pred-esm3_medium_fold0.csv,/home/hwjang/project/260830/2_ic50/plots_500/e5_s128/pred-esm3_medium_fold0.csv,260830/2_ic50/plots_500/e5_s128/pred-esm3_medium_fold0.csv,0.3349,0.49152,dataset/ic50/test.csv,0.8320121556607541,0.7359964828612283,0.6817481709664998,0.7663604240282685,0.4971825480749439
esm3_medium,e5,s128,1,plots_500,plots,500,260830/2_ic50,260830/2_ic50/plots_500/e5_s128/pred-esm3_medium_fold1.csv,260830/2_ic50/plots_500/e5_s128/pred-esm3_medium_fold1.csv,/home/hwjang/project/260830/2_ic50/plots_500/e5_s128/pred-esm3_medium_fold1.csv,260830/2_ic50/plots_500/e5_s128/pred-esm3_medium_fold1.csv,0.31545,0.47528,dataset/ic50/test.csv,0.8328920012984581,0.7383164114985422,0.6769855857598917,0.7640282685512367,0.4911116100386475
esm3_medium,e5,s128,2,plots_500,plots,500,260830/2_ic50,260830/2_ic50/plots_500/e5_s128/pred-esm3_medium_fold2.csv,260830/2_ic50/plots_500/e5_s128/pred-esm3_medium_fold2.csv,/home/hwjang/project/260830/2_ic50/plots_500/e5_s128/pred-esm3_medium_fold2.csv,260830/2_ic50/plots_500/e5_s128/pred-esm3_medium_fold2.csv,0.35995,0.47533,dataset/ic50/test.csv,0.8364673652247311,0.7475210165062561,0.6835640475726262,0.7706007067137809,0.5037542179478273
esm3_medium,e5,s128,3,plots_500,plots,500,260830/2_ic50,260830/2_ic50/plots_500/e5_s128/pred-esm3_medium_fold3.csv,260830/2_ic50/plots_500/e5_s128/pred-esm3_medium_fold3.csv,/home/hwjang/project/260830/2_ic50/plots_500/e5_s128/pred-esm3_medium_fold3.csv,260830/2_ic50/plots_500/e5_s128/pred-esm3_medium_fold3.csv,0.39263,0.48616,dataset/ic50/test.csv,0.8368145917499028,0.7452332949648015,0.6561447811447811,0.7690459363957597,0.4889964325818449
esm3_medium,e5,s128,4,plots_500,plots,500,260830/2_ic50,260830/2_ic50/plots_500/e5_s128/pred-esm3_medium_fold4.csv,260830/2_ic50/plots_500/e5_s128/pred-esm3_medium_fold4.csv,/home/hwjang/project/260830/2_ic50/plots_500/e5_s128/pred-esm3_medium_fold4.csv,260830/2_ic50/plots_500/e5_s128/pred-esm3_medium_fold4.csv,0.36253,0.48885,dataset/ic50/test.csv,0.8295019869300485,0.7376897038956285,0.6781350796598573,0.7672791519434629,0.4960495055670669
esm3_medium,e5,s42,0,plots_1000,plots,1000,260830/2_ic50,260830/2_ic50/plots_1000/e5_s42/pred-esm3_medium_fold0.csv,260830/2_ic50/plots_1000/e5_s42/pred-esm3_medium_fold0.csv,/home/hwjang/project/260830/2_ic50/plots_1000/e5_s42/pred-esm3_medium_fold0.csv,260830/2_ic50/plots_1000/e5_s42/pred-esm3_medium_fold0.csv,-0.3332,0.51496,dataset/ic50/test.csv,0.8338779899146855,0.8032715259425075,0.7379939209726444,0.7563250883392226,0.5104239737134336
esm3_medium,e5,s42,1,plots_1000,plots,1000,260830/2_ic50,260830/2_ic50/plots_1000/e5_s42/pred-esm3_medium_fold1.csv,260830/2_ic50/plots_1000/e5_s42/pred-esm3_medium_fold1.csv,/home/hwjang/project/260830/2_ic50/plots_1000/e5_s42/pred-esm3_medium_fold1.csv,260830/2_ic50/plots_1000/e5_s42/pred-esm3_medium_fold1.csv,-2.13581,0.50047,dataset/ic50/test.csv,0.8292522781439441,0.7982418454512796,0.7380062989819087,0.747208480565371,0.4968898272086863
esm3_medium,e5,s42,2,plots_1000,plots,1000,260830/2_ic50,260830/2_ic50/plots_1000/e5_s42/pred-esm3_medium_fold2.csv,260830/2_ic50/plots_1000/e5_s42/pred-esm3_medium_fold2.csv,/home/hwjang/project/260830/2_ic50/plots_1000/e5_s42/pred-esm3_medium_fold2.csv,260830/2_ic50/plots_1000/e5_s42/pred-esm3_medium_fold2.csv,-1.04709,0.51275,dataset/ic50/test.csv,0.8222291551148712,0.790784425560348,0.7261715497009614,0.7443816254416961,0.4867885006861353
esm3_medium,e5,s42,3,plots_1000,plots,1000,260830/2_ic50,260830/2_ic50/plots_1000/e5_s42/pred-esm3_medium_fold3.csv,260830/2_ic50/plots_1000/e5_s42/pred-esm3_medium_fold3.csv,/home/hwjang/project/260830/2_ic50/plots_1000/e5_s42/pred-esm3_medium_fold3.csv,260830/2_ic50/plots_1000/e5_s42/pred-esm3_medium_fold3.csv,-0.28967,0.51209,dataset/ic50/test.csv,0.83676440470152,0.8059677527246107,0.7370713119216113,0.761060070671378,0.5182841597353355
esm3_medium,e5,s42,4,plots_1000,plots,1000,260830/2_ic50,260830/2_ic50/plots_1000/e5_s42/pred-esm3_medium_fold4.csv,260830/2_ic50/plots_1000/e5_s42/pred-esm3_medium_fold4.csv,/home/hwjang/project/260830/2_ic50/plots_1000/e5_s42/pred-esm3_medium_fold4.csv,260830/2_ic50/plots_1000/e5_s42/pred-esm3_medium_fold4.csv,0.04453,0.50391,dataset/ic50/test.csv,0.8312219055724605,0.8001547894913806,0.7313306046798981,0.7541342756183745,0.5047287221242701
esm3_medium,e5,s42,0,plots_500,plots,500,260830/2_ic50,260830/2_ic50/plots_500/e5_s42/pred-esm3_medium_fold0.csv,260830/2_ic50/plots_500/e5_s42/pred-esm3_medium_fold0.csv,/home/hwjang/project/260830/2_ic50/plots_500/e5_s42/pred-esm3_medium_fold0.csv,260830/2_ic50/plots_500/e5_s42/pred-esm3_medium_fold0.csv,0.36937,0.48572,dataset/ic50/test.csv,0.8370056104439818,0.7384412481610071,0.6739802533160467,0.7689752650176679,0.4960903666290665
esm3_medium,e5,s42,1,plots_500,plots,500,260830/2_ic50,260830/2_ic50/plots_500/e5_s42/pred-esm3_medium_fold1.csv,260830/2_ic50/plots_500/e5_s42/pred-esm3_medium_fold1.csv,/home/hwjang/project/260830/2_ic50/plots_500/e5_s42/pred-esm3_medium_fold1.csv,260830/2_ic50/plots_500/e5_s42/pred-esm3_medium_fold1.csv,0.18733,0.47276,dataset/ic50/test.csv,0.8425155052489101,0.750624498094156,0.7003481042431084,0.7749116607773852,0.5206857611602776
esm3_medium,e5,s42,2,plots_500,plots,500,260830/2_ic50,260830/2_ic50/plots_500/e5_s42/pred-esm3_medium_fold2.csv,260830/2_ic50/plots_500/e5_s42/pred-esm3_medium_fold2.csv,/home/hwjang/project/260830/2_ic50/plots_500/e5_s42/pred-esm3_medium_fold2.csv,260830/2_ic50/plots_500/e5_s42/pred-esm3_medium_fold2.csv,0.35303,0.47363,dataset/ic50/test.csv,0.8342571336021127,0.7419455816211428,0.6674806674806675,0.7690459363957597,0.493125849918069
esm3_medium,e5,s42,3,plots_500,plots,500,260830/2_ic50,260830/2_ic50/plots_500/e5_s42/pred-esm3_medium_fold3.csv,260830/2_ic50/plots_500/e5_s42/pred-esm3_medium_fold3.csv,/home/hwjang/project/260830/2_ic50/plots_500/e5_s42/pred-esm3_medium_fold3.csv,260830/2_ic50/plots_500/e5_s42/pred-esm3_medium_fold3.csv,0.31262,0.4944,dataset/ic50/test.csv,0.8384493253663359,0.7468900343714802,0.6856978637800556,0.7681272084805654,0.5020441575302256
esm3_medium,e5,s42,4,plots_500,plots,500,260830/2_ic50,260830/2_ic50/plots_500/e5_s42/pred-esm3_medium_fold4.csv,260830/2_ic50/plots_500/e5_s42/pred-esm3_medium_fold4.csv,/home/hwjang/project/260830/2_ic50/plots_500/e5_s42/pred-esm3_medium_fold4.csv,260830/2_ic50/plots_500/e5_s42/pred-esm3_medium_fold4.csv,0.344,0.48265,dataset/ic50/test.csv,0.8348145807343517,0.7393045325217202,0.6693298711674823,0.7660070671378092,0.4893603591740142
esm3_small,e5,s100,0,plots_1000,plots,1000,250524/4_ic50,250524/4_ic50/plots_1000/e5_s100/pred-esm3_small_fold0.csv,250524/4_ic50/plots_1000/e5_s100/pred-esm3_small_fold0.csv,/home/hwjang/project/250524/4_ic50/plots_1000/e5_s100/pred-esm3_small_fold0.csv,250524/4_ic50/plots_1000/e5_s100/pred-esm3_small_fold0.csv,-0.01821,0.51242,dataset/ic50/test.csv,0.8405640376246275,0.8095519001396961,0.7356108141606631,0.7587985865724381,0.5139359811288442
esm3_small,e5,s100,1,plots_1000,plots,1000,250524/4_ic50,250524/4_ic50/plots_1000/e5_s100/pred-esm3_small_fold1.csv,250524/4_ic50/plots_1000/e5_s100/pred-esm3_small_fold1.csv,/home/hwjang/project/250524/4_ic50/plots_1000/e5_s100/pred-esm3_small_fold1.csv,250524/4_ic50/plots_1000/e5_s100/pred-esm3_small_fold1.csv,-0.4417,0.49547,dataset/ic50/test.csv,0.8398519426370719,0.8071126416245362,0.7475851740921003,0.7617667844522968,0.5229349585127704
esm3_small,e5,s100,2,plots_1000,plots,1000,250524/4_ic50,250524/4_ic50/plots_1000/e5_s100/pred-esm3_small_fold2.csv,250524/4_ic50/plots_1000/e5_s100/pred-esm3_small_fold2.csv,/home/hwjang/project/250524/4_ic50/plots_1000/e5_s100/pred-esm3_small_fold2.csv,250524/4_ic50/plots_1000/e5_s100/pred-esm3_small_fold2.csv,-0.32545,0.49925,dataset/ic50/test.csv,0.8320832644205368,0.7994466756793546,0.7310080490609429,0.7520141342756184,0.5009943833301668
esm3_small,e5,s100,3,plots_1000,plots,1000,250524/4_ic50,250524/4_ic50/plots_1000/e5_s100/pred-esm3_small_fold3.csv,250524/4_ic50/plots_1000/e5_s100/pred-esm3_small_fold3.csv,/home/hwjang/project/250524/4_ic50/plots_1000/e5_s100/pred-esm3_small_fold3.csv,250524/4_ic50/plots_1000/e5_s100/pred-esm3_small_fold3.csv,0.08204,0.51017,dataset/ic50/test.csv,0.8378641473656376,0.8049606237326568,0.7202515317639471,0.7547703180212014,0.5047894145479441
esm3_small,e5,s100,4,plots_1000,plots,1000,250524/4_ic50,250524/4_ic50/plots_1000/e5_s100/pred-esm3_small_fold4.csv,250524/4_ic50/plots_1000/e5_s100/pred-esm3_small_fold4.csv,/home/hwjang/project/250524/4_ic50/plots_1000/e5_s100/pred-esm3_small_fold4.csv,250524/4_ic50/plots_1000/e5_s100/pred-esm3_small_fold4.csv,-0.82251,0.49165,dataset/ic50/test.csv,0.8423287715994489,0.8119466282345333,0.7470759144751545,0.7600706713780919,0.5201721152480171
esm3_small,e5,s100,0,plots_500,plots,500,250524/4_ic50,250524/4_ic50/plots_500/e5_s100/pred-esm3_small_fold0.csv,250524/4_ic50/plots_500/e5_s100/pred-esm3_small_fold0.csv,/home/hwjang/project/250524/4_ic50/plots_500/e5_s100/pred-esm3_small_fold0.csv,250524/4_ic50/plots_500/e5_s100/pred-esm3_small_fold0.csv,0.37134,0.49118,dataset/ic50/test.csv,0.8361277979500058,0.7410188775025175,0.6649076517150396,0.7666431095406361,0.4882060715393896
esm3_small,e5,s100,1,plots_500,plots,500,250524/4_ic50,250524/4_ic50/plots_500/e5_s100/pred-esm3_small_fold1.csv,250524/4_ic50/plots_500/e5_s100/pred-esm3_small_fold1.csv,/home/hwjang/project/250524/4_ic50/plots_500/e5_s100/pred-esm3_small_fold1.csv,250524/4_ic50/plots_500/e5_s100/pred-esm3_small_fold1.csv,0.34791,0.46506,dataset/ic50/test.csv,0.8442156114284967,0.7521228543803309,0.6885182311869666,0.7730035335689046,0.5099816421097292
esm3_small,e5,s100,2,plots_500,plots,500,250524/4_ic50,250524/4_ic50/plots_500/e5_s100/pred-esm3_small_fold2.csv,250524/4_ic50/plots_500/e5_s100/pred-esm3_small_fold2.csv,/home/hwjang/project/250524/4_ic50/plots_500/e5_s100/pred-esm3_small_fold2.csv,250524/4_ic50/plots_500/e5_s100/pred-esm3_small_fold2.csv,0.31028,0.47187,dataset/ic50/test.csv,0.8357968580894077,0.738208924497086,0.6871460113276375,0.7696819787985866,0.5049262652164964
esm3_small,e5,s100,3,plots_500,plots,500,250524/4_ic50,250524/4_ic50/plots_500/e5_s100/pred-esm3_small_fold3.csv,250524/4_ic50/plots_500/e5_s100/pred-esm3_small_fold3.csv,/home/hwjang/project/250524/4_ic50/plots_500/e5_s100/pred-esm3_small_fold3.csv,250524/4_ic50/plots_500/e5_s100/pred-esm3_small_fold3.csv,0.38884,0.48461,dataset/ic50/test.csv,0.8369825789057702,0.7417705985089185,0.6567539267015707,0.768339222614841,0.4879200707076314
esm3_small,e5,s100,4,plots_500,plots,500,250524/4_ic50,250524/4_ic50/plots_500/e5_s100/pred-esm3_small_fold4.csv,250524/4_ic50/plots_500/e5_s100/pred-esm3_small_fold4.csv,/home/hwjang/project/250524/4_ic50/plots_500/e5_s100/pred-esm3_small_fold4.csv,250524/4_ic50/plots_500/e5_s100/pred-esm3_small_fold4.csv,0.35913,0.48123,dataset/ic50/test.csv,0.8409899912529638,0.7491807687310656,0.6822577462009078,0.7724381625441696,0.5054776680578359
esm3_small,e5,s128,0,plots_1000,plots,1000,250524/4_ic50,250524/4_ic50/plots_1000/e5_s128/pred-esm3_small_fold0.csv,250524/4_ic50/plots_1000/e5_s128/pred-esm3_small_fold0.csv,/home/hwjang/project/250524/4_ic50/plots_1000/e5_s128/pred-esm3_small_fold0.csv,250524/4_ic50/plots_1000/e5_s128/pred-esm3_small_fold0.csv,-0.56043,0.52024,dataset/ic50/test.csv,0.8268037415501182,0.7948059547981772,0.7273986304531815,0.7496113074204948,0.4958766763972021
esm3_small,e5,s128,1,plots_1000,plots,1000,250524/4_ic50,250524/4_ic50/plots_1000/e5_s128/pred-esm3_small_fold1.csv,250524/4_ic50/plots_1000/e5_s128/pred-esm3_small_fold1.csv,/home/hwjang/project/250524/4_ic50/plots_1000/e5_s128/pred-esm3_small_fold1.csv,250524/4_ic50/plots_1000/e5_s128/pred-esm3_small_fold1.csv,0.16068,0.496,dataset/ic50/test.csv,0.8316025254005447,0.8010544642178061,0.716312625250501,0.7498939929328622,0.4948668911000492
esm3_small,e5,s128,2,plots_1000,plots,1000,250524/4_ic50,250524/4_ic50/plots_1000/e5_s128/pred-esm3_small_fold2.csv,250524/4_ic50/plots_1000/e5_s128/pred-esm3_small_fold2.csv,/home/hwjang/project/250524/4_ic50/plots_1000/e5_s128/pred-esm3_small_fold2.csv,250524/4_ic50/plots_1000/e5_s128/pred-esm3_small_fold2.csv,-0.58682,0.5059,dataset/ic50/test.csv,0.8301013005541342,0.7965724456743568,0.7425210572175428,0.7493992932862191,0.502803985368511
esm3_small,e5,s128,3,plots_1000,plots,1000,250524/4_ic50,250524/4_ic50/plots_1000/e5_s128/pred-esm3_small_fold3.csv,250524/4_ic50/plots_1000/e5_s128/pred-esm3_small_fold3.csv,/home/hwjang/project/250524/4_ic50/plots_1000/e5_s128/pred-esm3_small_fold3.csv,250524/4_ic50/plots_1000/e5_s128/pred-esm3_small_fold3.csv,-0.33972,0.51426,dataset/ic50/test.csv,0.8278846930142282,0.7928002222749633,0.7305770104497955,0.7485512367491166,0.4951432105277423
esm3_small,e5,s128,4,plots_1000,plots,1000,250524/4_ic50,250524/4_ic50/plots_1000/e5_s128/pred-esm3_small_fold4.csv,250524/4_ic50/plots_1000/e5_s128/pred-esm3_small_fold4.csv,/home/hwjang/project/250524/4_ic50/plots_1000/e5_s128/pred-esm3_small_fold4.csv,250524/4_ic50/plots_1000/e5_s128/pred-esm3_small_fold4.csv,0.04591,0.50333,dataset/ic50/test.csv,0.8337302140678624,0.8021321794526362,0.7338784325825363,0.7561837455830389,0.5089336924562963
esm3_small,e5,s128,0,plots_500,plots,500,250524/4_ic50,250524/4_ic50/plots_500/e5_s128/pred-esm3_small_fold0.csv,250524/4_ic50/plots_500/e5_s128/pred-esm3_small_fold0.csv,/home/hwjang/project/250524/4_ic50/plots_500/e5_s128/pred-esm3_small_fold0.csv,250524/4_ic50/plots_500/e5_s128/pred-esm3_small_fold0.csv,0.31798,0.49577,dataset/ic50/test.csv,0.8326452271337812,0.7359234931961401,0.6863860447478195,0.7662190812720848,0.5003124460874556
esm3_small,e5,s128,1,plots_500,plots,500,250524/4_ic50,250524/4_ic50/plots_500/e5_s128/pred-esm3_small_fold1.csv,250524/4_ic50/plots_500/e5_s128/pred-esm3_small_fold1.csv,/home/hwjang/project/250524/4_ic50/plots_500/e5_s128/pred-esm3_small_fold1.csv,250524/4_ic50/plots_500/e5_s128/pred-esm3_small_fold1.csv,0.31785,0.47027,dataset/ic50/test.csv,0.8398049696659259,0.7459299040096208,0.6859894077997111,0.7695406360424029,0.5039656283065397
esm3_small,e5,s128,2,plots_500,plots,500,250524/4_ic50,250524/4_ic50/plots_500/e5_s128/pred-esm3_small_fold2.csv,250524/4_ic50/plots_500/e5_s128/pred-esm3_small_fold2.csv,/home/hwjang/project/250524/4_ic50/plots_500/e5_s128/pred-esm3_small_fold2.csv,250524/4_ic50/plots_500/e5_s128/pred-esm3_small_fold2.csv,0.38947,0.46768,dataset/ic50/test.csv,0.8403145249681238,0.7453467590152989,0.660560117919562,0.7721554770318021,0.4959412891812875
esm3_small,e5,s128,3,plots_500,plots,500,250524/4_ic50,250524/4_ic50/plots_500/e5_s128/pred-esm3_small_fold3.csv,250524/4_ic50/plots_500/e5_s128/pred-esm3_small_fold3.csv,/home/hwjang/project/250524/4_ic50/plots_500/e5_s128/pred-esm3_small_fold3.csv,250524/4_ic50/plots_500/e5_s128/pred-esm3_small_fold3.csv,0.35004,0.48976,dataset/ic50/test.csv,0.8330562986749669,0.735118418663341,0.6708136851610315,0.7681272084805654,0.4932440848256157
esm3_small,e5,s128,4,plots_500,plots,500,250524/4_ic50,250524/4_ic50/plots_500/e5_s128/pred-esm3_small_fold4.csv,250524/4_ic50/plots_500/e5_s128/pred-esm3_small_fold4.csv,/home/hwjang/project/250524/4_ic50/plots_500/e5_s128/pred-esm3_small_fold4.csv,250524/4_ic50/plots_500/e5_s128/pred-esm3_small_fold4.csv,0.35932,0.48513,dataset/ic50/test.csv,0.8401841025630434,0.7465754191150383,0.6907913532044567,0.7705300353356891,0.5085149984939561
esm3_small,e5,s42,0,plots_1000,plots,1000,250524/4_ic50,250524/4_ic50/plots_1000/e5_s42/pred-esm3_small_fold0.csv,250524/4_ic50/plots_1000/e5_s42/pred-esm3_small_fold0.csv,/home/hwjang/project/250524/4_ic50/plots_1000/e5_s42/pred-esm3_small_fold0.csv,250524/4_ic50/plots_1000/e5_s42/pred-esm3_small_fold0.csv,-1.08243,0.51859,dataset/ic50/test.csv,0.8279917093507082,0.7947263667735249,0.7378539493293592,0.7513780918727915,0.5026964582710928
esm3_small,e5,s42,1,plots_1000,plots,1000,250524/4_ic50,250524/4_ic50/plots_1000/e5_s42/pred-esm3_small_fold1.csv,250524/4_ic50/plots_1000/e5_s42/pred-esm3_small_fold1.csv,/home/hwjang/project/250524/4_ic50/plots_1000/e5_s42/pred-esm3_small_fold1.csv,250524/4_ic50/plots_1000/e5_s42/pred-esm3_small_fold1.csv,-1.7819,0.49722,dataset/ic50/test.csv,0.83176499035556,0.8001019027972948,0.7376190124732452,0.7487632508833922,0.4987997017777267
esm3_small,e5,s42,2,plots_1000,plots,1000,250524/4_ic50,250524/4_ic50/plots_1000/e5_s42/pred-esm3_small_fold2.csv,250524/4_ic50/plots_1000/e5_s42/pred-esm3_small_fold2.csv,/home/hwjang/project/250524/4_ic50/plots_1000/e5_s42/pred-esm3_small_fold2.csv,250524/4_ic50/plots_1000/e5_s42/pred-esm3_small_fold2.csv,-0.13926,0.50093,dataset/ic50/test.csv,0.8382596473306995,0.8057848088403644,0.7418987629961297,0.7596466431095407,0.5172225473369967
esm3_small,e5,s42,3,plots_1000,plots,1000,250524/4_ic50,250524/4_ic50/plots_1000/e5_s42/pred-esm3_small_fold3.csv,250524/4_ic50/plots_1000/e5_s42/pred-esm3_small_fold3.csv,/home/hwjang/project/250524/4_ic50/plots_1000/e5_s42/pred-esm3_small_fold3.csv,250524/4_ic50/plots_1000/e5_s42/pred-esm3_small_fold3.csv,-0.3662,0.51676,dataset/ic50/test.csv,0.8392686211592532,0.8087950229191341,0.7402727482856922,0.7617667844522968,0.520255327429122
esm3_small,e5,s42,4,plots_1000,plots,1000,250524/4_ic50,250524/4_ic50/plots_1000/e5_s42/pred-esm3_small_fold4.csv,250524/4_ic50/plots_1000/e5_s42/pred-esm3_small_fold4.csv,/home/hwjang/project/250524/4_ic50/plots_1000/e5_s42/pred-esm3_small_fold4.csv,250524/4_ic50/plots_1000/e5_s42/pred-esm3_small_fold4.csv,-0.3659,0.50625,dataset/ic50/test.csv,0.8255048362958713,0.7942337937160235,0.7280429684544973,0.7459363957597173,0.4899909575762501
esm3_small,e5,s42,0,plots_500,plots,500,250524/4_ic50,250524/4_ic50/plots_500/e5_s42/pred-esm3_small_fold0.csv,250524/4_ic50/plots_500/e5_s42/pred-esm3_small_fold0.csv,/home/hwjang/project/250524/4_ic50/plots_500/e5_s42/pred-esm3_small_fold0.csv,250524/4_ic50/plots_500/e5_s42/pred-esm3_small_fold0.csv,0.32315,0.49202,dataset/ic50/test.csv,0.8452312043715214,0.7505777096998698,0.6995507300636465,0.7731448763250883,0.518170614740278
esm3_small,e5,s42,1,plots_500,plots,500,250524/4_ic50,250524/4_ic50/plots_500/e5_s42/pred-esm3_small_fold1.csv,250524/4_ic50/plots_500/e5_s42/pred-esm3_small_fold1.csv,/home/hwjang/project/250524/4_ic50/plots_500/e5_s42/pred-esm3_small_fold1.csv,250524/4_ic50/plots_500/e5_s42/pred-esm3_small_fold1.csv,0.31278,0.46966,dataset/ic50/test.csv,0.8383681717351972,0.7430867139032172,0.6887354582426937,0.7674204946996467,0.5034389648298601
esm3_small,e5,s42,2,plots_500,plots,500,250524/4_ic50,250524/4_ic50/plots_500/e5_s42/pred-esm3_small_fold2.csv,250524/4_ic50/plots_500/e5_s42/pred-esm3_small_fold2.csv,/home/hwjang/project/250524/4_ic50/plots_500/e5_s42/pred-esm3_small_fold2.csv,250524/4_ic50/plots_500/e5_s42/pred-esm3_small_fold2.csv,0.3609,0.46976,dataset/ic50/test.csv,0.8375399830085123,0.7428612416876543,0.6882977686836208,0.7739222614840989,0.5110350778275612
esm3_small,e5,s42,3,plots_500,plots,500,250524/4_ic50,250524/4_ic50/plots_500/e5_s42/pred-esm3_small_fold3.csv,250524/4_ic50/plots_500/e5_s42/pred-esm3_small_fold3.csv,/home/hwjang/project/250524/4_ic50/plots_500/e5_s42/pred-esm3_small_fold3.csv,250524/4_ic50/plots_500/e5_s42/pred-esm3_small_fold3.csv,0.34166,0.49189,dataset/ic50/test.csv,0.8430611407842522,0.7485214528815349,0.6960756230306503,0.7750530035335689,0.5176202763291037
esm3_small,e5,s42,4,plots_500,plots,500,250524/4_ic50,250524/4_ic50/plots_500/e5_s42/pred-esm3_small_fold4.csv,250524/4_ic50/plots_500/e5_s42/pred-esm3_small_fold4.csv,/home/hwjang/project/250524/4_ic50/plots_500/e5_s42/pred-esm3_small_fold4.csv,250524/4_ic50/plots_500/e5_s42/pred-esm3_small_fold4.csv,0.37457,0.48306,dataset/ic50/test.csv,0.8410923476686962,0.7472281169825329,0.687208398133748,0.7725795053003534,0.5086046568902739
esmc_large,e5,s100,0,plots_1000,plots,1000,260830/2_ic50,260830/2_ic50/plots_1000/e5_s100/pred-esmc_large_fold0.csv,260830/2_ic50/plots_1000/e5_s100/pred-esmc_large_fold0.csv,/home/hwjang/project/260830/2_ic50/plots_1000/e5_s100/pred-esmc_large_fold0.csv,260830/2_ic50/plots_1000/e5_s100/pred-esmc_large_fold0.csv,-0.27796,0.5298,dataset/ic50/test.csv,0.8325781898413909,0.800638784022702,0.7274988341364838,0.752226148409894,0.500495576977196
esmc_large,e5,s100,1,plots_1000,plots,1000,260830/2_ic50,260830/2_ic50/plots_1000/e5_s100/pred-esmc_large_fold1.csv,260830/2_ic50/plots_1000/e5_s100/pred-esmc_large_fold1.csv,/home/hwjang/project/260830/2_ic50/plots_1000/e5_s100/pred-esmc_large_fold1.csv,260830/2_ic50/plots_1000/e5_s100/pred-esmc_large_fold1.csv,-0.15699,0.51202,dataset/ic50/test.csv,0.8275971042046945,0.7988165049910434,0.7219871493496317,0.7492579505300353,0.4941101291923753
esmc_large,e5,s100,2,plots_1000,plots,1000,260830/2_ic50,260830/2_ic50/plots_1000/e5_s100/pred-esmc_large_fold2.csv,260830/2_ic50/plots_1000/e5_s100/pred-esmc_large_fold2.csv,/home/hwjang/project/260830/2_ic50/plots_1000/e5_s100/pred-esmc_large_fold2.csv,260830/2_ic50/plots_1000/e5_s100/pred-esmc_large_fold2.csv,8.09806,0.51784,dataset/ic50/test.csv,0.8264800885167068,0.7972259840353364,0.7344641029390262,0.743321554770318,0.4893967358225089
esmc_large,e5,s100,3,plots_1000,plots,1000,260830/2_ic50,260830/2_ic50/plots_1000/e5_s100/pred-esmc_large_fold3.csv,260830/2_ic50/plots_1000/e5_s100/pred-esmc_large_fold3.csv,/home/hwjang/project/260830/2_ic50/plots_1000/e5_s100/pred-esmc_large_fold3.csv,260830/2_ic50/plots_1000/e5_s100/pred-esmc_large_fold3.csv,0.01452,0.5197,dataset/ic50/test.csv,0.8266967352677848,0.7942000712407413,0.7178229570445376,0.7479151943462897,0.4910640705032268
esmc_large,e5,s100,4,plots_1000,plots,1000,260830/2_ic50,260830/2_ic50/plots_1000/e5_s100/pred-esmc_large_fold4.csv,260830/2_ic50/plots_1000/e5_s100/pred-esmc_large_fold4.csv,/home/hwjang/project/260830/2_ic50/plots_1000/e5_s100/pred-esmc_large_fold4.csv,260830/2_ic50/plots_1000/e5_s100/pred-esmc_large_fold4.csv,-1.47594,0.50688,dataset/ic50/test.csv,0.8297994248022725,0.8013747189703873,0.7251735704813168,0.7510247349823321,0.4978812801238789
esmc_large,e5,s100,0,plots_500,plots,500,260830/2_ic50,260830/2_ic50/plots_500/e5_s100/pred-esmc_large_fold0.csv,260830/2_ic50/plots_500/e5_s100/pred-esmc_large_fold0.csv,/home/hwjang/project/260830/2_ic50/plots_500/e5_s100/pred-esmc_large_fold0.csv,260830/2_ic50/plots_500/e5_s100/pred-esmc_large_fold0.csv,0.32759,0.49501,dataset/ic50/test.csv,0.829991361398204,0.7301731761072552,0.6670681521630031,0.7655830388692579,0.4875967593178127
esmc_large,e5,s100,1,plots_500,plots,500,260830/2_ic50,260830/2_ic50/plots_500/e5_s100/pred-esmc_large_fold1.csv,260830/2_ic50/plots_500/e5_s100/pred-esmc_large_fold1.csv,/home/hwjang/project/260830/2_ic50/plots_500/e5_s100/pred-esmc_large_fold1.csv,260830/2_ic50/plots_500/e5_s100/pred-esmc_large_fold1.csv,0.33076,0.47978,dataset/ic50/test.csv,0.8337847235131071,0.736074755329363,0.6597445748105077,0.7684098939929329,0.4890480028110316
esmc_large,e5,s100,2,plots_500,plots,500,260830/2_ic50,260830/2_ic50/plots_500/e5_s100/pred-esmc_large_fold2.csv,260830/2_ic50/plots_500/e5_s100/pred-esmc_large_fold2.csv,/home/hwjang/project/260830/2_ic50/plots_500/e5_s100/pred-esmc_large_fold2.csv,260830/2_ic50/plots_500/e5_s100/pred-esmc_large_fold2.csv,0.32141,0.49614,dataset/ic50/test.csv,0.808626258784902,0.7089541652286566,0.6529054979456075,0.7492579505300353,0.4568216952397878
esmc_large,e5,s100,3,plots_500,plots,500,260830/2_ic50,260830/2_ic50/plots_500/e5_s100/pred-esmc_large_fold3.csv,260830/2_ic50/plots_500/e5_s100/pred-esmc_large_fold3.csv,/home/hwjang/project/260830/2_ic50/plots_500/e5_s100/pred-esmc_large_fold3.csv,260830/2_ic50/plots_500/e5_s100/pred-esmc_large_fold3.csv,0.33204,0.49365,dataset/ic50/test.csv,0.82964693179033,0.7322618714775505,0.6724529046257027,0.7653003533568905,0.490037278678035
esmc_large,e5,s100,4,plots_500,plots,500,260830/2_ic50,260830/2_ic50/plots_500/e5_s100/pred-esmc_large_fold4.csv,260830/2_ic50/plots_500/e5_s100/pred-esmc_large_fold4.csv,/home/hwjang/project/260830/2_ic50/plots_500/e5_s100/pred-esmc_large_fold4.csv,260830/2_ic50/plots_500/e5_s100/pred-esmc_large_fold4.csv,0.28786,0.49746,dataset/ic50/test.csv,0.8317877675918353,0.734919389552848,0.6600639636851336,0.7671378091872791,0.4870083718206736
esmc_large,e5,s128,0,plots_1000,plots,1000,260830/2_ic50,260830/2_ic50/plots_1000/e5_s128/pred-esmc_large_fold0.csv,260830/2_ic50/plots_1000/e5_s128/pred-esmc_large_fold0.csv,/home/hwjang/project/260830/2_ic50/plots_1000/e5_s128/pred-esmc_large_fold0.csv,260830/2_ic50/plots_1000/e5_s128/pred-esmc_large_fold0.csv,0.00651,0.53621,dataset/ic50/test.csv,0.8166381748908748,0.7846840747256794,0.7081705858907932,0.7412720848056538,0.4774298464435919
esmc_large,e5,s128,1,plots_1000,plots,1000,260830/2_ic50,260830/2_ic50/plots_1000/e5_s128/pred-esmc_large_fold1.csv,260830/2_ic50/plots_1000/e5_s128/pred-esmc_large_fold1.csv,/home/hwjang/project/260830/2_ic50/plots_1000/e5_s128/pred-esmc_large_fold1.csv,260830/2_ic50/plots_1000/e5_s128/pred-esmc_large_fold1.csv,-0.08217,0.52726,dataset/ic50/test.csv,0.8280117372107486,0.7975191078565944,0.7146182869069599,0.7487632508833922,0.4925639404025466
esmc_large,e5,s128,2,plots_1000,plots,1000,260830/2_ic50,260830/2_ic50/plots_1000/e5_s128/pred-esmc_large_fold2.csv,260830/2_ic50/plots_1000/e5_s128/pred-esmc_large_fold2.csv,/home/hwjang/project/260830/2_ic50/plots_1000/e5_s128/pred-esmc_large_fold2.csv,260830/2_ic50/plots_1000/e5_s128/pred-esmc_large_fold2.csv,-45.40543,0.51831,dataset/ic50/test.csv,0.8207158451842398,0.7925946415484804,0.7265934394380931,0.7414134275618375,0.4823378843204118
esmc_large,e5,s128,3,plots_1000,plots,1000,260830/2_ic50,260830/2_ic50/plots_1000/e5_s128/pred-esmc_large_fold3.csv,260830/2_ic50/plots_1000/e5_s128/pred-esmc_large_fold3.csv,/home/hwjang/project/260830/2_ic50/plots_1000/e5_s128/pred-esmc_large_fold3.csv,260830/2_ic50/plots_1000/e5_s128/pred-esmc_large_fold3.csv,-2.48873,0.51972,dataset/ic50/test.csv,0.8234002621116021,0.7954393288504327,0.7221366995073891,0.7448763250883392,0.4863147260224305
esmc_large,e5,s128,4,plots_1000,plots,1000,260830/2_ic50,260830/2_ic50/plots_1000/e5_s128/pred-esmc_large_fold4.csv,260830/2_ic50/plots_1000/e5_s128/pred-esmc_large_fold4.csv,/home/hwjang/project/260830/2_ic50/plots_1000/e5_s128/pred-esmc_large_fold4.csv,260830/2_ic50/plots_1000/e5_s128/pred-esmc_large_fold4.csv,-0.31162,0.51554,dataset/ic50/test.csv,0.823860691755449,0.7945935535444486,0.7158578101496319,0.7463604240282685,0.4878949507324433
esmc_large,e5,s128,0,plots_500,plots,500,260830/2_ic50,260830/2_ic50/plots_500/e5_s128/pred-esmc_large_fold0.csv,260830/2_ic50/plots_500/e5_s128/pred-esmc_large_fold0.csv,/home/hwjang/project/260830/2_ic50/plots_500/e5_s128/pred-esmc_large_fold0.csv,260830/2_ic50/plots_500/e5_s128/pred-esmc_large_fold0.csv,0.32612,0.50755,dataset/ic50/test.csv,0.8195611619547647,0.7221352738359171,0.6592099959693671,0.7609893992932862,0.4768631740770613
esmc_large,e5,s128,1,plots_500,plots,500,260830/2_ic50,260830/2_ic50/plots_500/e5_s128/pred-esmc_large_fold1.csv,260830/2_ic50/plots_500/e5_s128/pred-esmc_large_fold1.csv,/home/hwjang/project/260830/2_ic50/plots_500/e5_s128/pred-esmc_large_fold1.csv,260830/2_ic50/plots_500/e5_s128/pred-esmc_large_fold1.csv,0.3499,0.49148,dataset/ic50/test.csv,0.8280311203951554,0.7326427480904346,0.653056973231955,0.7645936395759717,0.4801333005504509
esmc_large,e5,s128,2,plots_500,plots,500,260830/2_ic50,260830/2_ic50/plots_500/e5_s128/pred-esmc_large_fold2.csv,260830/2_ic50/plots_500/e5_s128/pred-esmc_large_fold2.csv,/home/hwjang/project/260830/2_ic50/plots_500/e5_s128/pred-esmc_large_fold2.csv,260830/2_ic50/plots_500/e5_s128/pred-esmc_large_fold2.csv,0.25278,0.48551,dataset/ic50/test.csv,0.8293539869754876,0.7361825388609977,0.6822173954103314,0.7621908127208481,0.4926285523558419
esmc_large,e5,s128,3,plots_500,plots,500,260830/2_ic50,260830/2_ic50/plots_500/e5_s128/pred-esmc_large_fold3.csv,260830/2_ic50/plots_500/e5_s128/pred-esmc_large_fold3.csv,/home/hwjang/project/260830/2_ic50/plots_500/e5_s128/pred-esmc_large_fold3.csv,260830/2_ic50/plots_500/e5_s128/pred-esmc_large_fold3.csv,0.38992,0.50684,dataset/ic50/test.csv,0.8215614956915426,0.7236592663498319,0.6371434698691829,0.7608480565371025,0.4685666894207371
esmc_large,e5,s128,4,plots_500,plots,500,260830/2_ic50,260830/2_ic50/plots_500/e5_s128/pred-esmc_large_fold4.csv,260830/2_ic50/plots_500/e5_s128/pred-esmc_large_fold4.csv,/home/hwjang/project/260830/2_ic50/plots_500/e5_s128/pred-esmc_large_fold4.csv,260830/2_ic50/plots_500/e5_s128/pred-esmc_large_fold4.csv,0.39528,0.50194,dataset/ic50/test.csv,0.8205882330160855,0.7249041149682346,0.6364898046332871,0.7593639575971731,0.4656088383157598
esmc_large,e5,s42,0,plots_1000,plots,1000,260830/2_ic50,260830/2_ic50/plots_1000/e5_s42/pred-esmc_large_fold0.csv,260830/2_ic50/plots_1000/e5_s42/pred-esmc_large_fold0.csv,/home/hwjang/project/260830/2_ic50/plots_1000/e5_s42/pred-esmc_large_fold0.csv,260830/2_ic50/plots_1000/e5_s42/pred-esmc_large_fold0.csv,-0.14492,0.52845,dataset/ic50/test.csv,0.8276025535521552,0.7970706451128498,0.7054421215325796,0.7440989399293286,0.4831478002514684
esmc_large,e5,s42,1,plots_1000,plots,1000,260830/2_ic50,260830/2_ic50/plots_1000/e5_s42/pred-esmc_large_fold1.csv,260830/2_ic50/plots_1000/e5_s42/pred-esmc_large_fold1.csv,/home/hwjang/project/260830/2_ic50/plots_1000/e5_s42/pred-esmc_large_fold1.csv,260830/2_ic50/plots_1000/e5_s42/pred-esmc_large_fold1.csv,-1.09534,0.51515,dataset/ic50/test.csv,0.8317076515574628,0.8012644058062313,0.7247579529737206,0.7468551236749117,0.490426004800226
esmc_large,e5,s42,2,plots_1000,plots,1000,260830/2_ic50,260830/2_ic50/plots_1000/e5_s42/pred-esmc_large_fold2.csv,260830/2_ic50/plots_1000/e5_s42/pred-esmc_large_fold2.csv,/home/hwjang/project/260830/2_ic50/plots_1000/e5_s42/pred-esmc_large_fold2.csv,260830/2_ic50/plots_1000/e5_s42/pred-esmc_large_fold2.csv,-0.15967,0.51635,dataset/ic50/test.csv,0.8230721550912439,0.7947266734206497,0.7214058004820776,0.7467844522968198,0.4894986403741899
esmc_large,e5,s42,3,plots_1000,plots,1000,260830/2_ic50,260830/2_ic50/plots_1000/e5_s42/pred-esmc_large_fold3.csv,260830/2_ic50/plots_1000/e5_s42/pred-esmc_large_fold3.csv,/home/hwjang/project/260830/2_ic50/plots_1000/e5_s42/pred-esmc_large_fold3.csv,260830/2_ic50/plots_1000/e5_s42/pred-esmc_large_fold3.csv,-28.43372,0.52287,dataset/ic50/test.csv,0.8185123784139484,0.7867757992430608,0.7273676360924684,0.7416254416961131,0.48302419637028
esmc_large,e5,s42,4,plots_1000,plots,1000,260830/2_ic50,260830/2_ic50/plots_1000/e5_s42/pred-esmc_large_fold4.csv,260830/2_ic50/plots_1000/e5_s42/pred-esmc_large_fold4.csv,/home/hwjang/project/260830/2_ic50/plots_1000/e5_s42/pred-esmc_large_fold4.csv,260830/2_ic50/plots_1000/e5_s42/pred-esmc_large_fold4.csv,0.10036,0.52225,dataset/ic50/test.csv,0.820599619249468,0.7904616583986741,0.6937830687830688,0.7382332155477032,0.4715564243502423
esmc_large,e5,s42,0,plots_500,plots,500,260830/2_ic50,260830/2_ic50/plots_500/e5_s42/pred-esmc_large_fold0.csv,260830/2_ic50/plots_500/e5_s42/pred-esmc_large_fold0.csv,/home/hwjang/project/260830/2_ic50/plots_500/e5_s42/pred-esmc_large_fold0.csv,260830/2_ic50/plots_500/e5_s42/pred-esmc_large_fold0.csv,0.27192,0.51044,dataset/ic50/test.csv,0.830637406264544,0.7342586737925004,0.6798795297775188,0.7671378091872791,0.4969429860612245
esmc_large,e5,s42,1,plots_500,plots,500,260830/2_ic50,260830/2_ic50/plots_500/e5_s42/pred-esmc_large_fold1.csv,260830/2_ic50/plots_500/e5_s42/pred-esmc_large_fold1.csv,/home/hwjang/project/260830/2_ic50/plots_500/e5_s42/pred-esmc_large_fold1.csv,260830/2_ic50/plots_500/e5_s42/pred-esmc_large_fold1.csv,0.35414,0.48623,dataset/ic50/test.csv,0.8275461241783088,0.7300942159544579,0.6589960289176255,0.763321554770318,0.4803678153343478
esmc_large,e5,s42,2,plots_500,plots,500,260830/2_ic50,260830/2_ic50/plots_500/e5_s42/pred-esmc_large_fold2.csv,260830/2_ic50/plots_500/e5_s42/pred-esmc_large_fold2.csv,/home/hwjang/project/260830/2_ic50/plots_500/e5_s42/pred-esmc_large_fold2.csv,260830/2_ic50/plots_500/e5_s42/pred-esmc_large_fold2.csv,0.34346,0.48366,dataset/ic50/test.csv,0.825382020176359,0.735085879240626,0.6660063391442155,0.7616961130742049,0.4814033399291001
esmc_large,e5,s42,3,plots_500,plots,500,260830/2_ic50,260830/2_ic50/plots_500/e5_s42/pred-esmc_large_fold3.csv,260830/2_ic50/plots_500/e5_s42/pred-esmc_large_fold3.csv,/home/hwjang/project/260830/2_ic50/plots_500/e5_s42/pred-esmc_large_fold3.csv,260830/2_ic50/plots_500/e5_s42/pred-esmc_large_fold3.csv,0.38994,0.50061,dataset/ic50/test.csv,0.8172039630855109,0.7194087978169056,0.6366143402630462,0.7578798586572438,0.4629200398401147
esmc_large,e5,s42,4,plots_500,plots,500,260830/2_ic50,260830/2_ic50/plots_500/e5_s42/pred-esmc_large_fold4.csv,260830/2_ic50/plots_500/e5_s42/pred-esmc_large_fold4.csv,/home/hwjang/project/260830/2_ic50/plots_500/e5_s42/pred-esmc_large_fold4.csv,260830/2_ic50/plots_500/e5_s42/pred-esmc_large_fold4.csv,0.37245,0.50169,dataset/ic50/test.csv,0.82615716429075,0.7328057627028498,0.6456560563084358,0.7616254416961131,0.4724554832903523
esmc_medium,e5,s100,0,plots_1000,plots,1000,260830/2_ic50,260830/2_ic50/plots_1000/e5_s100/pred-esmc_medium_fold0.csv,260830/2_ic50/plots_1000/e5_s100/pred-esmc_medium_fold0.csv,/home/hwjang/project/260830/2_ic50/plots_1000/e5_s100/pred-esmc_medium_fold0.csv,260830/2_ic50/plots_1000/e5_s100/pred-esmc_medium_fold0.csv,-0.07775,0.51602,dataset/ic50/test.csv,0.8413725518781396,0.8139777818374274,0.7397536220655458,0.7626148409893992,0.521619234651224
esmc_medium,e5,s100,1,plots_1000,plots,1000,260830/2_ic50,260830/2_ic50/plots_1000/e5_s100/pred-esmc_medium_fold1.csv,260830/2_ic50/plots_1000/e5_s100/pred-esmc_medium_fold1.csv,/home/hwjang/project/260830/2_ic50/plots_1000/e5_s100/pred-esmc_medium_fold1.csv,260830/2_ic50/plots_1000/e5_s100/pred-esmc_medium_fold1.csv,-2.04527,0.49628,dataset/ic50/test.csv,0.8349788184266367,0.8053032380428936,0.7417721518987341,0.7549116607773851,0.5098869348704929
esmc_medium,e5,s100,2,plots_1000,plots,1000,260830/2_ic50,260830/2_ic50/plots_1000/e5_s100/pred-esmc_medium_fold2.csv,260830/2_ic50/plots_1000/e5_s100/pred-esmc_medium_fold2.csv,/home/hwjang/project/260830/2_ic50/plots_1000/e5_s100/pred-esmc_medium_fold2.csv,260830/2_ic50/plots_1000/e5_s100/pred-esmc_medium_fold2.csv,-4.95355,0.50304,dataset/ic50/test.csv,0.8350563761135594,0.8056567483578445,0.7436669358983773,0.7532862190812721,0.5086777925583228
esmc_medium,e5,s100,3,plots_1000,plots,1000,260830/2_ic50,260830/2_ic50/plots_1000/e5_s100/pred-esmc_medium_fold3.csv,260830/2_ic50/plots_1000/e5_s100/pred-esmc_medium_fold3.csv,/home/hwjang/project/260830/2_ic50/plots_1000/e5_s100/pred-esmc_medium_fold3.csv,260830/2_ic50/plots_1000/e5_s100/pred-esmc_medium_fold3.csv,0.03116,0.50921,dataset/ic50/test.csv,0.8341565501005666,0.8036861228728236,0.7306583560576548,0.7556890459363957,0.5073552669200189
esmc_medium,e5,s100,4,plots_1000,plots,1000,260830/2_ic50,260830/2_ic50/plots_1000/e5_s100/pred-esmc_medium_fold4.csv,260830/2_ic50/plots_1000/e5_s100/pred-esmc_medium_fold4.csv,/home/hwjang/project/260830/2_ic50/plots_1000/e5_s100/pred-esmc_medium_fold4.csv,260830/2_ic50/plots_1000/e5_s100/pred-esmc_medium_fold4.csv,-0.3858,0.51277,dataset/ic50/test.csv,0.8362711985397357,0.8069052850420511,0.7352963671128107,0.7554063604240283,0.5080050171150753
esmc_medium,e5,s100,0,plots_500,plots,500,260830/2_ic50,260830/2_ic50/plots_500/e5_s100/pred-esmc_medium_fold0.csv,260830/2_ic50/plots_500/e5_s100/pred-esmc_medium_fold0.csv,/home/hwjang/project/260830/2_ic50/plots_500/e5_s100/pred-esmc_medium_fold0.csv,260830/2_ic50/plots_500/e5_s100/pred-esmc_medium_fold0.csv,0.40109,0.49326,dataset/ic50/test.csv,0.8331911100887304,0.7386958606170411,0.6496856016199509,0.7677031802120141,0.4847248547045585
esmc_medium,e5,s100,1,plots_500,plots,500,260830/2_ic50,260830/2_ic50/plots_500/e5_s100/pred-esmc_medium_fold1.csv,260830/2_ic50/plots_500/e5_s100/pred-esmc_medium_fold1.csv,/home/hwjang/project/260830/2_ic50/plots_500/e5_s100/pred-esmc_medium_fold1.csv,260830/2_ic50/plots_500/e5_s100/pred-esmc_medium_fold1.csv,0.35897,0.46953,dataset/ic50/test.csv,0.8379112630224469,0.7452742002323671,0.6808210907627289,0.7758303886925795,0.509703268046223
esmc_medium,e5,s100,2,plots_500,plots,500,260830/2_ic50,260830/2_ic50/plots_500/e5_s100/pred-esmc_medium_fold2.csv,260830/2_ic50/plots_500/e5_s100/pred-esmc_medium_fold2.csv,/home/hwjang/project/260830/2_ic50/plots_500/e5_s100/pred-esmc_medium_fold2.csv,260830/2_ic50/plots_500/e5_s100/pred-esmc_medium_fold2.csv,0.35791,0.47487,dataset/ic50/test.csv,0.8375456198726051,0.7428256307603716,0.6780065652044166,0.7712367491166078,0.5014693890096945
esmc_medium,e5,s100,3,plots_500,plots,500,260830/2_ic50,260830/2_ic50/plots_500/e5_s100/pred-esmc_medium_fold3.csv,260830/2_ic50/plots_500/e5_s100/pred-esmc_medium_fold3.csv,/home/hwjang/project/260830/2_ic50/plots_500/e5_s100/pred-esmc_medium_fold3.csv,260830/2_ic50/plots_500/e5_s100/pred-esmc_medium_fold3.csv,0.32909,0.48802,dataset/ic50/test.csv,0.8329474448052039,0.7371712885131948,0.6841395259202159,0.768339222614841,0.5012366805066027
esmc_medium,e5,s100,4,plots_500,plots,500,260830/2_ic50,260830/2_ic50/plots_500/e5_s100/pred-esmc_medium_fold4.csv,260830/2_ic50/plots_500/e5_s100/pred-esmc_medium_fold4.csv,/home/hwjang/project/260830/2_ic50/plots_500/e5_s100/pred-esmc_medium_fold4.csv,260830/2_ic50/plots_500/e5_s100/pred-esmc_medium_fold4.csv,0.38182,0.48982,dataset/ic50/test.csv,0.836279713588784,0.7438111531959213,0.6734512399960478,0.7664310954063605,0.4921716560990525
esmc_medium,e5,s128,0,plots_1000,plots,1000,260830/2_ic50,260830/2_ic50/plots_1000/e5_s128/pred-esmc_medium_fold0.csv,260830/2_ic50/plots_1000/e5_s128/pred-esmc_medium_fold0.csv,/home/hwjang/project/260830/2_ic50/plots_1000/e5_s128/pred-esmc_medium_fold0.csv,260830/2_ic50/plots_1000/e5_s128/pred-esmc_medium_fold0.csv,-0.22772,0.51118,dataset/ic50/test.csv,0.8332037387349571,0.8036607624898056,0.7355144473322122,0.7554770318021201,0.508191537504105
esmc_medium,e5,s128,1,plots_1000,plots,1000,260830/2_ic50,260830/2_ic50/plots_1000/e5_s128/pred-esmc_medium_fold1.csv,260830/2_ic50/plots_1000/e5_s128/pred-esmc_medium_fold1.csv,/home/hwjang/project/260830/2_ic50/plots_1000/e5_s128/pred-esmc_medium_fold1.csv,260830/2_ic50/plots_1000/e5_s128/pred-esmc_medium_fold1.csv,-0.46653,0.49609,dataset/ic50/test.csv,0.8296376736916664,0.797036194508042,0.7305425881992806,0.7511660777385158,0.4994242453063499
esmc_medium,e5,s128,2,plots_1000,plots,1000,260830/2_ic50,260830/2_ic50/plots_1000/e5_s128/pred-esmc_medium_fold2.csv,260830/2_ic50/plots_1000/e5_s128/pred-esmc_medium_fold2.csv,/home/hwjang/project/260830/2_ic50/plots_1000/e5_s128/pred-esmc_medium_fold2.csv,260830/2_ic50/plots_1000/e5_s128/pred-esmc_medium_fold2.csv,-0.17511,0.50575,dataset/ic50/test.csv,0.8328968057473524,0.8015294036429652,0.735372239508234,0.7535689045936396,0.5050075957254669
esmc_medium,e5,s128,3,plots_1000,plots,1000,260830/2_ic50,260830/2_ic50/plots_1000/e5_s128/pred-esmc_medium_fold3.csv,260830/2_ic50/plots_1000/e5_s128/pred-esmc_medium_fold3.csv,/home/hwjang/project/260830/2_ic50/plots_1000/e5_s128/pred-esmc_medium_fold3.csv,260830/2_ic50/plots_1000/e5_s128/pred-esmc_medium_fold3.csv,0.03099,0.50475,dataset/ic50/test.csv,0.8402141332144263,0.8124996640776145,0.7357237715803453,0.7609187279151943,0.5177878779336048
esmc_medium,e5,s128,4,plots_1000,plots,1000,260830/2_ic50,260830/2_ic50/plots_1000/e5_s128/pred-esmc_medium_fold4.csv,260830/2_ic50/plots_1000/e5_s128/pred-esmc_medium_fold4.csv,/home/hwjang/project/260830/2_ic50/plots_1000/e5_s128/pred-esmc_medium_fold4.csv,260830/2_ic50/plots_1000/e5_s128/pred-esmc_medium_fold4.csv,0.23424,0.51113,dataset/ic50/test.csv,0.8319814159154124,0.801690334555408,0.7106557377049181,0.7505300353356891,0.4964641321897175
esmc_medium,e5,s128,0,plots_500,plots,500,260830/2_ic50,260830/2_ic50/plots_500/e5_s128/pred-esmc_medium_fold0.csv,260830/2_ic50/plots_500/e5_s128/pred-esmc_medium_fold0.csv,/home/hwjang/project/260830/2_ic50/plots_500/e5_s128/pred-esmc_medium_fold0.csv,260830/2_ic50/plots_500/e5_s128/pred-esmc_medium_fold0.csv,0.38429,0.48835,dataset/ic50/test.csv,0.8375419085784983,0.7442670619678811,0.6811121005243891,0.772226148409894,0.5045466888757009
esmc_medium,e5,s128,1,plots_500,plots,500,260830/2_ic50,260830/2_ic50/plots_500/e5_s128/pred-esmc_medium_fold1.csv,260830/2_ic50/plots_500/e5_s128/pred-esmc_medium_fold1.csv,/home/hwjang/project/260830/2_ic50/plots_500/e5_s128/pred-esmc_medium_fold1.csv,260830/2_ic50/plots_500/e5_s128/pred-esmc_medium_fold1.csv,0.39051,0.47136,dataset/ic50/test.csv,0.837583754764226,0.7452115231655219,0.6564482029598309,0.7703180212014135,0.4914060823742037
esmc_medium,e5,s128,2,plots_500,plots,500,260830/2_ic50,260830/2_ic50/plots_500/e5_s128/pred-esmc_medium_fold2.csv,260830/2_ic50/plots_500/e5_s128/pred-esmc_medium_fold2.csv,/home/hwjang/project/260830/2_ic50/plots_500/e5_s128/pred-esmc_medium_fold2.csv,260830/2_ic50/plots_500/e5_s128/pred-esmc_medium_fold2.csv,0.38725,0.47368,dataset/ic50/test.csv,0.840845993041614,0.748225684708343,0.6750660434870961,0.7739929328621908,0.5042560166239272
esmc_medium,e5,s128,3,plots_500,plots,500,260830/2_ic50,260830/2_ic50/plots_500/e5_s128/pred-esmc_medium_fold3.csv,260830/2_ic50/plots_500/e5_s128/pred-esmc_medium_fold3.csv,/home/hwjang/project/260830/2_ic50/plots_500/e5_s128/pred-esmc_medium_fold3.csv,260830/2_ic50/plots_500/e5_s128/pred-esmc_medium_fold3.csv,0.35942,0.48346,dataset/ic50/test.csv,0.8386162475421551,0.7463116413708232,0.6837474620516292,0.7688339222614841,0.5015954025699018
esmc_medium,e5,s128,4,plots_500,plots,500,260830/2_ic50,260830/2_ic50/plots_500/e5_s128/pred-esmc_medium_fold4.csv,260830/2_ic50/plots_500/e5_s128/pred-esmc_medium_fold4.csv,/home/hwjang/project/260830/2_ic50/plots_500/e5_s128/pred-esmc_medium_fold4.csv,260830/2_ic50/plots_500/e5_s128/pred-esmc_medium_fold4.csv,0.37197,0.48861,dataset/ic50/test.csv,0.8310179483776847,0.7366041794882922,0.6727720334810439,0.7651590106007067,0.4900239627788919
esmc_medium,e5,s42,0,plots_1000,plots,1000,260830/2_ic50,260830/2_ic50/plots_1000/e5_s42/pred-esmc_medium_fold0.csv,260830/2_ic50/plots_1000/e5_s42/pred-esmc_medium_fold0.csv,/home/hwjang/project/260830/2_ic50/plots_1000/e5_s42/pred-esmc_medium_fold0.csv,260830/2_ic50/plots_1000/e5_s42/pred-esmc_medium_fold0.csv,-3.52191,0.51597,dataset/ic50/test.csv,0.8406497693327415,0.8132111209743187,0.7486741308190925,0.7588692579505301,0.5193813883389059
esmc_medium,e5,s42,1,plots_1000,plots,1000,260830/2_ic50,260830/2_ic50/plots_1000/e5_s42/pred-esmc_medium_fold1.csv,260830/2_ic50/plots_1000/e5_s42/pred-esmc_medium_fold1.csv,/home/hwjang/project/260830/2_ic50/plots_1000/e5_s42/pred-esmc_medium_fold1.csv,260830/2_ic50/plots_1000/e5_s42/pred-esmc_medium_fold1.csv,-0.07955,0.49449,dataset/ic50/test.csv,0.8369810313443047,0.8073242938911852,0.7340292926145217,0.7587279151943462,0.5134906811161841
esmc_medium,e5,s42,2,plots_1000,plots,1000,260830/2_ic50,260830/2_ic50/plots_1000/e5_s42/pred-esmc_medium_fold2.csv,260830/2_ic50/plots_1000/e5_s42/pred-esmc_medium_fold2.csv,/home/hwjang/project/260830/2_ic50/plots_1000/e5_s42/pred-esmc_medium_fold2.csv,260830/2_ic50/plots_1000/e5_s42/pred-esmc_medium_fold2.csv,-0.65632,0.50842,dataset/ic50/test.csv,0.8313521469876017,0.8027311009546427,0.7369444860092773,0.7515194346289753,0.5024644861805442
esmc_medium,e5,s42,3,plots_1000,plots,1000,260830/2_ic50,260830/2_ic50/plots_1000/e5_s42/pred-esmc_medium_fold3.csv,260830/2_ic50/plots_1000/e5_s42/pred-esmc_medium_fold3.csv,/home/hwjang/project/260830/2_ic50/plots_1000/e5_s42/pred-esmc_medium_fold3.csv,260830/2_ic50/plots_1000/e5_s42/pred-esmc_medium_fold3.csv,-0.93549,0.50933,dataset/ic50/test.csv,0.8335202935408643,0.8033816597040057,0.7405768237810725,0.7514487632508834,0.5042775151573082
esmc_medium,e5,s42,4,plots_1000,plots,1000,260830/2_ic50,260830/2_ic50/plots_1000/e5_s42/pred-esmc_medium_fold4.csv,260830/2_ic50/plots_1000/e5_s42/pred-esmc_medium_fold4.csv,/home/hwjang/project/260830/2_ic50/plots_1000/e5_s42/pred-esmc_medium_fold4.csv,260830/2_ic50/plots_1000/e5_s42/pred-esmc_medium_fold4.csv,-0.67074,0.50902,dataset/ic50/test.csv,0.8374267216092266,0.8097039413658196,0.7441929720071471,0.7571731448763251,0.514445463923057
esmc_medium,e5,s42,0,plots_500,plots,500,260830/2_ic50,260830/2_ic50/plots_500/e5_s42/pred-esmc_medium_fold0.csv,260830/2_ic50/plots_500/e5_s42/pred-esmc_medium_fold0.csv,/home/hwjang/project/260830/2_ic50/plots_500/e5_s42/pred-esmc_medium_fold0.csv,260830/2_ic50/plots_500/e5_s42/pred-esmc_medium_fold0.csv,0.34702,0.48969,dataset/ic50/test.csv,0.8385719917046016,0.7454682650037823,0.681091811414392,0.7729328621908127,0.5055421960384386
esmc_medium,e5,s42,1,plots_500,plots,500,260830/2_ic50,260830/2_ic50/plots_500/e5_s42/pred-esmc_medium_fold1.csv,260830/2_ic50/plots_500/e5_s42/pred-esmc_medium_fold1.csv,/home/hwjang/project/260830/2_ic50/plots_500/e5_s42/pred-esmc_medium_fold1.csv,260830/2_ic50/plots_500/e5_s42/pred-esmc_medium_fold1.csv,0.35118,0.46834,dataset/ic50/test.csv,0.8450126467994316,0.7546021005917535,0.6829219546317578,0.7757597173144877,0.5106112704257102
esmc_medium,e5,s42,2,plots_500,plots,500,260830/2_ic50,260830/2_ic50/plots_500/e5_s42/pred-esmc_medium_fold2.csv,260830/2_ic50/plots_500/e5_s42/pred-esmc_medium_fold2.csv,/home/hwjang/project/260830/2_ic50/plots_500/e5_s42/pred-esmc_medium_fold2.csv,260830/2_ic50/plots_500/e5_s42/pred-esmc_medium_fold2.csv,0.35535,0.47861,dataset/ic50/test.csv,0.8338316364220938,0.7374076296844423,0.6769321883328397,0.7686925795053003,0.4972737213665386
esmc_medium,e5,s42,3,plots_500,plots,500,260830/2_ic50,260830/2_ic50/plots_500/e5_s42/pred-esmc_medium_fold3.csv,260830/2_ic50/plots_500/e5_s42/pred-esmc_medium_fold3.csv,/home/hwjang/project/260830/2_ic50/plots_500/e5_s42/pred-esmc_medium_fold3.csv,260830/2_ic50/plots_500/e5_s42/pred-esmc_medium_fold3.csv,0.33877,0.48977,dataset/ic50/test.csv,0.8329932712193939,0.7372531204017546,0.6787584869059166,0.7659363957597173,0.4946847436149774
esmc_medium,e5,s42,4,plots_500,plots,500,260830/2_ic50,260830/2_ic50/plots_500/e5_s42/pred-esmc_medium_fold4.csv,260830/2_ic50/plots_500/e5_s42/pred-esmc_medium_fold4.csv,/home/hwjang/project/260830/2_ic50/plots_500/e5_s42/pred-esmc_medium_fold4.csv,260830/2_ic50/plots_500/e5_s42/pred-esmc_medium_fold4.csv,0.37775,0.49203,dataset/ic50/test.csv,0.8386903335784293,0.7460376759944394,0.677454581554651,0.7703886925795053,0.4999564339028772
esmc_small,e5,s100,0,plots_1000,plots,1000,250516/7_ic50_etc,250516/7_ic50_etc/plots_1000/e5_s100/pred-esmc_small_fold0.csv,250516/7_ic50_etc/plots_1000/e5_s100/pred-esmc_small_fold0.csv,/home/hwjang/project/250516/7_ic50_etc/plots_1000/e5_s100/pred-esmc_small_fold0.csv,250516/7_ic50_etc/plots_1000/e5_s100/pred-esmc_small_fold0.csv,-0.15322,0.51361,dataset/ic50/test.csv,0.8359231642008035,0.8013181517801933,0.7433335837151657,0.7585159010600707,0.5160352499574086
esmc_small,e5,s100,1,plots_1000,plots,1000,250516/7_ic50_etc,250516/7_ic50_etc/plots_1000/e5_s100/pred-esmc_small_fold1.csv,250516/7_ic50_etc/plots_1000/e5_s100/pred-esmc_small_fold1.csv,/home/hwjang/project/250516/7_ic50_etc/plots_1000/e5_s100/pred-esmc_small_fold1.csv,250516/7_ic50_etc/plots_1000/e5_s100/pred-esmc_small_fold1.csv,-0.21092,0.49618,dataset/ic50/test.csv,0.8359782508700607,0.8049189448219916,0.7442307692307693,0.7556183745583039,0.5122369846182641
esmc_small,e5,s100,2,plots_1000,plots,1000,250516/7_ic50_etc,250516/7_ic50_etc/plots_1000/e5_s100/pred-esmc_small_fold2.csv,250516/7_ic50_etc/plots_1000/e5_s100/pred-esmc_small_fold2.csv,/home/hwjang/project/250516/7_ic50_etc/plots_1000/e5_s100/pred-esmc_small_fold2.csv,250516/7_ic50_etc/plots_1000/e5_s100/pred-esmc_small_fold2.csv,-0.58075,0.50346,dataset/ic50/test.csv,0.8330814803122214,0.7987302995128016,0.7404444444444445,0.7523674911660777,0.5054994210869942
esmc_small,e5,s100,3,plots_1000,plots,1000,250516/7_ic50_etc,250516/7_ic50_etc/plots_1000/e5_s100/pred-esmc_small_fold3.csv,250516/7_ic50_etc/plots_1000/e5_s100/pred-esmc_small_fold3.csv,/home/hwjang/project/250516/7_ic50_etc/plots_1000/e5_s100/pred-esmc_small_fold3.csv,250516/7_ic50_etc/plots_1000/e5_s100/pred-esmc_small_fold3.csv,-0.07236,0.51009,dataset/ic50/test.csv,0.8248270762189772,0.791865317499068,0.7239386701594884,0.7467844522968198,0.4900838845888061
esmc_small,e5,s100,4,plots_1000,plots,1000,250516/7_ic50_etc,250516/7_ic50_etc/plots_1000/e5_s100/pred-esmc_small_fold4.csv,250516/7_ic50_etc/plots_1000/e5_s100/pred-esmc_small_fold4.csv,/home/hwjang/project/250516/7_ic50_etc/plots_1000/e5_s100/pred-esmc_small_fold4.csv,250516/7_ic50_etc/plots_1000/e5_s100/pred-esmc_small_fold4.csv,-0.83947,0.51039,dataset/ic50/test.csv,0.8379366980875504,0.8078700143997277,0.7495208609759694,0.7598586572438163,0.5212533331558774
esmc_small,e5,s100,0,plots_500,plots,500,250516/7_ic50_etc,250516/7_ic50_etc/plots_500/e5_s100/pred-esmc_small_fold0.csv,250516/7_ic50_etc/plots_500/e5_s100/pred-esmc_small_fold0.csv,/home/hwjang/project/250516/7_ic50_etc/plots_500/e5_s100/pred-esmc_small_fold0.csv,250516/7_ic50_etc/plots_500/e5_s100/pred-esmc_small_fold0.csv,0.3579,0.48719,dataset/ic50/test.csv,0.8357135744981727,0.7410019110105656,0.6743333002874987,0.7678445229681978,0.4946482564140412
esmc_small,e5,s100,1,plots_500,plots,500,250516/7_ic50_etc,250516/7_ic50_etc/plots_500/e5_s100/pred-esmc_small_fold1.csv,250516/7_ic50_etc/plots_500/e5_s100/pred-esmc_small_fold1.csv,/home/hwjang/project/250516/7_ic50_etc/plots_500/e5_s100/pred-esmc_small_fold1.csv,250516/7_ic50_etc/plots_500/e5_s100/pred-esmc_small_fold1.csv,0.33467,0.46926,dataset/ic50/test.csv,0.8425168176485653,0.7473618933971261,0.6854008276393032,0.7689752650176679,0.5028713954058027
esmc_small,e5,s100,2,plots_500,plots,500,250516/7_ic50_etc,250516/7_ic50_etc/plots_500/e5_s100/pred-esmc_small_fold2.csv,250516/7_ic50_etc/plots_500/e5_s100/pred-esmc_small_fold2.csv,/home/hwjang/project/250516/7_ic50_etc/plots_500/e5_s100/pred-esmc_small_fold2.csv,250516/7_ic50_etc/plots_500/e5_s100/pred-esmc_small_fold2.csv,0.38599,0.47704,dataset/ic50/test.csv,0.8363072847389177,0.7394089556573336,0.658723580605056,0.767208480565371,0.4866295189726228
esmc_small,e5,s100,3,plots_500,plots,500,250516/7_ic50_etc,250516/7_ic50_etc/plots_500/e5_s100/pred-esmc_small_fold3.csv,250516/7_ic50_etc/plots_500/e5_s100/pred-esmc_small_fold3.csv,/home/hwjang/project/250516/7_ic50_etc/plots_500/e5_s100/pred-esmc_small_fold3.csv,250516/7_ic50_etc/plots_500/e5_s100/pred-esmc_small_fold3.csv,0.37521,0.49056,dataset/ic50/test.csv,0.8367787481789917,0.7399279082721618,0.6556628257033116,0.7655830388692579,0.4827543895090171
esmc_small,e5,s100,4,plots_500,plots,500,250516/7_ic50_etc,250516/7_ic50_etc/plots_500/e5_s100/pred-esmc_small_fold4.csv,250516/7_ic50_etc/plots_500/e5_s100/pred-esmc_small_fold4.csv,/home/hwjang/project/250516/7_ic50_etc/plots_500/e5_s100/pred-esmc_small_fold4.csv,250516/7_ic50_etc/plots_500/e5_s100/pred-esmc_small_fold4.csv,0.35715,0.48269,dataset/ic50/test.csv,0.8327526933022695,0.739961065950846,0.6790570282695881,0.7681272084805654,0.4977355238594026
esmc_small,e5,s128,0,plots_1000,plots,1000,250516/7_ic50_etc,250516/7_ic50_etc/plots_1000/e5_s128/pred-esmc_small_fold0.csv,250516/7_ic50_etc/plots_1000/e5_s128/pred-esmc_small_fold0.csv,/home/hwjang/project/250516/7_ic50_etc/plots_1000/e5_s128/pred-esmc_small_fold0.csv,250516/7_ic50_etc/plots_1000/e5_s128/pred-esmc_small_fold0.csv,-0.47587,0.51526,dataset/ic50/test.csv,0.8307243459651956,0.7967400159483912,0.7344735841885215,0.7531448763250883,0.5039956554876925
esmc_small,e5,s128,1,plots_1000,plots,1000,250516/7_ic50_etc,250516/7_ic50_etc/plots_1000/e5_s128/pred-esmc_small_fold1.csv,250516/7_ic50_etc/plots_1000/e5_s128/pred-esmc_small_fold1.csv,/home/hwjang/project/250516/7_ic50_etc/plots_1000/e5_s128/pred-esmc_small_fold1.csv,250516/7_ic50_etc/plots_1000/e5_s128/pred-esmc_small_fold1.csv,-1.49646,0.49552,dataset/ic50/test.csv,0.8405888311501591,0.8098303418852955,0.7531460345332163,0.7615547703180212,0.5258615766203133
esmc_small,e5,s128,2,plots_1000,plots,1000,250516/7_ic50_etc,250516/7_ic50_etc/plots_1000/e5_s128/pred-esmc_small_fold2.csv,250516/7_ic50_etc/plots_1000/e5_s128/pred-esmc_small_fold2.csv,/home/hwjang/project/250516/7_ic50_etc/plots_1000/e5_s128/pred-esmc_small_fold2.csv,250516/7_ic50_etc/plots_1000/e5_s128/pred-esmc_small_fold2.csv,-0.32636,0.50366,dataset/ic50/test.csv,0.8305392089095825,0.7964277955980619,0.7363395225464191,0.7541342756183745,0.506277886120063
esmc_small,e5,s128,3,plots_1000,plots,1000,250516/7_ic50_etc,250516/7_ic50_etc/plots_1000/e5_s128/pred-esmc_small_fold3.csv,250516/7_ic50_etc/plots_1000/e5_s128/pred-esmc_small_fold3.csv,/home/hwjang/project/250516/7_ic50_etc/plots_1000/e5_s128/pred-esmc_small_fold3.csv,250516/7_ic50_etc/plots_1000/e5_s128/pred-esmc_small_fold3.csv,-0.23323,0.50487,dataset/ic50/test.csv,0.8298218958199384,0.7942739503349989,0.7313649195086595,0.7511660777385158,0.499684572236534
esmc_small,e5,s128,4,plots_1000,plots,1000,250516/7_ic50_etc,250516/7_ic50_etc/plots_1000/e5_s128/pred-esmc_small_fold4.csv,250516/7_ic50_etc/plots_1000/e5_s128/pred-esmc_small_fold4.csv,/home/hwjang/project/250516/7_ic50_etc/plots_1000/e5_s128/pred-esmc_small_fold4.csv,250516/7_ic50_etc/plots_1000/e5_s128/pred-esmc_small_fold4.csv,0.01383,0.50585,dataset/ic50/test.csv,0.8347192404695489,0.8014229211143985,0.7314657173812104,0.7547703180212014,0.505877673157608
esmc_small,e5,s128,0,plots_500,plots,500,250516/7_ic50_etc,250516/7_ic50_etc/plots_500/e5_s128/pred-esmc_small_fold0.csv,250516/7_ic50_etc/plots_500/e5_s128/pred-esmc_small_fold0.csv,/home/hwjang/project/250516/7_ic50_etc/plots_500/e5_s128/pred-esmc_small_fold0.csv,250516/7_ic50_etc/plots_500/e5_s128/pred-esmc_small_fold0.csv,0.35551,0.49192,dataset/ic50/test.csv,0.8316320330852081,0.7344733983413123,0.6759195003469812,0.7689752650176679,0.4971142002885274
esmc_small,e5,s128,1,plots_500,plots,500,250516/7_ic50_etc,250516/7_ic50_etc/plots_500/e5_s128/pred-esmc_small_fold1.csv,250516/7_ic50_etc/plots_500/e5_s128/pred-esmc_small_fold1.csv,/home/hwjang/project/250516/7_ic50_etc/plots_500/e5_s128/pred-esmc_small_fold1.csv,250516/7_ic50_etc/plots_500/e5_s128/pred-esmc_small_fold1.csv,0.28176,0.47085,dataset/ic50/test.csv,0.8407343637693012,0.7454070993641952,0.6944627865295727,0.7710954063604241,0.5119154552362082
esmc_small,e5,s128,2,plots_500,plots,500,250516/7_ic50_etc,250516/7_ic50_etc/plots_500/e5_s128/pred-esmc_small_fold2.csv,250516/7_ic50_etc/plots_500/e5_s128/pred-esmc_small_fold2.csv,/home/hwjang/project/250516/7_ic50_etc/plots_500/e5_s128/pred-esmc_small_fold2.csv,250516/7_ic50_etc/plots_500/e5_s128/pred-esmc_small_fold2.csv,0.33855,0.46631,dataset/ic50/test.csv,0.8436261288358216,0.7519666433071321,0.6805153300709078,0.7739222614840989,0.5066845415290471
esmc_small,e5,s128,3,plots_500,plots,500,250516/7_ic50_etc,250516/7_ic50_etc/plots_500/e5_s128/pred-esmc_small_fold3.csv,250516/7_ic50_etc/plots_500/e5_s128/pred-esmc_small_fold3.csv,/home/hwjang/project/250516/7_ic50_etc/plots_500/e5_s128/pred-esmc_small_fold3.csv,250516/7_ic50_etc/plots_500/e5_s128/pred-esmc_small_fold3.csv,0.39031,0.48496,dataset/ic50/test.csv,0.8350746940430652,0.7393255095111141,0.6460459183673469,0.7646643109540636,0.4780759217671877
esmc_small,e5,s128,4,plots_500,plots,500,250516/7_ic50_etc,250516/7_ic50_etc/plots_500/e5_s128/pred-esmc_small_fold4.csv,250516/7_ic50_etc/plots_500/e5_s128/pred-esmc_small_fold4.csv,/home/hwjang/project/250516/7_ic50_etc/plots_500/e5_s128/pred-esmc_small_fold4.csv,250516/7_ic50_etc/plots_500/e5_s128/pred-esmc_small_fold4.csv,0.29573,0.48335,dataset/ic50/test.csv,0.8437262369603412,0.7537359184513562,0.7023423757059531,0.772791519434629,0.5201868766652515
esmc_small,e5,s42,0,plots_1000,plots,1000,250516/7_ic50_etc,250516/7_ic50_etc/plots_1000/e5_s42/pred-esmc_small_fold0.csv,250516/7_ic50_etc/plots_1000/e5_s42/pred-esmc_small_fold0.csv,/home/hwjang/project/250516/7_ic50_etc/plots_1000/e5_s42/pred-esmc_small_fold0.csv,250516/7_ic50_etc/plots_1000/e5_s42/pred-esmc_small_fold0.csv,-0.23875,0.515,dataset/ic50/test.csv,0.8360676623958326,0.8040930892568147,0.738145896656535,0.7564664310954063,0.5107080821930468
esmc_small,e5,s42,1,plots_1000,plots,1000,250516/7_ic50_etc,250516/7_ic50_etc/plots_1000/e5_s42/pred-esmc_small_fold1.csv,250516/7_ic50_etc/plots_1000/e5_s42/pred-esmc_small_fold1.csv,/home/hwjang/project/250516/7_ic50_etc/plots_1000/e5_s42/pred-esmc_small_fold1.csv,250516/7_ic50_etc/plots_1000/e5_s42/pred-esmc_small_fold1.csv,0.00269,0.49456,dataset/ic50/test.csv,0.8401221679354162,0.8092698423125038,0.7321832799937553,0.7575265017667845,0.5109746307064379
esmc_small,e5,s42,2,plots_1000,plots,1000,250516/7_ic50_etc,250516/7_ic50_etc/plots_1000/e5_s42/pred-esmc_small_fold2.csv,250516/7_ic50_etc/plots_1000/e5_s42/pred-esmc_small_fold2.csv,/home/hwjang/project/250516/7_ic50_etc/plots_1000/e5_s42/pred-esmc_small_fold2.csv,250516/7_ic50_etc/plots_1000/e5_s42/pred-esmc_small_fold2.csv,-1.23705,0.49896,dataset/ic50/test.csv,0.8376261456071674,0.8055541267015727,0.747069664577958,0.7575265017667845,0.5165625265888755
esmc_small,e5,s42,3,plots_1000,plots,1000,250516/7_ic50_etc,250516/7_ic50_etc/plots_1000/e5_s42/pred-esmc_small_fold3.csv,250516/7_ic50_etc/plots_1000/e5_s42/pred-esmc_small_fold3.csv,/home/hwjang/project/250516/7_ic50_etc/plots_1000/e5_s42/pred-esmc_small_fold3.csv,250516/7_ic50_etc/plots_1000/e5_s42/pred-esmc_small_fold3.csv,-1.03034,0.5114,dataset/ic50/test.csv,0.8392375940628254,0.8091300929426933,0.7495771125983672,0.7593639575971731,0.5206153480794273
esmc_small,e5,s42,4,plots_1000,plots,1000,250516/7_ic50_etc,250516/7_ic50_etc/plots_1000/e5_s42/pred-esmc_small_fold4.csv,250516/7_ic50_etc/plots_1000/e5_s42/pred-esmc_small_fold4.csv,/home/hwjang/project/250516/7_ic50_etc/plots_1000/e5_s42/pred-esmc_small_fold4.csv,250516/7_ic50_etc/plots_1000/e5_s42/pred-esmc_small_fold4.csv,-0.77371,0.50862,dataset/ic50/test.csv,0.8330407006935852,0.804767034135439,0.7430286174339457,0.7518727915194346,0.5063715128293367
esmc_small,e5,s42,0,plots_500,plots,500,250516/7_ic50_etc,250516/7_ic50_etc/plots_500/e5_s42/pred-esmc_small_fold0.csv,250516/7_ic50_etc/plots_500/e5_s42/pred-esmc_small_fold0.csv,/home/hwjang/project/250516/7_ic50_etc/plots_500/e5_s42/pred-esmc_small_fold0.csv,250516/7_ic50_etc/plots_500/e5_s42/pred-esmc_small_fold0.csv,0.37839,0.48977,dataset/ic50/test.csv,0.8376406290017433,0.7436548055327142,0.6701676429004242,0.7691872791519435,0.4945467947984749
esmc_small,e5,s42,1,plots_500,plots,500,250516/7_ic50_etc,250516/7_ic50_etc/plots_500/e5_s42/pred-esmc_small_fold1.csv,250516/7_ic50_etc/plots_500/e5_s42/pred-esmc_small_fold1.csv,/home/hwjang/project/250516/7_ic50_etc/plots_500/e5_s42/pred-esmc_small_fold1.csv,250516/7_ic50_etc/plots_500/e5_s42/pred-esmc_small_fold1.csv,0.37267,0.46793,dataset/ic50/test.csv,0.8381398357099386,0.7469560404037334,0.6727933750757423,0.7710247349823321,0.4985915017752869
esmc_small,e5,s42,2,plots_500,plots,500,250516/7_ic50_etc,250516/7_ic50_etc/plots_500/e5_s42/pred-esmc_small_fold2.csv,250516/7_ic50_etc/plots_500/e5_s42/pred-esmc_small_fold2.csv,/home/hwjang/project/250516/7_ic50_etc/plots_500/e5_s42/pred-esmc_small_fold2.csv,250516/7_ic50_etc/plots_500/e5_s42/pred-esmc_small_fold2.csv,0.36477,0.47022,dataset/ic50/test.csv,0.8402824679929389,0.7442725377511387,0.6794296540033902,0.772791519434629,0.5044699780204401
esmc_small,e5,s42,3,plots_500,plots,500,250516/7_ic50_etc,250516/7_ic50_etc/plots_500/e5_s42/pred-esmc_small_fold3.csv,250516/7_ic50_etc/plots_500/e5_s42/pred-esmc_small_fold3.csv,/home/hwjang/project/250516/7_ic50_etc/plots_500/e5_s42/pred-esmc_small_fold3.csv,250516/7_ic50_etc/plots_500/e5_s42/pred-esmc_small_fold3.csv,0.31043,0.49472,dataset/ic50/test.csv,0.8326919141379092,0.7352570902970468,0.6866200466200466,0.7624734982332155,0.4964361200617485
esmc_small,e5,s42,4,plots_500,plots,500,250516/7_ic50_etc,250516/7_ic50_etc/plots_500/e5_s42/pred-esmc_small_fold4.csv,250516/7_ic50_etc/plots_500/e5_s42/pred-esmc_small_fold4.csv,/home/hwjang/project/250516/7_ic50_etc/plots_500/e5_s42/pred-esmc_small_fold4.csv,250516/7_ic50_etc/plots_500/e5_s42/pred-esmc_small_fold4.csv,0.31488,0.48502,dataset/ic50/test.csv,0.8355236745710131,0.7409453710959835,0.6845181972468414,0.7635335689045937,0.4958861058622686
